edge_id,avg_vehicle_count,avg_speed_kmh,total_co2_mg,avg_occupancy
-101750899#0,0.0,79.99199999999999,0.0,0.0
-101750899#1,0.0,79.99199999999999,0.0,0.0
-101750913#0,0.0,100.00800000000002,0.0,0.0
-101750913#1,0.0,100.00800000000002,0.0,0.0
-101757243#0,0.0,50.00400000000001,0.0,0.0
-101757243#1,0.0,50.00400000000001,0.0,0.0
-101757252#0,0.0,10.007999999999997,0.0,0.0
-101757252#1,0.0,10.007999999999997,0.0,0.0
-101757273#0,0.0,79.99199999999999,0.0,0.0
-101757273#1,0.0,79.99199999999999,0.0,0.0
-101757288#0,0.0,50.00400000000001,0.0,0.0
-101757288#1,0.0,50.00400000000001,0.0,0.0
-101757291#0,0.0,79.99199999999999,0.0,0.0
-101757291#1,0.0,79.99199999999999,0.0,0.0
-101757302#0,0.0,50.00400000000001,0.0,0.0
-101757302#1,0.0,50.00400000000001,0.0,0.0
-101757306#0,0.0,50.00400000000001,0.0,0.0
-101757306#1,0.0,50.00400000000001,0.0,0.0
-101757312#0,0.0,50.00400000000001,0.0,0.0
-101757312#1,0.0,50.00400000000001,0.0,0.0
-101757321#0,0.0,50.00400000000001,0.0,0.0
-101757321#1,0.0,50.00400000000001,0.0,0.0
-101757323#0,0.0,79.99199999999999,0.0,0.0
-101757323#1,0.0,79.99199999999999,0.0,0.0
-101943113#0,0.0,50.00400000000001,0.0,0.0
-101943113#1,0.0,50.00400000000001,0.0,0.0
-101943118#0,0.0,50.00400000000001,0.0,0.0
-101943118#1,0.0,50.00400000000001,0.0,0.0
-101943121#0,0.0,50.00400000000001,0.0,0.0
-101943121#1,0.0,50.00400000000001,0.0,0.0
-101943122#0,0.0,50.00400000000001,0.0,0.0
-101943122#1,0.0,50.00400000000001,0.0,0.0
-101943123#0,0.0,50.00400000000001,0.0,0.0
-101943123#1,0.0,50.00400000000001,0.0,0.0
-101943124#0,0.0,79.99199999999999,0.0,0.0
-101943124#1,0.0,79.99199999999999,0.0,0.0
-101943131#0,0.0,79.99199999999999,0.0,0.0
-101943131#1,0.0,79.99199999999999,0.0,0.0
-101943132#0,0.0,50.00400000000001,0.0,0.0
-101943132#1,0.0,50.00400000000001,0.0,0.0
-101943134#0,0.0,50.00400000000001,0.0,0.0
-101943134#1,0.0,50.00400000000001,0.0,0.0
-101943135#0,0.0,50.00400000000001,0.0,0.0
-101943135#1,0.0,50.00400000000001,0.0,0.0
-101943138#0,0.0,10.007999999999997,0.0,0.0
-101943138#1,0.0,10.007999999999997,0.0,0.0
-101943140#0,0.0,79.99199999999999,0.0,0.0
-101943140#1,0.0,79.99199999999999,0.0,0.0
-101943144#0,0.3,8.950183790552952,2420.2838722599845,0.04741833508956797
-101943144#1,0.0,10.007999999999997,0.0,0.0
-101943150#0,0.0,50.00400000000001,0.0,0.0
-101943150#1,0.0,50.00400000000001,0.0,0.0
-101943152#0,0.0,50.00400000000001,0.0,0.0
-101943152#1,0.0,50.00400000000001,0.0,0.0
-101943153#0,0.0,79.99199999999999,0.0,0.0
-101943153#1,0.0,79.99199999999999,0.0,0.0
-101943154#0,0.0,50.00400000000001,0.0,0.0
-101943154#1,0.0,50.00400000000001,0.0,0.0
-101943160#0,0.0,79.99199999999999,0.0,0.0
-101943160#1,0.0,79.99199999999999,0.0,0.0
-101943171#0,0.0,50.00400000000001,0.0,0.0
-101943171#1,0.0,50.00400000000001,0.0,0.0
-101943172#0,0.0,50.00400000000001,0.0,0.0
-101943172#1,0.0,50.00400000000001,0.0,0.0
-101943180#0,0.0,50.00400000000001,0.0,0.0
-101943180#1,0.0,50.00400000000001,0.0,0.0
-101966381#0,0.0,10.007999999999997,0.0,0.0
-101966381#1,0.0,10.007999999999997,0.0,0.0
-101966385#0,0.0,50.00400000000001,0.0,0.0
-101966385#1,0.0,50.00400000000001,0.0,0.0
-101966393#0,0.0,50.00400000000001,0.0,0.0
-101966393#1,0.0,50.00400000000001,0.0,0.0
-101966396#0,0.0,50.00400000000001,0.0,0.0
-101966396#1,0.0,50.00400000000001,0.0,0.0
-101966397#0,0.0,50.00400000000001,0.0,0.0
-101966397#1,0.0,50.00400000000001,0.0,0.0
-101966424#0,0.0,50.00400000000001,0.0,0.0
-101966424#1,0.0,50.00400000000001,0.0,0.0
-101966427#0,0.0,50.00400000000001,0.0,0.0
-101966427#1,0.0,50.00400000000001,0.0,0.0
-101966430#0,0.0,50.00400000000001,0.0,0.0
-101966430#1,0.0,50.00400000000001,0.0,0.0
-101966443#0,0.0,79.99199999999999,0.0,0.0
-101966443#1,0.0,79.99199999999999,0.0,0.0
-101966453#0,0.0,50.00400000000001,0.0,0.0
-101966453#1,0.0,50.00400000000001,0.0,0.0
-101966457#0,0.0,50.00400000000001,0.0,0.0
-101966457#1,0.0,50.00400000000001,0.0,0.0
-101966461#0,0.0,50.00400000000001,0.0,0.0
-101966461#1,0.0,50.00400000000001,0.0,0.0
-101966462#0,0.0,50.00400000000001,0.0,0.0
-101966462#1,0.0,50.00400000000001,0.0,0.0
-101966481#0,0.0,50.00400000000001,0.0,0.0
-101966481#1,0.0,50.00400000000001,0.0,0.0
-101966486#0,0.0,10.007999999999997,0.0,0.0
-101966486#1,0.0,10.007999999999997,0.0,0.0
-101966488#0,0.0,50.00400000000001,0.0,0.0
-101966488#1,0.0,50.00400000000001,0.0,0.0
-101966492#0,0.0,50.00400000000001,0.0,0.0
-101966492#1,0.0,50.00400000000001,0.0,0.0
-101966494#0,0.0,50.00400000000001,0.0,0.0
-101966494#1,0.0,50.00400000000001,0.0,0.0
-101966506#0,0.0,50.00400000000001,0.0,0.0
-101966506#1,0.0,50.00400000000001,0.0,0.0
-101966508#0,0.0,50.00400000000001,0.0,0.0
-101966508#1,0.0,50.00400000000001,0.0,0.0
-101972876#0,0.0,50.00400000000001,0.0,0.0
-101972876#1,0.0,50.00400000000001,0.0,0.0
-101972878#0,0.0,50.00400000000001,0.0,0.0
-101972878#1,0.0,50.00400000000001,0.0,0.0
-101972883#0,0.0,50.00400000000001,0.0,0.0
-101972883#1,0.0,50.00400000000001,0.0,0.0
-101972886#0,0.0,50.00400000000001,0.0,0.0
-101972886#1,0.0,50.00400000000001,0.0,0.0
-101972889#0,0.0,10.007999999999997,0.0,0.0
-101972889#1,0.0,10.007999999999997,0.0,0.0
-101972892#0,0.0,50.00400000000001,0.0,0.0
-101972892#1,0.0,50.00400000000001,0.0,0.0
-101972898#0,0.0,50.00400000000001,0.0,0.0
-101972898#1,0.0,50.00400000000001,0.0,0.0
-101972902#0,0.0,50.00400000000001,0.0,0.0
-101972902#1,0.0,50.00400000000001,0.0,0.0
-101972909#0,0.0,50.00400000000001,0.0,0.0
-101972909#1,0.0,50.00400000000001,0.0,0.0
-101972912#0,0.0,50.00400000000001,0.0,0.0
-101972912#1,0.0,50.00400000000001,0.0,0.0
-101972913#0,0.0,50.00400000000001,0.0,0.0
-101972913#1,0.0,50.00400000000001,0.0,0.0
-101972916#0,0.0,10.007999999999997,0.0,0.0
-101972916#1,0.0,10.007999999999997,0.0,0.0
-101972917#0,0.0,10.007999999999997,0.0,0.0
-101972917#1,0.1,9.897126146007844,6716.667444797629,0.010388844367756066
-101972921#0,0.0,50.00400000000001,0.0,0.0
-101972921#1,0.0,50.00400000000001,0.0,0.0
-101972930#0,0.0,10.007999999999997,0.0,0.0
-101972930#1,0.0,10.007999999999997,0.0,0.0
-101972940#0,0.0,50.00400000000001,0.0,0.0
-101972940#1,0.0,50.00400000000001,0.0,0.0
-101972944#0,0.0,50.00400000000001,0.0,0.0
-101972944#1,0.0,50.00400000000001,0.0,0.0
-101972949#0,0.1,37.75503422893565,18807.5526986188,0.03940091792730709
-101972949#1,0.2,36.44030307609698,16050.682144045228,0.08569898232458488
-101972952#0,0.0,50.00400000000001,0.0,0.0
-101972952#1,0.0,50.00400000000001,0.0,0.0
-101972954#0,0.0,50.00400000000001,0.0,0.0
-101972954#1,0.0,50.00400000000001,0.0,0.0
-101972955#0,0.0,50.00400000000001,0.0,0.0
-101972955#1,0.0,50.00400000000001,0.0,0.0
-101972956#0,0.0,50.00400000000001,0.0,0.0
-101972956#1,0.0,50.00400000000001,0.0,0.0
-101972960#0,0.0,50.00400000000001,0.0,0.0
-101972960#1,0.0,50.00400000000001,0.0,0.0
-101972962#0,0.0,50.00400000000001,0.0,0.0
-101972962#1,0.0,50.00400000000001,0.0,0.0
-101972966#0,0.0,50.00400000000001,0.0,0.0
-101972966#1,0.0,50.00400000000001,0.0,0.0
-101972968#0,0.0,10.007999999999997,0.0,0.0
-101972968#1,0.0,10.007999999999997,0.0,0.0
-101999555#0,0.0,79.99199999999999,0.0,0.0
-101999555#1,0.0,79.99199999999999,0.0,0.0
-102004664#0,0.0,10.007999999999997,0.0,0.0
-102004664#1,0.0,10.007999999999997,0.0,0.0
-102004665#0,0.0,10.007999999999997,0.0,0.0
-102004665#1,0.0,10.007999999999997,0.0,0.0
-102015126#0,0.0,79.99199999999999,0.0,0.0
-102015126#1,0.0,79.99199999999999,0.0,0.0
-102015135#0,0.0,79.99199999999999,0.0,0.0
-102015135#1,0.0,79.99199999999999,0.0,0.0
-102015141#0,0.0,50.00400000000001,0.0,0.0
-102015141#1,0.0,50.00400000000001,0.0,0.0
-102015145#0,0.0,50.00400000000001,0.0,0.00022370998475261072
-102015145#1,0.1,46.22136252465356,4020.0196837558096,0.013962068194477437
-102015151#0,0.0,79.99199999999999,0.0,0.0
-102015151#1,0.1,74.74400050665905,5387.943151543141,0.018062397372742203
-102015157#0,0.0,50.00400000000001,0.0,0.0
-102015157#1,0.0,50.00400000000001,0.0,0.0
-102015158#0,0.0,50.00400000000001,0.0,0.0
-102015158#1,0.0,50.00400000000001,0.0,0.0
-102015173#0,0.0,50.00400000000001,0.0,0.0
-102015173#1,0.1,49.26736743471124,1999.2069832759837,0.013270421704511945
-102015185#0,0.0,50.00400000000001,0.0,0.0
-102015185#1,0.0,50.00400000000001,0.0,0.0
-102015187#0,0.1,46.047097079302446,0.0,0.01436976836273474
-102015187#1,0.0,50.00400000000001,0.0,0.0
-102015198#0,0.0,50.00400000000001,0.0,0.0
-102015198#1,0.0,50.00400000000001,0.0,0.0
-102018183#0,0.0,10.007999999999997,0.0,0.0
-102018183#1,0.0,10.007999999999997,0.0,0.0
-102023517#0,0.0,50.00400000000001,0.0,0.0
-102023517#1,0.0,50.00400000000001,0.0,0.0
-102023527#0,0.0,50.00400000000001,0.0,0.0
-102023527#1,0.0,50.00400000000001,0.0,0.0
-102023528#0,0.0,10.007999999999997,0.0,0.0
-102023528#1,0.0,10.007999999999997,0.0,0.0
-102023533#0,0.0,50.00400000000001,0.0,0.0
-102023533#1,0.0,50.00400000000001,0.0,0.0
-102023536#0,0.0,39.995999999999995,0.0,0.0
-102023536#1,0.0,39.995999999999995,0.0,0.0
-102023538#0,0.0,79.99199999999999,0.0,0.0
-102023538#1,0.0,79.99199999999999,0.0,0.0
-102023543#0,0.0,79.99199999999999,0.0,0.0
-102023543#1,0.0,79.99199999999999,0.0,0.0
-102023551#0,0.0,50.00400000000001,0.0,0.0
-102023551#1,0.2,42.27098969456619,5160.584578037806,0.29824682543036335
-102023553#0,0.0,50.00400000000001,0.0,0.0
-102023553#1,0.0,50.00400000000001,0.0,0.0
-102023558#0,0.0,79.99199999999999,0.0,0.0
-102023558#1,0.0,79.99199999999999,0.0,0.0
-102023561#0,0.0,50.00400000000001,0.0,0.0
-102023561#1,0.0,50.00400000000001,0.0,0.0
-102023563#0,0.0,10.007999999999997,0.0,0.0
-102023563#1,0.0,10.007999999999997,0.0,0.0
-102023565#0,0.0,50.00400000000001,0.0,0.0
-102023565#1,0.0,50.00400000000001,0.0,0.0
-102023575#0,0.0,50.00400000000001,0.0,0.0
-102023575#1,0.0,50.00400000000001,0.0,0.0
-102023576#0,0.0,50.00400000000001,0.0,0.0
-102023576#1,0.0,50.00400000000001,0.0,0.0
-102023577#0,0.0,50.00400000000001,0.0,0.0
-102023577#1,0.0,50.00400000000001,0.0,0.0
-102023578#0,0.0,79.99199999999999,0.0,0.0
-102023578#1,0.0,79.99199999999999,0.0,0.0
-102023589#0,0.0,10.007999999999997,0.0,0.0
-102023589#1,0.0,10.007999999999997,0.0,0.0
-102023597#0,0.0,50.00400000000001,0.0,0.0
-102023597#1,0.0,50.00400000000001,0.0,0.0
-102023601#0,0.2,47.12220262077185,7479.5680722152665,0.01631755896372765
-102023601#1,0.0,50.00400000000001,0.0,0.0
-102026426#0,0.0,39.995999999999995,0.0,0.0
-102026426#1,0.0,39.995999999999995,0.0,0.0
-102192896#0,0.0,39.995999999999995,0.0,0.0
-102192896#1,0.0,39.995999999999995,0.0,0.0
-102192901#0,0.0,79.99199999999999,0.0,0.0
-102192901#1,0.0,79.99199999999999,0.0,0.0
-102192907#0,0.0,50.00400000000001,0.0,0.0
-102192907#1,0.0,50.00400000000001,0.0,0.0
-102192909#0,0.0,79.99199999999999,0.0,0.0
-102192909#1,0.0,79.99199999999999,0.0,0.0
-102658954#0,0.0,79.99199999999999,0.0,0.0
-102658954#1,0.0,79.99199999999999,0.0,0.0
-102658955#0,0.0,10.007999999999997,0.0,0.0
-102658955#1,0.0,10.007999999999997,0.0,0.0
-102658958#0,0.0,10.007999999999997,0.0,0.0
-102658958#1,0.0,10.007999999999997,0.0,0.0
-102658960#0,0.0,50.00400000000001,0.0,0.0
-102658960#1,0.0,50.00400000000001,0.0,0.0
-102658961#0,0.0,10.007999999999997,0.0,0.0
-102658961#1,0.0,10.007999999999997,0.0,0.0
-102688627#0,0.0,39.995999999999995,0.0,0.0
-102688627#1,0.0,39.995999999999995,0.0,0.0
-102688629#0,0.0,39.995999999999995,0.0,0.0
-102688629#1,0.0,39.995999999999995,0.0,0.0
-102690989#0,0.0,39.995999999999995,0.0,0.0
-102690989#1,0.0,39.995999999999995,0.0,0.0
-102690990#0,0.0,79.99199999999999,0.0,0.0
-102690990#1,0.0,79.99199999999999,0.0,0.0
-102791560#0,0.0,10.007999999999997,0.0,0.0
-102791560#1,0.0,10.007999999999997,0.0,0.0
-102791562#0,0.0,79.99199999999999,0.0,0.0
-102791562#1,0.0,79.99199999999999,0.0,0.0
-102825250#0,0.0,79.99199999999999,0.0,0.0
-102825250#1,0.0,79.99199999999999,0.0,0.0
-102825255#0,0.6,8.428575220582676,7282.827554461526,0.07135306553911204
-102825255#1,0.0,10.007999999999997,0.0,0.0
-102825261#0,0.0,10.007999999999997,0.0,0.0
-102825261#1,0.0,10.007999999999997,0.0,0.0
-102825266#0,0.0,10.007999999999997,0.0,0.0
-102825266#1,0.0,10.007999999999997,0.0,0.0
-102825267#0,0.0,10.007999999999997,0.0,0.0
-102825267#1,0.0,10.007999999999997,0.0,0.0
-102825269#0,0.0,10.007999999999997,0.0,0.0
-102825269#1,0.0,10.007999999999997,0.0,0.0
-102825271#0,0.0,10.007999999999997,0.0,0.0
-102825271#1,0.0,10.007999999999997,0.0,0.0
-102825272#0,0.0,50.00400000000001,0.0,0.0
-102825272#1,0.0,50.00400000000001,0.0,0.0
-102825273#0,0.0,10.007999999999997,0.0,0.0
-102825273#1,0.0,10.007999999999997,0.0,0.0
-102825275#0,0.0,79.99199999999999,0.0,0.0
-102825275#1,0.0,79.99199999999999,0.0,0.0
-102825277#0,0.0,50.00400000000001,0.0,0.0
-102825277#1,0.0,50.00400000000001,0.0,0.0
-102945905#0,0.0,50.00400000000001,0.0,0.0
-102945905#1,0.0,50.00400000000001,0.0,0.0
-102945908#0,0.0,10.007999999999997,0.0,0.0
-102945908#1,0.0,10.007999999999997,0.0,0.0
-102945909#0,0.0,79.99199999999999,0.0,0.0
-102945909#1,0.0,79.99199999999999,0.0,0.0
-102945910#0,0.0,10.007999999999997,0.0,0.0
-102945910#1,0.0,10.007999999999997,0.0,0.0
-102945911#0,0.0,50.00400000000001,0.0,0.0
-102945911#1,0.0,50.00400000000001,0.0,0.0
-102945912#0,0.0,50.00400000000001,0.0,0.0
-102945912#1,0.0,50.00400000000001,0.0,0.0
-102945913#0,0.0,79.99199999999999,0.0,0.0
-102945913#1,0.0,79.99199999999999,0.0,0.0
-102945914#0,0.0,50.00400000000001,0.0,0.0
-102945914#1,0.0,50.00400000000001,0.0,0.0
-102945915#0,0.0,50.00400000000001,0.0,0.0
-102945915#1,0.0,50.00400000000001,0.0,0.0
-102945916#0,0.0,79.99199999999999,0.0,0.0
-102945916#1,0.0,79.99199999999999,0.0,0.0
-102953442#0,0.0,50.00400000000001,0.0,0.0
-102953442#1,0.0,50.00400000000001,0.0,0.0
-102953446#0,0.0,50.00400000000001,0.0,0.0
-102953446#1,0.0,50.00400000000001,0.0,0.0
-102953452#0,0.0,10.007999999999997,0.0,0.0
-102953452#1,0.0,10.007999999999997,0.0,0.0
-102953455#0,0.0,10.007999999999997,0.0,0.0
-102953455#1,0.0,10.007999999999997,0.0,0.0
-102953465#0,0.0,79.99199999999999,0.0,0.0
-102953465#1,0.0,79.99199999999999,0.0,0.0
-102953469#0,0.0,39.995999999999995,0.0,0.0
-102953469#1,0.0,39.995999999999995,0.0,0.0
-102953474#0,0.0,10.007999999999997,0.0,0.0
-102953474#1,0.0,10.007999999999997,0.0,0.0
-102953478#0,0.0,79.99199999999999,0.0,0.0
-102953478#1,0.0,79.99199999999999,0.0,0.0
-102953483#0,0.0,10.007999999999997,0.0,0.0
-102953483#1,0.0,10.007999999999997,0.0,0.0
-102953484#0,0.0,10.007999999999997,0.0,0.0
-102953484#1,0.0,10.007999999999997,0.0,0.0
-102953487#0,0.0,10.007999999999997,0.0,0.0
-102953487#1,0.0,10.007999999999997,0.0,0.0
-102953489#0,0.0,10.007999999999997,0.0,0.0
-102953489#1,0.0,10.007999999999997,0.0,0.0
-102953495#0,0.0,10.007999999999997,0.0,0.0
-102953495#1,0.0,10.007999999999997,0.0,0.0
-102961695#0,0.0,50.00400000000001,0.0,0.0
-102961695#1,0.0,50.00400000000001,0.0,0.0
-102961705#0,0.0,79.99199999999999,0.0,0.0
-102961705#1,0.0,79.99199999999999,0.0,0.0
-102961708#0,0.0,50.00400000000001,0.0,0.0
-102961708#1,0.0,50.00400000000001,0.0,0.0
-102961717#0,0.0,50.00400000000001,0.0,0.0
-102961717#1,0.0,50.00400000000001,0.0,0.0
-102961724#0,0.0,50.00400000000001,0.0,0.0
-102961724#1,0.0,50.00400000000001,0.0,0.0
-102961744#0,0.0,50.00400000000001,0.0,0.0
-102961744#1,0.0,50.00400000000001,0.0,0.0
-102961758#0,0.0,10.007999999999997,0.0,0.0
-102961758#1,0.0,10.007999999999997,0.0,0.0
-102961785#0,0.0,50.00400000000001,0.0,0.0
-102961785#1,0.0,50.00400000000001,0.0,0.0
-102961791#0,0.0,50.00400000000001,0.0,0.0
-102961791#1,0.0,50.00400000000001,0.0,0.0
-103010074#0,0.0,79.99199999999999,0.0,0.0
-103010074#1,0.0,79.99199999999999,0.0,0.0
-103021788#0,0.0,10.007999999999997,0.0,0.0
-103021788#1,0.0,10.007999999999997,0.0,0.0
-103021802#0,0.0,50.00400000000001,0.0,0.0
-103021802#1,0.0,50.00400000000001,0.0,0.0
-103050318#0,0.0,50.00400000000001,0.0,0.0
-103050318#1,0.0,50.00400000000001,0.0,0.0
-103050320#0,0.0,10.007999999999997,0.0,0.0
-103050320#1,0.0,10.007999999999997,0.0,0.0
-103050326#0,0.0,50.00400000000001,0.0,0.0
-103050326#1,0.0,50.00400000000001,0.0,0.0
-103050328#0,0.0,50.00400000000001,0.0,0.0
-103050328#1,0.0,50.00400000000001,0.0,0.0
-103050330#0,0.0,50.00400000000001,0.0,0.0
-103050330#1,0.0,50.00400000000001,0.0,0.0
-103050337#0,0.0,50.00400000000001,0.0,0.0
-103050337#1,0.3,40.769618551092506,10867.473421851035,0.059471365638766524
-103079270#0,0.0,50.00400000000001,0.0,0.0
-103079270#1,0.0,50.00400000000001,0.0,0.0
-103079277#0,0.0,50.00400000000001,0.0,0.0
-103079277#1,0.0,50.00400000000001,0.0,0.0
-103079292#0,0.0,50.00400000000001,0.0,0.0
-103079292#1,0.0,50.00400000000001,0.0,0.0
-103082290#0,0.0,10.007999999999997,0.0,0.0
-103082290#1,0.0,10.007999999999997,0.0,0.0
-103082294#0,0.0,50.00400000000001,0.0,0.0
-103082294#1,0.0,50.00400000000001,0.0,0.0
-103082296#0,0.0,50.00400000000001,0.0,0.0
-103082296#1,0.0,50.00400000000001,0.0,0.0
-103082298#0,0.0,79.99199999999999,0.0,0.0
-103082298#1,0.0,79.99199999999999,0.0,0.0
-103082300#0,0.0,50.00400000000001,0.0,0.0
-103082300#1,0.0,50.00400000000001,0.0,0.0
-103082301#0,0.0,50.00400000000001,0.0,0.0
-103082301#1,0.0,50.00400000000001,0.0,0.0
-103082303#0,0.0,50.00400000000001,0.0,0.0
-103082303#1,0.0,50.00400000000001,0.0,0.0
-103082306#0,0.0,10.007999999999997,0.0,0.0
-103082306#1,0.0,10.007999999999997,0.0,0.0
-103082309#0,0.0,10.007999999999997,0.0,0.0
-103082309#1,0.0,10.007999999999997,0.0,0.0
-103082310#0,0.0,50.00400000000001,0.0,0.0
-103082310#1,0.0,50.00400000000001,0.0,0.0
-103082313#0,0.0,10.007999999999997,0.0,0.0
-103082313#1,0.0,10.007999999999997,0.0,0.0
-103082314#0,0.0,39.995999999999995,0.0,0.0
-103082314#1,0.0,39.995999999999995,0.0,0.0
-103082316#0,0.0,50.00400000000001,0.0,0.0
-103082316#1,0.0,50.00400000000001,0.0,0.0
-103082318#0,0.0,39.995999999999995,0.0,0.0
-103082318#1,0.0,39.995999999999995,0.0,0.0
-103082323#0,0.3,35.21721979994943,38356.00126225494,0.030456192303670603
-103082323#1,0.0,39.995999999999995,0.0,0.0
-103082324#0,0.0,10.007999999999997,0.0,0.0
-103082324#1,0.0,10.007999999999997,0.0,0.0
-103082325#0,0.0,50.00400000000001,0.0,0.0
-103082325#1,0.0,50.00400000000001,0.0,0.0
-103082326#0,0.0,50.00400000000001,0.0,0.0
-103082326#1,0.0,50.00400000000001,0.0,0.0
-1032034246#0,0.0,39.995999999999995,0.0,0.0
-1032034246#1,0.0,39.995999999999995,0.0,0.0
-103212679#0,0.0,50.00400000000001,0.0,0.0
-103212679#1,0.0,50.00400000000001,0.0,0.0
-103212682#0,0.0,50.00400000000001,0.0,0.0
-103212682#1,0.0,50.00400000000001,0.0,0.0
-103212684#0,0.0,50.00400000000001,0.0,0.0
-103212684#1,0.0,50.00400000000001,0.0,0.0
-103212686#0,0.0,10.007999999999997,0.0,0.0
-103212686#1,0.0,10.007999999999997,0.0,0.0
-103212687#0,0.0,10.007999999999997,0.0,0.0
-103212687#1,0.0,10.007999999999997,0.0,0.0
-103212688#0,0.0,10.007999999999997,0.0,0.0
-103212688#1,0.0,10.007999999999997,0.0,0.0
-103212689#0,0.0,50.00400000000001,0.0,0.015257733234673105
-103212689#1,0.0,50.00400000000001,0.0,0.0
-103212690#0,0.0,10.007999999999997,0.0,0.0
-103212690#1,0.0,10.007999999999997,0.0,0.0
-103212692#0,0.0,50.00400000000001,0.0,0.0
-103212692#1,0.0,50.00400000000001,0.0,0.0
-103212693#0,0.0,50.00400000000001,0.0,0.0
-103212693#1,0.0,50.00400000000001,0.0,0.0
-103212694#0,0.0,50.00400000000001,0.0,0.0
-103212694#1,0.0,50.00400000000001,0.0,0.0
-103212696#0,0.0,10.007999999999997,0.0,0.0
-103212696#1,0.0,10.007999999999997,0.0,0.0
-103212697#0,0.0,10.007999999999997,0.0,0.0
-103212697#1,0.0,10.007999999999997,0.0,0.0
-103212698#0,0.0,50.00400000000001,0.0,0.0
-103212698#1,0.0,50.00400000000001,0.0,0.0
-103212702#0,0.0,50.00400000000001,0.0,0.0
-103212702#1,0.0,50.00400000000001,0.0,0.0
-103230480#0,0.0,50.00400000000001,0.0,0.0
-103230480#1,0.0,50.00400000000001,0.0,0.0
-103230482#0,0.4,9.605096579708217,10837.568759520906,0.03868509353078568
-103230482#1,0.0,10.007999999999997,0.0,0.0
-103230483#0,0.0,50.00400000000001,0.0,0.0
-103230483#1,0.0,50.00400000000001,0.0,0.0
-103230484#0,0.0,50.00400000000001,0.0,0.0
-103230484#1,0.0,50.00400000000001,0.0,0.0
-103230487#0,0.0,50.00400000000001,0.0,0.0
-103230487#1,0.0,50.00400000000001,0.0,0.0
-103230488#0,0.0,50.00400000000001,0.0,0.0
-103230488#1,0.0,50.00400000000001,0.0,0.0
-103230491#0,0.0,50.00400000000001,0.0,0.0
-103230491#1,0.0,50.00400000000001,0.0,0.0
-103230495#0,0.0,10.007999999999997,0.0,0.0
-103230495#1,0.0,10.007999999999997,0.0,0.0
-103230496#0,0.0,10.007999999999997,0.0,0.0
-103230496#1,0.0,10.007999999999997,0.0,0.0
-103230498#0,0.0,10.007999999999997,0.0,0.0
-103230498#1,0.0,10.007999999999997,0.0,0.0
-103230499#0,0.0,10.007999999999997,0.0,0.0
-103230499#1,0.0,10.007999999999997,0.0,0.0
-103230503#0,0.0,50.00400000000001,0.0,0.0
-103230503#1,0.0,50.00400000000001,0.0,0.0
-103230510#0,0.0,50.00400000000001,0.0,0.0
-103230510#1,0.0,50.00400000000001,0.0,0.0
-103230511#0,0.0,50.00400000000001,0.0,0.0
-103230511#1,0.0,50.00400000000001,0.0,0.0
-103230519#0,0.0,10.007999999999997,0.0,0.0
-103230519#1,0.0,10.007999999999997,0.0,0.0
-103230520#0,0.0,10.007999999999997,0.0,0.0
-103230520#1,0.0,10.007999999999997,0.0,0.0
-103230522#0,0.0,10.007999999999997,0.0,0.0
-103230522#1,0.0,10.007999999999997,0.0,0.0
-103230523#0,0.0,50.00400000000001,0.0,0.0
-103230523#1,0.0,50.00400000000001,0.0,0.0
-103230525#0,0.0,10.007999999999997,0.0,0.0
-103230525#1,0.0,10.007999999999997,0.0,0.0
-103230526#0,0.0,10.007999999999997,0.0,0.0
-103230526#1,0.0,10.007999999999997,0.0,0.0
-103230527#0,0.0,50.00400000000001,0.0,0.0
-103230527#1,0.0,50.00400000000001,0.0,0.0
-103230538#0,0.0,10.007999999999997,0.0,0.0
-103230538#1,0.0,10.007999999999997,0.0,0.0
-103230541#0,0.0,10.007999999999997,0.0,0.0
-103230541#1,0.0,10.007999999999997,0.0,0.0
-103230544#0,0.0,50.00400000000001,0.0,0.0
-103230544#1,0.0,50.00400000000001,0.0,0.0
-103230546#0,0.0,50.00400000000001,0.0,0.0
-103230546#1,0.0,50.00400000000001,0.0,0.0
-103230552#0,0.0,50.00400000000001,0.0,0.0
-103230552#1,0.0,50.00400000000001,0.0,0.0
-103230564#0,0.0,50.00400000000001,0.0,0.0
-103230564#1,0.0,50.00400000000001,0.0,0.0
-103230568#0,0.0,10.007999999999997,0.0,0.0
-103230568#1,0.0,10.007999999999997,0.0,0.0
-103230574#0,0.0,10.007999999999997,0.0,0.0
-103230574#1,0.0,10.007999999999997,0.0,0.0
-103230578#0,0.0,50.00400000000001,0.0,0.0
-103230578#1,0.0,50.00400000000001,0.0,0.0
-103230584#0,0.0,50.00400000000001,0.0,0.0
-103230584#1,0.0,50.00400000000001,0.0,0.0
-103230587#0,0.0,50.00400000000001,0.0,0.0
-103230587#1,0.0,50.00400000000001,0.0,0.0
-103230595#0,0.0,50.00400000000001,0.0,0.0
-103230595#1,0.0,50.00400000000001,0.0,0.0
-103230597#0,0.0,50.00400000000001,0.0,0.0
-103230597#1,0.0,50.00400000000001,0.0,0.0
-103230598#0,0.0,50.00400000000001,0.0,0.0
-103230598#1,0.0,50.00400000000001,0.0,0.0
-103230607#0,0.1,47.7762110251755,6295.088396005722,0.005942319891999203
-103230607#1,0.0,50.00400000000001,0.0,0.0
-103230608#0,0.0,10.007999999999997,0.0,0.0
-103230608#1,0.0,10.007999999999997,0.0,0.0
-103230612#0,0.0,39.995999999999995,0.0,0.0
-103230612#1,0.0,39.995999999999995,0.0,0.0
-103230616#0,0.0,50.00400000000001,0.0,0.0
-103230616#1,0.0,50.00400000000001,0.0,0.0
-103230617#0,0.0,50.00400000000001,0.0,0.0
-103230617#1,0.0,50.00400000000001,0.0,0.0
-103477614#0,0.0,50.00400000000001,0.0,0.0
-103477614#1,0.0,50.00400000000001,0.0,0.0
-103477615#0,0.0,50.00400000000001,0.0,0.0
-103477615#1,0.0,50.00400000000001,0.0,0.0
-103477620#0,0.0,50.00400000000001,0.0,0.0
-103477620#1,0.0,50.00400000000001,0.0,0.0
-103477621#0,0.0,50.00400000000001,0.0,0.0
-103477621#1,0.0,50.00400000000001,0.0,0.0
-103477623#0,0.0,10.007999999999997,0.0,0.0
-103477623#1,0.0,10.007999999999997,0.0,0.0
-103477624#0,0.0,10.007999999999997,0.0,0.0
-103477624#1,0.0,10.007999999999997,0.0,0.0
-103477626#0,0.0,50.00400000000001,0.0,0.0
-103477626#1,0.0,50.00400000000001,0.0,0.0
-103477627#0,0.0,50.00400000000001,0.0,0.0
-103477627#1,0.0,50.00400000000001,0.0,0.0
-103477628#0,0.0,50.00400000000001,0.0,0.0
-103477628#1,0.0,50.00400000000001,0.0,0.0
-103477631#0,0.0,50.00400000000001,0.0,0.0
-103477631#1,0.0,50.00400000000001,0.0,0.0
-103477632#0,0.0,100.00800000000002,0.0,0.0
-103477632#1,0.0,100.00800000000002,0.0,0.0
-103477633#0,0.0,50.00400000000001,0.0,0.0
-103477633#1,0.0,50.00400000000001,0.0,0.0
-103477635#0,0.0,50.00400000000001,0.0,0.0
-103477635#1,0.0,50.00400000000001,0.0,0.0
-103477637#0,0.0,10.007999999999997,0.0,0.0
-103477637#1,0.0,10.007999999999997,0.0,0.0
-103477642#0,0.0,10.007999999999997,0.0,0.0
-103477642#1,0.0,10.007999999999997,0.0,0.0
-103477645#0,0.0,79.99199999999999,0.0,0.0
-103477645#1,0.0,79.99199999999999,0.0,0.0
-103477646#0,0.0,50.00400000000001,0.0,0.0
-103477646#1,0.0,50.00400000000001,0.0,0.0
-103477647#0,0.0,50.00400000000001,0.0,0.0
-103477647#1,0.0,50.00400000000001,0.0,0.0
-103477648#0,0.0,50.00400000000001,0.0,0.0
-103477648#1,0.0,50.00400000000001,0.0,0.0
-103477652#0,0.0,79.99199999999999,0.0,0.0
-103477652#1,0.0,79.99199999999999,0.0,0.0
-103477657#0,0.0,50.00400000000001,0.0,0.0
-103477657#1,0.0,50.00400000000001,0.0,0.0
-103477658#0,0.0,10.007999999999997,0.0,0.0
-103477658#1,0.4,9.654561900732975,7773.920552882089,0.07512537157153085
-103477666#0,0.0,50.00400000000001,0.0,0.0
-103477666#1,0.0,50.00400000000001,0.0,0.0
-103477673#0,0.0,50.00400000000001,0.0,0.0
-103477673#1,0.0,50.00400000000001,0.0,0.0
-103477679#0,0.0,50.00400000000001,0.0,0.0
-103477679#1,0.0,50.00400000000001,0.0,0.0
-103477684#0,0.0,79.99199999999999,0.0,0.0
-103477684#1,0.0,79.99199999999999,0.0,0.0
-103477690#0,0.0,50.00400000000001,0.0,0.0
-103477690#1,0.0,50.00400000000001,0.0,0.0
-103568923#0,0.0,50.00400000000001,0.0,0.0
-103568923#1,0.0,50.00400000000001,0.0,0.0
-103568933#0,0.0,10.007999999999997,0.0,0.0
-103568933#1,0.0,10.007999999999997,0.0,0.0
-103568936#0,0.0,10.007999999999997,0.0,0.0
-103568936#1,0.0,10.007999999999997,0.0,0.0
-103568941#0,0.0,10.007999999999997,0.0,0.0
-103568941#1,0.0,10.007999999999997,0.0,0.0
-103568947#0,0.0,50.00400000000001,0.0,0.0
-103568947#1,0.0,50.00400000000001,0.0,0.0
-103568951#0,0.0,79.99199999999999,0.0,0.0
-103568951#1,0.2,69.10679696305718,0.0,0.02490216337769428
-103568952#0,0.0,79.99199999999999,0.0,0.0
-103568952#1,0.0,79.99199999999999,0.0,0.0
-103568959#0,0.0,50.00400000000001,0.0,0.0
-103568959#1,0.0,50.00400000000001,0.0,0.0
-103572004#0,0.0,50.00400000000001,0.0,0.0
-103572004#1,0.0,50.00400000000001,0.0,0.0
-103572005#0,0.0,10.007999999999997,0.0,0.0
-103572005#1,0.0,10.007999999999997,0.0,0.0
-103572007#0,0.0,50.00400000000001,0.0,0.0
-103572007#1,0.0,50.00400000000001,0.0,0.0
-103572011#0,0.0,10.007999999999997,0.0,0.0
-103572011#1,0.0,10.007999999999997,0.0,0.0
-103572013#0,0.0,50.00400000000001,0.0,0.0
-103572013#1,0.0,50.00400000000001,0.0,0.0
-103572015#0,0.0,50.00400000000001,0.0,0.0
-103572015#1,0.0,50.00400000000001,0.0,0.0
-103572019#0,0.0,10.007999999999997,0.0,0.0
-103572019#1,0.0,10.007999999999997,0.0,0.0
-103574979#0,0.0,50.00400000000001,0.0,0.0
-103574979#1,0.0,50.00400000000001,0.0,0.0
-103574980#0,0.0,10.007999999999997,0.0,0.0
-103574980#1,0.0,10.007999999999997,0.0,0.0
-103574981#0,0.0,50.00400000000001,0.0,0.0
-103574981#1,0.0,50.00400000000001,0.0,0.0
-103574982#0,0.0,50.00400000000001,0.0,0.0
-103574982#1,0.0,50.00400000000001,0.0,0.0
-103585516#0,0.0,50.00400000000001,0.0,0.0
-103585516#1,0.0,50.00400000000001,0.0,0.0
-103585518#0,0.0,50.00400000000001,0.0,0.0
-103585518#1,0.3,43.072717393196406,13932.2547818657,0.04101263524806277
-103585520#0,0.4,39.67853082627114,0.0,0.04991680532445923
-103585520#1,0.0,50.00400000000001,0.0,0.0
-103585521#0,0.0,50.00400000000001,0.0,0.0
-103585521#1,0.0,50.00400000000001,0.0,0.0
-103585523#0,0.1,47.001410354098425,0.0,0.06818181818181818
-103585523#1,0.0,50.00400000000001,0.0,0.0
-103593754#0,0.0,10.007999999999997,0.0,0.0
-103593754#1,0.0,10.007999999999997,0.0,0.0
-103593755#0,0.0,10.007999999999997,0.0,0.0
-103593755#1,0.0,10.007999999999997,0.0,0.0
-103593756#0,0.0,10.007999999999997,0.0,0.0
-103593756#1,0.0,10.007999999999997,0.0,0.0
-103593759#0,0.0,50.00400000000001,0.0,0.0
-103593759#1,0.0,50.00400000000001,0.0,0.0
-103593760#0,0.0,10.007999999999997,0.0,0.0
-103593760#1,0.0,10.007999999999997,0.0,0.0
-103593762#0,0.0,10.007999999999997,0.0,0.0
-103593762#1,0.0,10.007999999999997,0.0,0.0
-103593766#0,0.0,50.00400000000001,0.0,0.0
-103593766#1,0.0,50.00400000000001,0.0,0.0
-103593768#0,0.0,50.00400000000001,0.0,0.0
-103593768#1,0.0,50.00400000000001,0.0,0.0
-103593769#0,0.0,10.007999999999997,0.0,0.0
-103593769#1,0.0,10.007999999999997,0.0,0.0
-103593773#0,0.0,50.00400000000001,0.0,0.0
-103593773#1,0.0,50.00400000000001,0.0,0.0
-103593774#0,0.0,10.007999999999997,0.0,0.0
-103593774#1,0.0,10.007999999999997,0.0,0.0
-103593775#0,0.0,10.007999999999997,0.0,0.0
-103593775#1,0.0,10.007999999999997,0.0,0.0
-103593776#0,0.0,10.007999999999997,0.0,0.0
-103593776#1,0.0,10.007999999999997,0.0,0.0
-103593778#0,0.0,10.007999999999997,0.0,0.0
-103593778#1,0.0,10.007999999999997,0.0,0.0
-103593779#0,0.0,10.007999999999997,0.0,0.0
-103593779#1,0.0,10.007999999999997,0.0,0.0
-103593780#0,0.0,10.007999999999997,0.0,0.0
-103593780#1,0.0,10.007999999999997,0.0,0.0
-103593781#0,0.0,50.00400000000001,0.0,0.0
-103593781#1,0.0,50.00400000000001,0.0,0.0
-103593782#0,0.0,10.007999999999997,0.0,0.0
-103593782#1,0.0,10.007999999999997,0.0,0.0
-103593783#0,0.0,50.00400000000001,0.0,0.0
-103593783#1,0.0,50.00400000000001,0.0,0.007508553787244113
-103593784#0,0.0,50.00400000000001,0.0,0.0
-103593784#1,0.0,50.00400000000001,0.0,0.0
-103594693#0,0.0,50.00400000000001,0.0,0.0
-103594693#1,0.0,50.00400000000001,0.0,0.0
-103594695#0,0.0,50.00400000000001,0.0,0.0
-103594695#1,0.0,50.00400000000001,0.0,0.0
-103594696#0,0.0,50.00400000000001,0.0,0.0
-103594696#1,0.0,50.00400000000001,0.0,0.0
-103594697#0,0.0,50.00400000000001,0.0,0.0
-103594697#1,0.0,50.00400000000001,0.0,0.0
-103594699#0,0.0,50.00400000000001,0.0,0.0
-103594699#1,0.0,50.00400000000001,0.0,0.0
-103594700#0,0.0,50.00400000000001,0.0,0.0
-103594700#1,0.0,50.00400000000001,0.0,0.0
-103594701#0,0.0,10.007999999999997,0.0,0.0
-103594701#1,0.0,10.007999999999997,0.0,0.0
-103594703#0,0.0,10.007999999999997,0.0,0.0
-103594703#1,0.0,10.007999999999997,0.0,0.0
-103594704#0,0.0,50.00400000000001,0.0,0.0
-103594704#1,0.0,50.00400000000001,0.0,0.0
-103594705#0,0.0,50.00400000000001,0.0,0.0
-103594705#1,0.0,50.00400000000001,0.0,0.0
-103594706#0,0.0,50.00400000000001,0.0,0.0
-103594706#1,0.0,50.00400000000001,0.0,0.0
-103594707#0,0.0,50.00400000000001,0.0,0.0
-103594707#1,0.0,50.00400000000001,0.0,0.0
-103594708#0,0.0,50.00400000000001,0.0,0.0
-103594708#1,0.4,37.54802995529281,11144.481555819464,0.02714676943520212
-103594709#0,0.0,10.007999999999997,0.0,0.0
-103594709#1,0.0,10.007999999999997,0.0,0.0
-103594711#0,0.0,50.00400000000001,0.0,0.0
-103594711#1,0.0,50.00400000000001,0.0,0.0
-103594712#0,0.0,50.00400000000001,0.0,0.0
-103594712#1,0.0,50.00400000000001,0.0,0.0
-103594716#0,0.0,39.995999999999995,0.0,0.0
-103594716#1,0.0,39.995999999999995,0.0,0.0
-103594717#0,0.0,50.00400000000001,0.0,0.0
-103594717#1,0.0,50.00400000000001,0.0,0.0
-103594719#0,0.0,10.007999999999997,0.0,0.0
-103594719#1,0.0,10.007999999999997,0.0,0.0
-103594720#0,0.0,50.00400000000001,0.0,0.0
-103594720#1,0.0,50.00400000000001,0.0,0.0
-103594721#0,0.0,50.00400000000001,0.0,0.0
-103594721#1,0.0,50.00400000000001,0.0,0.0
-103594722#0,0.0,10.007999999999997,0.0,0.0
-103594722#1,0.0,10.007999999999997,0.0,0.0
-103625250#0,0.0,50.00400000000001,0.0,0.0
-103625250#1,0.0,50.00400000000001,0.0,0.0
-103625251#0,0.0,50.00400000000001,0.0,0.0
-103625251#1,0.0,50.00400000000001,0.0,0.0
-103625252#0,0.0,50.00400000000001,0.0,0.0
-103625252#1,0.0,50.00400000000001,0.0,0.0
-103625253#0,0.0,50.00400000000001,0.0,0.0
-103625253#1,0.0,50.00400000000001,0.0,0.0
-103625254#0,0.0,50.00400000000001,0.0,0.0
-103625254#1,0.0,50.00400000000001,0.0,0.0
-103625256#0,0.0,50.00400000000001,0.0,0.0
-103625256#1,0.0,50.00400000000001,0.0,0.0
-103625257#0,0.0,50.00400000000001,0.0,0.0
-103625257#1,0.0,50.00400000000001,0.0,0.0
-103625259#0,0.0,10.007999999999997,0.0,0.0
-103625259#1,0.0,10.007999999999997,0.0,0.0
-103625260#0,0.0,50.00400000000001,0.0,0.0
-103625260#1,0.0,50.00400000000001,0.0,0.0
-103626313#0,0.0,50.00400000000001,0.0,0.0
-103626313#1,0.0,50.00400000000001,0.0,0.0
-103626314#0,0.0,50.00400000000001,0.0,0.0
-103626314#1,0.0,50.00400000000001,0.0,0.0
-103626315#0,0.0,50.00400000000001,0.0,0.0
-103626315#1,0.1,47.4329055941428,20007.692069670262,0.05327773536963763
-103626316#0,0.0,10.007999999999997,0.0,0.0
-103626316#1,0.0,10.007999999999997,0.0,0.0
-103626317#0,0.0,10.007999999999997,0.0,0.0
-103626317#1,0.0,10.007999999999997,0.0,0.0
-103626319#0,0.0,10.007999999999997,0.0,0.0
-103626319#1,0.0,10.007999999999997,0.0,0.0
-103626320#0,0.0,50.00400000000001,0.0,0.0
-103626320#1,0.0,50.00400000000001,0.0,0.0
-103626321#0,0.0,10.007999999999997,0.0,0.0
-103626321#1,0.0,10.007999999999997,0.0,0.0
-103626322#0,0.0,50.00400000000001,0.0,0.0
-103626322#1,0.0,50.00400000000001,0.0,0.0
-103626323#0,0.0,10.007999999999997,0.0,0.0
-103626323#1,0.0,10.007999999999997,0.0,0.0
-103626324#0,0.0,50.00400000000001,0.0,0.0
-103626324#1,0.0,50.00400000000001,0.0,0.0
-103626326#0,0.1,50.023254822399686,1353.7895479559486,0.006251736593498193
-103626326#1,0.1,50.13708704744161,1388.2428137739591,0.006251736593498193
-1038212523#0,0.0,50.00400000000001,0.0,0.0
-1038212523#1,0.0,50.00400000000001,0.0,0.0
-104043495#0,0.0,50.00400000000001,0.0,0.0
-104043495#1,0.0,50.00400000000001,0.0,0.0
-104043503#0,0.0,50.00400000000001,0.0,0.0
-104043503#1,0.0,50.00400000000001,0.0,0.0
-104043537#0,0.0,50.00400000000001,0.0,0.0
-104043537#1,0.0,50.00400000000001,0.0,0.0
-104043544#0,0.0,79.99199999999999,0.0,0.0
-104043544#1,0.0,79.99199999999999,0.0,0.0
-104045521#0,0.0,50.00400000000001,0.0,0.0
-104045521#1,0.0,50.00400000000001,0.0,0.0
-104045531#0,0.1,48.20456385176761,0.0,0.008458285274894272
-104045531#1,0.0,50.00400000000001,0.0,0.0
-104045544#0,0.0,79.99199999999999,0.0,0.0
-104045544#1,0.0,79.99199999999999,0.0,0.0
-104045582#0,0.0,79.99199999999999,0.0,0.0
-104045582#1,0.0,79.99199999999999,0.0,0.04907952971913783
-104045599#0,0.0,10.007999999999997,0.0,0.0
-104045599#1,0.0,10.007999999999997,0.0,0.0
-104045611#0,0.0,50.00400000000001,0.0,0.0
-104045611#1,0.4,37.46906506492287,38626.067292429594,0.0804069855954336
-104049638#0,0.0,50.00400000000001,0.0,0.0
-104049638#1,0.0,50.00400000000001,0.0,0.0
-104049639#0,0.0,79.99199999999999,0.0,0.0
-104049639#1,0.0,79.99199999999999,0.0,0.0
-104049643#0,0.0,50.00400000000001,0.0,0.0
-104049643#1,0.0,50.00400000000001,0.0,0.0
-104049648#0,0.0,10.007999999999997,0.0,0.0
-104049648#1,0.0,10.007999999999997,0.0,0.0
-104049662#0,0.0,50.00400000000001,0.0,0.0
-104049662#1,0.0,50.00400000000001,0.0,0.0
-104049664#0,0.0,10.007999999999997,0.0,0.0
-104049664#1,0.0,10.007999999999997,0.0,0.0
-104049674#0,0.0,50.00400000000001,0.0,0.0
-104049674#1,0.0,50.00400000000001,0.0,0.0
-104049697#0,0.0,50.00400000000001,0.0,0.0
-104049697#1,0.0,50.00400000000001,0.0,0.0
-104184013#0,0.0,50.00400000000001,0.0,0.0
-104184013#1,0.0,50.00400000000001,0.0,0.0
-104184017#0,0.0,50.00400000000001,0.0,0.0
-104184017#1,0.0,50.00400000000001,0.0,0.0
-104184037#0,0.0,79.99199999999999,0.0,0.0
-104184037#1,0.0,79.99199999999999,0.0,0.0
-104184038#0,0.0,50.00400000000001,0.0,0.0
-104184038#1,0.0,50.00400000000001,0.0,0.0
-104184045#0,0.0,50.00400000000001,0.0,0.0
-104184045#1,0.0,50.00400000000001,0.0,0.0
-104184052#0,0.0,10.007999999999997,0.0,0.0
-104184052#1,0.0,10.007999999999997,0.0,0.0
-104184064#0,0.0,50.00400000000001,0.0,0.0
-104184064#1,0.0,50.00400000000001,0.0,0.0
-104184073#0,0.0,50.00400000000001,0.0,0.0
-104184073#1,0.0,50.00400000000001,0.0,0.0
-104184080#0,0.0,79.99199999999999,0.0,0.0
-104184080#1,0.0,79.99199999999999,0.0,0.0
-104184082#0,0.0,50.00400000000001,0.0,0.0
-104184082#1,0.0,50.00400000000001,0.0,0.0
-104184097#0,0.0,10.007999999999997,0.0,0.0
-104184097#1,0.0,10.007999999999997,0.0,0.0
-104184099#0,0.0,50.00400000000001,0.0,0.0
-104184099#1,0.0,50.00400000000001,0.0,0.0
-104184105#0,0.0,10.007999999999997,0.0,0.0
-104184105#1,0.0,10.007999999999997,0.0,0.0
-104184114#0,0.0,79.99199999999999,0.0,0.0
-104184114#1,0.0,79.99199999999999,0.0,0.0
-104203877#0,0.0,50.00400000000001,0.0,0.0
-104203877#1,0.0,50.00400000000001,0.0,0.0
-104203883#0,0.0,10.007999999999997,0.0,0.0
-104203883#1,0.0,10.007999999999997,0.0,0.0
-104203884#0,0.1,47.35445461750182,0.0,0.01349730053989202
-104203884#1,0.0,50.00400000000001,0.0,0.0
-104203885#0,0.0,10.007999999999997,0.0,0.0
-104203885#1,0.0,10.007999999999997,0.0,0.0
-104203888#0,0.0,10.007999999999997,0.0,0.0
-104203888#1,0.0,10.007999999999997,0.0,0.0
-104203889#0,0.0,10.007999999999997,0.0,0.0
-104203889#1,0.0,10.007999999999997,0.0,0.0
-104203891#0,0.3,45.12779346217538,11895.182700502442,0.010024301336573511
-104203891#1,0.0,50.00400000000001,0.0,0.0
-104203892#0,0.0,10.007999999999997,0.0,0.0
-104203892#1,0.0,10.007999999999997,0.0,0.0
-104203898#0,0.0,50.00400000000001,0.0,0.0
-104203898#1,0.0,50.00400000000001,0.0,0.0
-104203901#0,0.0,50.00400000000001,0.0,0.0
-104203901#1,0.0,50.00400000000001,0.0,0.0
-104203907#0,0.0,50.00400000000001,0.0,0.0
-104203907#1,0.0,50.00400000000001,0.0,0.0
-104203909#0,0.0,10.007999999999997,0.0,0.0
-104203909#1,0.0,10.007999999999997,0.0,0.0
-104203911#0,0.0,10.007999999999997,0.0,0.0
-104203911#1,0.0,10.007999999999997,0.0,0.0
-104203913#0,0.0,50.00400000000001,0.0,0.0
-104203913#1,0.0,50.00400000000001,0.0,0.0
-104203915#0,0.0,10.007999999999997,0.0,0.0
-104203915#1,0.0,10.007999999999997,0.0,0.0
-104203917#0,0.0,50.00400000000001,0.0,0.0
-104203917#1,0.0,50.00400000000001,0.0,0.0
-104203919#0,0.0,50.00400000000001,0.0,0.0
-104203919#1,0.0,50.00400000000001,0.0,0.0
-104203921#0,0.0,10.007999999999997,0.0,0.0
-104203921#1,0.0,10.007999999999997,0.0,0.0
-104203925#0,0.0,10.007999999999997,0.0,0.0
-104203925#1,0.0,10.007999999999997,0.0,0.0
-104203927#0,0.0,10.007999999999997,0.0,0.0
-104203927#1,0.0,10.007999999999997,0.0,0.0
-104203928#0,0.0,50.00400000000001,0.0,0.0
-104203928#1,0.0,50.00400000000001,0.0,0.0
-104227896#0,0.0,10.007999999999997,0.0,0.0
-104227896#1,0.0,10.007999999999997,0.0,0.0
-104227897#0,0.0,50.00400000000001,0.0,0.0
-104227897#1,0.0,50.00400000000001,0.0,0.0
-104227898#0,0.0,50.00400000000001,0.0,0.0
-104227898#1,0.0,50.00400000000001,0.0,0.0
-104227899#0,0.0,50.00400000000001,0.0,0.0
-104227899#1,0.0,50.00400000000001,0.0,0.0
-104227902#0,0.0,10.007999999999997,0.0,0.0
-104227902#1,0.0,10.007999999999997,0.0,0.0
-104227903#0,0.0,50.00400000000001,0.0,0.0
-104227903#1,0.0,50.00400000000001,0.0,0.0
-104227907#0,0.0,50.00400000000001,0.0,0.0
-104227907#1,0.0,50.00400000000001,0.0,0.0
-104227908#0,0.0,10.007999999999997,0.0,0.0
-104227908#1,0.0,10.007999999999997,0.0,0.0
-104227911#0,0.0,10.007999999999997,0.0,0.0
-104227911#1,0.0,10.007999999999997,0.0,0.0
-104227913#0,0.0,50.00400000000001,0.0,0.0
-104227913#1,0.0,50.00400000000001,0.0,0.0
-104227916#0,0.0,10.007999999999997,0.0,0.0
-104227916#1,0.0,10.007999999999997,0.0,0.0
-104227917#0,0.0,50.00400000000001,0.0,0.0
-104227917#1,0.0,50.00400000000001,0.0,0.0
-104227918#0,0.0,10.007999999999997,0.0,0.0
-104227918#1,0.0,10.007999999999997,0.0,0.0
-104227919#0,0.0,50.00400000000001,0.0,0.0
-104227919#1,0.0,50.00400000000001,0.0,0.0
-104227920#0,0.0,10.007999999999997,0.0,0.0
-104227920#1,0.0,10.007999999999997,0.0,0.0
-104227924#0,0.0,50.00400000000001,0.0,0.0
-104227924#1,0.0,50.00400000000001,0.0,0.0
-104311932#0,0.0,10.007999999999997,0.0,0.0
-104311932#1,0.0,10.007999999999997,0.0,0.0
-104311933#0,0.0,50.00400000000001,0.0,0.0
-104311933#1,0.0,50.00400000000001,0.0,0.0
-104311936#0,0.0,50.00400000000001,0.0,0.0
-104311936#1,0.0,50.00400000000001,0.0,0.0
-104311937#0,0.0,50.00400000000001,0.0,0.0
-104311937#1,0.0,50.00400000000001,0.0,0.0
-104311939#0,0.0,10.007999999999997,0.0,0.0
-104311939#1,0.0,10.007999999999997,0.0,0.0
-104311941#0,0.0,10.007999999999997,0.0,0.0
-104311941#1,0.0,10.007999999999997,0.0,0.0
-104311942#0,0.0,10.007999999999997,0.0,0.0
-104311942#1,0.0,10.007999999999997,0.0,0.0
-104311943#0,0.0,50.00400000000001,0.0,0.0
-104311943#1,0.0,50.00400000000001,0.0,0.0
-104311944#0,0.0,10.007999999999997,0.0,0.0
-104311944#1,0.0,10.007999999999997,0.0,0.0
-104311945#0,0.0,50.00400000000001,0.0,0.0
-104311945#1,0.0,50.00400000000001,0.0,0.0
-104311947#0,0.0,50.00400000000001,0.0,0.0
-104311947#1,0.0,50.00400000000001,0.0,0.0
-104311949#0,0.0,10.007999999999997,0.0,0.0
-104311949#1,0.0,10.007999999999997,0.0,0.0
-104311950#0,0.0,10.007999999999997,0.0,0.0
-104311950#1,0.0,10.007999999999997,0.0,0.0
-104311952#0,0.6,9.73138502759329,14779.305512937528,0.04839029115951281
-104311952#1,0.0,10.007999999999997,0.0,0.0
-104311953#0,0.0,10.007999999999997,0.0,0.0
-104311953#1,0.0,10.007999999999997,0.0,0.0
-104311954#0,0.0,50.00400000000001,0.0,0.0
-104311954#1,0.0,50.00400000000001,0.0,0.0
-104311955#0,0.0,10.007999999999997,0.0,0.0
-104311955#1,0.0,10.007999999999997,0.0,0.0
-104311960#0,0.0,10.007999999999997,0.0,0.0
-104311960#1,0.0,10.007999999999997,0.0,0.0
-104311961#0,0.0,50.00400000000001,0.0,0.0
-104311961#1,0.0,50.00400000000001,0.0,0.0
-104311963#0,0.0,50.00400000000001,0.0,0.0
-104311963#1,0.0,50.00400000000001,0.0,0.0
-104311966#0,0.0,50.00400000000001,0.0,0.0
-104311966#1,0.0,50.00400000000001,0.0,0.0
-104311967#0,0.0,50.00400000000001,0.0,0.0
-104311967#1,0.0,50.00400000000001,0.0,0.0
-104311968#0,0.0,50.00400000000001,0.0,0.0
-104311968#1,0.0,50.00400000000001,0.0,0.0
-104311969#0,0.0,10.007999999999997,0.0,0.0
-104311969#1,0.0,10.007999999999997,0.0,0.0
-104311970#0,0.0,10.007999999999997,0.0,0.0
-104311970#1,0.0,10.007999999999997,0.0,0.0
-104311972#0,0.0,50.00400000000001,0.0,0.0
-104311972#1,0.0,50.00400000000001,0.0,0.0
-104311973#0,0.0,10.007999999999997,0.0,0.0
-104311973#1,0.0,10.007999999999997,0.0,0.0
-104311974#0,0.0,10.007999999999997,0.0,0.0
-104311974#1,0.0,10.007999999999997,0.0,0.0
-104311977#0,0.0,10.007999999999997,0.0,0.0
-104311977#1,0.0,10.007999999999997,0.0,0.0
-104311979#0,0.0,10.007999999999997,0.0,0.0
-104311979#1,0.0,10.007999999999997,0.0,0.0
-104311980#0,0.0,50.00400000000001,0.0,0.0
-104311980#1,0.0,50.00400000000001,0.0,0.0
-104311982#0,0.0,10.007999999999997,0.0,0.0
-104311982#1,0.0,10.007999999999997,0.0,0.0
-104311983#0,0.0,50.00400000000001,0.0,0.0
-104311983#1,0.0,50.00400000000001,0.0,0.0
-1043345904#0,0.0,50.00400000000001,0.0,0.0
-1043345904#1,0.0,50.00400000000001,0.0,0.0
-1043345905#0,0.0,50.00400000000001,0.0,0.0
-1043345905#1,0.0,50.00400000000001,0.0,0.0
-1043345917#0,0.0,50.00400000000001,0.0,0.0
-1043345917#1,0.0,50.00400000000001,0.0,0.0
-1043345924#0,0.0,10.007999999999997,0.0,0.0
-1043345924#1,0.0,10.007999999999997,0.0,0.0
-104700139#0,0.0,50.00400000000001,0.0,0.0
-104700139#1,0.0,50.00400000000001,0.0,0.0
-105258720#0,0.0,100.00800000000002,0.0,0.0
-105258720#1,0.0,100.00800000000002,0.0,0.0
-105605170#0,0.0,50.00400000000001,0.0,0.0
-105605170#1,0.0,50.00400000000001,0.0,0.0
-105605171#0,0.0,10.007999999999997,0.0,0.0
-105605171#1,0.0,10.007999999999997,0.0,0.0
-105605172#0,0.0,50.00400000000001,0.0,0.0
-105605172#1,0.0,50.00400000000001,0.0,0.0
-105605173#0,0.0,50.00400000000001,0.0,0.0
-105605173#1,0.0,50.00400000000001,0.0,0.0
-105605174#0,0.0,10.007999999999997,0.0,0.0
-105605174#1,0.0,10.007999999999997,0.0,0.0
-105605175#0,0.0,10.007999999999997,0.0,0.0
-105605175#1,0.0,10.007999999999997,0.0,0.0
-105605176#0,0.0,50.00400000000001,0.0,0.0
-105605176#1,0.0,50.00400000000001,0.0,0.0
-105605178#0,0.0,50.00400000000001,0.0,0.0
-105605178#1,0.0,50.00400000000001,0.0,0.0
-105605180#0,0.0,10.007999999999997,0.0,0.0
-105605180#1,0.0,10.007999999999997,0.0,0.0
-105605181#0,0.0,10.007999999999997,0.0,0.0
-105605181#1,0.0,10.007999999999997,0.0,0.0
-105605182#0,0.0,10.007999999999997,0.0,0.0
-105605182#1,0.0,10.007999999999997,0.0,0.0
-105605183#0,0.0,50.00400000000001,0.0,0.0
-105605183#1,0.0,50.00400000000001,0.0,0.0
-105605184#0,0.0,50.00400000000001,0.0,0.0
-105605184#1,0.0,50.00400000000001,0.0,0.0
-105605185#0,0.0,10.007999999999997,0.0,0.0
-105605185#1,0.0,10.007999999999997,0.0,0.0
-105605187#0,0.0,10.007999999999997,0.0,0.0
-105605187#1,0.0,10.007999999999997,0.0,0.0
-105605188#0,0.0,50.00400000000001,0.0,0.0
-105605188#1,0.0,50.00400000000001,0.0,0.0
-105605189#0,0.0,10.007999999999997,0.0,0.0
-105605189#1,0.0,10.007999999999997,0.0,0.0
-105605191#0,0.0,10.007999999999997,0.0,0.0
-105605191#1,0.0,10.007999999999997,0.0,0.0
-105605192#0,0.0,10.007999999999997,0.0,0.0
-105605192#1,0.0,10.007999999999997,0.0,0.0
-105605194#0,0.0,10.007999999999997,0.0,0.0
-105605194#1,0.0,10.007999999999997,0.0,0.0
-105605195#0,0.0,100.00800000000002,0.0,0.0
-105605195#1,0.0,100.00800000000002,0.0,0.0
-105605196#0,0.0,50.00400000000001,0.0,0.0
-105605196#1,0.0,50.00400000000001,0.0,0.0
-105605197#0,0.0,10.007999999999997,0.0,0.0
-105605197#1,0.0,10.007999999999997,0.0,0.0
-105605198#0,0.0,50.00400000000001,0.0,0.0
-105605198#1,0.0,50.00400000000001,0.0,0.0
-105738745#0,0.0,50.00400000000001,0.0,0.0
-105738745#1,0.0,50.00400000000001,0.0,0.0
-105738747#0,0.0,50.00400000000001,0.0,0.0
-105738747#1,0.0,50.00400000000001,0.0,0.0
-105738754#0,0.0,10.007999999999997,0.0,0.0
-105738754#1,0.0,10.007999999999997,0.0,0.0
-105738755#0,0.0,50.00400000000001,0.0,0.0
-105738755#1,0.0,50.00400000000001,0.0,0.0
-105738760#0,0.1,9.95079221397122,2717.8333724011,0.01493032514930325
-105738760#1,0.0,10.007999999999997,0.0,0.0
-105738762#0,0.0,10.007999999999997,0.0,0.0
-105738762#1,0.0,10.007999999999997,0.0,0.0
-105738766#0,0.0,50.00400000000001,0.0,0.0
-105738766#1,0.0,50.00400000000001,0.0,0.0
-105738767#0,0.0,79.99199999999999,0.0,0.0
-105738767#1,0.0,79.99199999999999,0.0,0.0
-105738768#0,0.0,79.99199999999999,0.0,0.0
-105738768#1,0.0,79.99199999999999,0.0,0.0
-105738773#0,0.0,10.007999999999997,0.0,0.0
-105738773#1,0.0,10.007999999999997,0.0,0.0
-105738774#0,0.0,50.00400000000001,0.0,0.0
-105738774#1,0.0,50.00400000000001,0.0,0.0
-105738776#0,0.0,39.995999999999995,0.0,0.0
-105738776#1,0.0,39.995999999999995,0.0,0.0
-105738777#0,0.0,50.00400000000001,0.0,0.0
-105738777#1,0.0,50.00400000000001,0.0,0.0
-105738778#0,0.0,50.00400000000001,0.0,0.0
-105738778#1,0.0,50.00400000000001,0.0,0.0
-105738779#0,0.0,79.99199999999999,0.0,0.0
-105738779#1,0.0,79.99199999999999,0.0,0.0
-105738785#0,0.0,10.007999999999997,0.0,0.0
-105738785#1,0.0,10.007999999999997,0.0,0.0
-105738787#0,0.0,10.007999999999997,0.0,0.0
-105738787#1,0.0,10.007999999999997,0.0,0.0
-105738793#0,0.0,79.99199999999999,0.0,0.0
-105738793#1,0.0,79.99199999999999,0.0,0.0
-105738794#0,0.0,50.00400000000001,0.0,0.0
-105738794#1,0.0,50.00400000000001,0.0,0.0
-105738795#0,0.0,50.00400000000001,0.0,0.0
-105738795#1,0.0,50.00400000000001,0.0,0.0
-105738796#0,0.0,50.00400000000001,0.0,0.0
-105738796#1,0.0,50.00400000000001,0.0,0.0
-105738802#0,0.0,10.007999999999997,0.0,0.0
-105738802#1,0.0,10.007999999999997,0.0,0.0
-105738805#0,0.0,10.007999999999997,0.0,0.0
-105738805#1,0.0,10.007999999999997,0.0,0.0
-105738807#0,0.1,46.992467847046115,0.0,0.030828252591360527
-105738807#1,0.0,50.00400000000001,0.0,0.0
-105738810#0,0.0,50.00400000000001,0.0,0.0
-105738810#1,0.0,50.00400000000001,0.0,0.0
-105738812#0,0.0,50.00400000000001,0.0,0.0
-105738812#1,0.0,50.00400000000001,0.0,0.0
-105741926#0,0.0,50.00400000000001,0.0,0.0
-105741926#1,0.0,50.00400000000001,0.0,0.0
-105741927#0,0.0,39.995999999999995,0.0,0.0
-105741927#1,0.0,39.995999999999995,0.0,0.0
-105741930#0,0.0,50.00400000000001,0.0,0.0
-105741930#1,0.0,50.00400000000001,0.0,0.0
-105741931#0,0.0,79.99199999999999,0.0,0.0
-105741931#1,0.0,79.99199999999999,0.0,0.0
-105741933#0,0.0,50.00400000000001,0.0,0.0
-105741933#1,0.0,50.00400000000001,0.0,0.0
-105741934#0,0.0,50.00400000000001,0.0,0.0
-105741934#1,0.0,50.00400000000001,0.0,0.0
-105741938#0,0.0,10.007999999999997,0.0,0.0
-105741938#1,0.0,10.007999999999997,0.0,0.0
-105741939#0,0.0,50.00400000000001,0.0,0.0
-105741939#1,0.0,50.00400000000001,0.0,0.0
-105741941#0,0.0,100.00800000000002,0.0,0.0
-105741941#1,0.0,100.00800000000002,0.0,0.0
-105741946#0,0.0,50.00400000000001,0.0,0.0
-105741946#1,0.0,50.00400000000001,0.0,0.0
-105741947#0,0.0,50.00400000000001,0.0,0.0
-105741947#1,0.0,50.00400000000001,0.0,0.0
-105741948#0,0.0,79.99199999999999,0.0,0.0
-105741948#1,0.0,79.99199999999999,0.0,0.0
-105741949#0,0.0,50.00400000000001,0.0,0.0
-105741949#1,0.0,50.00400000000001,0.0,0.0
-105741950#0,0.0,50.00400000000001,0.0,0.0
-105741950#1,0.0,50.00400000000001,0.0,0.0
-105741951#0,0.0,50.00400000000001,0.0,0.0
-105741951#1,0.0,50.00400000000001,0.0,0.0
-105741952#0,0.0,79.99199999999999,0.0,0.0
-105741952#1,0.0,79.99199999999999,0.0,0.0
-105741953#0,0.0,79.99199999999999,0.0,0.0
-105741953#1,0.0,79.99199999999999,0.0,0.0
-105741959#0,0.0,50.00400000000001,0.0,0.0
-105741959#1,0.0,50.00400000000001,0.0,0.0
-105833280#0,0.0,100.00800000000002,0.0,0.0
-105833280#1,0.0,100.00800000000002,0.0,0.0
-105874611#0,0.0,50.00400000000001,0.0,0.0
-105874611#1,0.0,50.00400000000001,0.0,0.0
-105874617#0,0.0,79.99199999999999,0.0,0.0
-105874617#1,0.0,79.99199999999999,0.0,0.0
-105874620#0,0.0,79.99199999999999,0.0,0.0
-105874620#1,0.0,79.99199999999999,0.0,0.0
-105874642#0,0.0,79.99199999999999,0.0,0.0
-105874642#1,0.0,79.99199999999999,0.0,0.0
-105878006#0,0.0,50.00400000000001,0.0,0.0
-105878006#1,0.0,50.00400000000001,0.0,0.0
-105878008#0,0.0,50.00400000000001,0.0,0.0
-105878008#1,0.0,50.00400000000001,0.0,0.0
-105878010#0,0.0,50.00400000000001,0.0,0.0
-105878010#1,0.0,50.00400000000001,0.0,0.0
-105878012#0,0.0,79.99199999999999,0.0,0.0
-105878012#1,0.0,79.99199999999999,0.0,0.0
-105878016#0,0.0,50.00400000000001,0.0,0.0
-105878016#1,0.0,50.00400000000001,0.0,0.0
-105878017#0,0.0,79.99199999999999,0.0,0.0
-105878017#1,0.0,79.99199999999999,0.0,0.0
-105878021#0,0.0,50.00400000000001,0.0,0.0
-105878021#1,0.0,50.00400000000001,0.0,0.0
-106074292#0,0.0,50.00400000000001,0.0,0.0
-106074292#1,0.0,50.00400000000001,0.0,0.0
-106074294#0,0.0,50.00400000000001,0.0,0.0
-106074294#1,0.0,50.00400000000001,0.0,0.0
-106074303#0,0.0,50.00400000000001,0.0,0.0
-106074303#1,0.0,50.00400000000001,0.0,0.0
-106074305#0,0.0,79.99199999999999,0.0,0.0
-106074305#1,0.0,79.99199999999999,0.0,0.0
-106074311#0,0.0,50.00400000000001,0.0,0.0
-106074311#1,0.0,50.00400000000001,0.0,0.0
-106074314#0,0.0,50.00400000000001,0.0,0.0
-106074314#1,0.0,50.00400000000001,0.0,0.0
-106074319#0,0.0,50.00400000000001,0.0,0.0
-106074319#1,0.0,50.00400000000001,0.0,0.0
-106074320#0,0.0,10.007999999999997,0.0,0.0
-106074320#1,0.0,10.007999999999997,0.0,0.0
-106074325#0,0.0,50.00400000000001,0.0,0.0
-106074325#1,0.0,50.00400000000001,0.0,0.0
-106074327#0,0.0,50.00400000000001,0.0,0.0
-106074327#1,0.0,50.00400000000001,0.0,0.0
-106086721#0,0.0,39.995999999999995,0.0,0.0
-106086721#1,0.0,39.995999999999995,0.0,0.0
-106086722#0,0.0,39.995999999999995,0.0,0.0
-106086722#1,0.0,39.995999999999995,0.0,0.0
-106086725#0,0.0,79.99199999999999,0.0,0.0
-106086725#1,0.0,79.99199999999999,0.0,0.0
-106086726#0,0.0,50.00400000000001,0.0,0.0
-106086726#1,0.0,50.00400000000001,0.0,0.0
-106086729#0,0.0,50.00400000000001,0.0,0.0
-106086729#1,0.0,50.00400000000001,0.0,0.0
-106086731#0,0.0,50.00400000000001,0.0,0.0
-106086731#1,0.0,50.00400000000001,0.0,0.0
-106086733#0,0.0,50.00400000000001,0.0,0.0
-106086733#1,0.0,50.00400000000001,0.0,0.0
-106086734#0,0.0,39.995999999999995,0.0,0.0
-106086734#1,0.0,39.995999999999995,0.0,0.0
-106086735#0,0.0,50.00400000000001,0.0,0.0
-106086735#1,0.0,50.00400000000001,0.0,0.0
-106086736#0,0.0,50.00400000000001,0.0,0.0
-106086736#1,0.0,50.00400000000001,0.0,0.0
-106086740#0,0.0,39.995999999999995,0.0,0.0
-106086740#1,0.0,39.995999999999995,0.0,0.0
-106086742#0,0.0,39.995999999999995,0.0,0.0
-106086742#1,0.0,39.995999999999995,0.0,0.0
-106086744#0,0.0,50.00400000000001,0.0,0.0
-106086744#1,0.0,50.00400000000001,0.0,0.0
-106086745#0,0.0,50.00400000000001,0.0,0.0
-106086745#1,0.0,50.00400000000001,0.0,0.0
-106086746#0,0.0,39.995999999999995,0.0,0.0
-106086746#1,0.0,39.995999999999995,0.0,0.0
-106086748#0,0.0,50.00400000000001,0.0,0.0
-106086748#1,0.0,50.00400000000001,0.0,0.0
-106086751#0,0.0,39.995999999999995,0.0,0.0
-106086751#1,0.0,39.995999999999995,0.0,0.0
-106086752#0,0.0,50.00400000000001,0.0,0.0
-106086752#1,0.0,50.00400000000001,0.0,0.0
-106086755#0,0.0,50.00400000000001,0.0,0.0
-106086755#1,0.0,50.00400000000001,0.0,0.0
-106086760#0,0.0,79.99199999999999,0.0,0.0
-106086760#1,0.0,79.99199999999999,0.0,0.0
-1065785657#0,0.0,50.00400000000001,0.0,0.0
-1065785657#1,0.0,50.00400000000001,0.0,0.0
-1065785665#0,0.0,10.007999999999997,0.0,0.0
-1065785665#1,0.0,10.007999999999997,0.0,0.0
-1065785667#0,0.0,10.007999999999997,0.0,0.0
-1065785667#1,0.0,10.007999999999997,0.0,0.0
-1065785668#0,0.0,50.00400000000001,0.0,0.0
-1065785668#1,0.0,50.00400000000001,0.0,0.0
-1065795640#0,0.0,50.00400000000001,0.0,0.0
-1065795640#1,0.0,50.00400000000001,0.0,0.0
-1065795648#0,0.0,50.00400000000001,0.0,0.0
-1065795648#1,0.0,50.00400000000001,0.0,0.0
-1077615523#0,0.0,10.007999999999997,0.0,0.0
-1077615523#1,0.0,10.007999999999997,0.0,0.0
-1082139656#0,0.0,50.00400000000001,0.0,0.0
-1082139656#1,0.0,50.00400000000001,0.0,0.0
-1087118361#0,0.0,100.00800000000002,0.0,0.0
-1087118361#1,0.0,100.00800000000002,0.0,0.0
-1087118363#0,0.0,100.00800000000002,0.0,0.0
-1087118363#1,0.0,100.00800000000002,0.0,0.0
-1098478405#0,0.0,100.00800000000002,0.0,0.0
-1098478405#1,0.0,100.00800000000002,0.0,0.0
-1111799486#0,0.0,79.99199999999999,0.0,0.0
-1111799486#1,0.1,73.1787493795526,2817.7394205728574,0.2748880753142975
-1111799487#0,0.0,79.99199999999999,0.0,0.0
-1111799487#1,0.0,79.99199999999999,0.0,0.0
-1112459426#0,0.0,50.00400000000001,0.0,0.0
-1112459426#1,0.0,50.00400000000001,0.0,0.0
-1112459427#0,0.0,10.007999999999997,0.0,0.0
-1112459427#1,0.0,10.007999999999997,0.0,0.0
-111382960#0,0.0,50.00400000000001,0.0,0.0
-111382960#1,0.0,50.00400000000001,0.0,0.0
-111382968#0,0.0,50.00400000000001,0.0,0.0
-111382968#1,0.0,50.00400000000001,0.0,0.0
-111390271#0,0.0,50.00400000000001,0.0,0.0
-111390271#1,0.0,50.00400000000001,0.0,0.0
-111390272#0,0.0,50.00400000000001,0.0,0.0
-111390272#1,0.0,50.00400000000001,0.0,0.0
-111390273#0,0.0,50.00400000000001,0.0,0.0
-111390273#1,0.0,50.00400000000001,0.0,0.0
-111390274#0,0.0,10.007999999999997,0.0,0.0
-111390274#1,0.0,10.007999999999997,0.0,0.0
-111390275#0,0.0,50.00400000000001,0.0,0.0
-111390275#1,0.0,50.00400000000001,0.0,0.0
-111390276#0,0.0,50.00400000000001,0.0,0.0
-111390276#1,0.0,50.00400000000001,0.0,0.0
-111390281#0,0.0,50.00400000000001,0.0,0.0
-111390281#1,0.0,50.00400000000001,0.0,0.0
-111390282#0,0.0,50.00400000000001,0.0,0.0
-111390282#1,0.0,50.00400000000001,0.0,0.0
-111390284#0,0.0,50.00400000000001,0.0,0.0
-111390284#1,0.0,50.00400000000001,0.0,0.0
-111390285#0,0.0,39.995999999999995,0.0,0.0
-111390285#1,0.0,39.995999999999995,0.0,0.0
-111390286#0,0.0,50.00400000000001,0.0,0.0
-111390286#1,0.0,50.00400000000001,0.0,0.0
-111390287#0,0.0,50.00400000000001,0.0,0.005061214350578937
-111390287#1,0.0,50.00400000000001,0.0,0.0
-111390289#0,0.0,50.00400000000001,0.0,0.0
-111390289#1,0.0,50.00400000000001,0.0,0.0
-111390290#0,0.0,50.00400000000001,0.0,0.0
-111390290#1,0.0,50.00400000000001,0.0,0.0
-111390291#0,0.0,50.00400000000001,0.0,0.0
-111390291#1,0.0,50.00400000000001,0.0,0.0
-111390293#0,0.0,50.00400000000001,0.0,0.0
-111390293#1,0.0,50.00400000000001,0.0,0.0
-111390296#0,0.0,50.00400000000001,0.0,0.0
-111390296#1,0.0,50.00400000000001,0.0,0.0
-111390298#0,0.0,50.00400000000001,0.0,0.0
-111390298#1,0.0,50.00400000000001,0.0,0.0
-111390299#0,0.0,50.00400000000001,0.0,0.0
-111390299#1,0.0,50.00400000000001,0.0,0.0
-111390300#0,0.0,50.00400000000001,0.0,0.0
-111390300#1,0.0,50.00400000000001,0.0,0.0
-111390302#0,0.0,50.00400000000001,0.0,0.0
-111390302#1,0.0,50.00400000000001,0.0,0.0
-111390304#0,0.0,10.007999999999997,0.0,0.0
-111390304#1,0.0,10.007999999999997,0.0,0.0
-111390309#0,0.0,50.00400000000001,0.0,0.0
-111390309#1,0.0,50.00400000000001,0.0,0.0
-111390311#0,0.0,50.00400000000001,0.0,0.0
-111390311#1,0.0,50.00400000000001,0.0,0.0
-111390977#0,0.0,50.00400000000001,0.0,0.0
-111390977#1,0.0,50.00400000000001,0.0,0.0
-111390978#0,0.0,50.00400000000001,0.0,0.0
-111390978#1,0.0,50.00400000000001,0.0,0.0
-111390981#0,0.0,79.99199999999999,0.0,0.0
-111390981#1,0.0,79.99199999999999,0.0,0.0
-111507348#0,0.0,50.00400000000001,0.0,0.0
-111507348#1,0.0,50.00400000000001,0.0,0.0
-111507349#0,0.0,50.00400000000001,0.0,0.0
-111507349#1,0.0,50.00400000000001,0.0,0.0
-111507350#0,0.0,50.00400000000001,0.0,0.0
-111507350#1,0.0,50.00400000000001,0.0,0.0
-111507353#0,0.0,50.00400000000001,0.0,0.0
-111507353#1,0.0,50.00400000000001,0.0,0.0
-111507354#0,0.0,50.00400000000001,0.0,0.0
-111507354#1,0.0,50.00400000000001,0.0,0.0
-111507358#0,0.0,50.00400000000001,0.0,0.0
-111507358#1,0.0,50.00400000000001,0.0,0.0
-111507359#0,0.0,50.00400000000001,0.0,0.0
-111507359#1,0.0,50.00400000000001,0.0,0.0
-111507360#0,0.0,50.00400000000001,0.0,0.0
-111507360#1,0.0,50.00400000000001,0.0,0.0
-111507840#0,0.0,10.007999999999997,0.0,0.0
-111507840#1,0.0,10.007999999999997,0.0,0.0
-111507841#0,0.0,10.007999999999997,0.0,0.0
-111507841#1,0.0,10.007999999999997,0.0,0.0
-111507842#0,0.0,50.00400000000001,0.0,0.0
-111507842#1,0.0,50.00400000000001,0.0,0.0
-111507847#0,0.0,50.00400000000001,0.0,0.0
-111507847#1,0.0,50.00400000000001,0.0,0.0
-111507848#0,0.2,44.31864907996314,7380.592061589524,0.013217799970627112
-111507848#1,0.0,50.00400000000001,0.0,0.0
-111507854#0,0.0,10.007999999999997,0.0,0.0
-111507854#1,0.0,10.007999999999997,0.0,0.0
-111507855#0,0.0,10.007999999999997,0.0,0.0
-111507855#1,0.0,10.007999999999997,0.0,0.0
-111507856#0,0.0,50.00400000000001,0.0,0.0
-111507856#1,0.0,50.00400000000001,0.0,0.0
-111508749#0,0.0,50.00400000000001,0.0,0.0
-111508749#1,0.0,50.00400000000001,0.0,0.0
-111508752#0,0.0,79.99199999999999,0.0,0.0
-111508752#1,0.0,79.99199999999999,0.0,0.0
-111508753#0,0.0,10.007999999999997,0.0,0.0
-111508753#1,0.0,10.007999999999997,0.0,0.0
-111508754#0,0.0,39.995999999999995,0.0,0.0
-111508754#1,0.0,39.995999999999995,0.0,0.0
-111508757#0,0.0,79.99199999999999,0.0,0.0
-111508757#1,0.0,79.99199999999999,0.0,0.0
-111508759#0,0.0,39.995999999999995,0.0,0.0
-111508759#1,0.0,39.995999999999995,0.0,0.0
-111508762#0,0.0,79.99199999999999,0.0,0.0
-111508762#1,0.0,79.99199999999999,0.0,0.0
-111508766#0,0.0,79.99199999999999,0.0,0.0
-111508766#1,0.0,79.99199999999999,0.0,0.0
-111509188#0,0.0,39.995999999999995,0.0,0.0
-111509188#1,0.0,39.995999999999995,0.0,0.0
-111524056#0,0.0,50.00400000000001,0.0,0.0
-111524056#1,0.0,50.00400000000001,0.0,0.0
-111524058#0,0.0,50.00400000000001,0.0,0.0
-111524058#1,0.0,50.00400000000001,0.0,0.0
-111524060#0,0.0,50.00400000000001,0.0,0.0
-111524060#1,0.0,50.00400000000001,0.0,0.0
-111524064#0,0.0,10.007999999999997,0.0,0.0
-111524064#1,0.0,10.007999999999997,0.0,0.0
-111524067#0,0.0,50.00400000000001,0.0,0.0
-111524067#1,0.0,50.00400000000001,0.0,0.0
-111524071#0,0.0,50.00400000000001,0.0,0.0
-111524071#1,0.0,50.00400000000001,0.0,0.0
-111524640#0,0.0,50.00400000000001,0.0,0.0
-111524640#1,0.0,50.00400000000001,0.0,0.0
-111524643#0,0.0,39.995999999999995,0.0,0.0
-111524643#1,0.0,39.995999999999995,0.0,0.0
-111524646#0,0.0,50.00400000000001,0.0,0.0
-111524646#1,0.0,50.00400000000001,0.0,0.0
-111524657#0,0.0,50.00400000000001,0.0,0.0
-111524657#1,0.0,50.00400000000001,0.0,0.0
-1116172206#0,0.0,50.00400000000001,0.0,0.0
-1116172206#1,0.0,50.00400000000001,0.0,0.0
-1117754448#0,0.0,50.00400000000001,0.0,0.0
-1117754448#1,0.0,50.00400000000001,0.0,0.0
-112075897#0,0.0,79.99199999999999,0.0,0.0
-112075897#1,0.0,79.99199999999999,0.0,0.0
-112075900#0,0.0,10.007999999999997,0.0,0.0
-112075900#1,0.0,10.007999999999997,0.0,0.0
-112075903#0,0.0,50.00400000000001,0.0,0.0
-112075903#1,0.0,50.00400000000001,0.0,0.0
-112075904#0,0.0,10.007999999999997,0.0,0.0
-112075904#1,0.0,10.007999999999997,0.0,0.0
-112075909#0,0.0,50.00400000000001,0.0,0.0
-112075909#1,0.0,50.00400000000001,0.0,0.0
-112075916#0,0.0,50.00400000000001,0.0,0.0
-112075916#1,0.0,50.00400000000001,0.0,0.0
-112075917#0,0.0,10.007999999999997,0.0,0.0
-112075917#1,0.0,10.007999999999997,0.0,0.0
-112075918#0,0.0,10.007999999999997,0.0,0.0
-112075918#1,0.0,10.007999999999997,0.0,0.0
-112075919#0,0.0,10.007999999999997,0.0,0.0
-112075919#1,0.0,10.007999999999997,0.0,0.0
-112075923#0,0.0,10.007999999999997,0.0,0.0
-112075923#1,0.0,10.007999999999997,0.0,0.0
-112075930#0,0.0,50.00400000000001,0.0,0.0
-112075930#1,0.0,50.00400000000001,0.0,0.0
-112075931#0,0.0,50.00400000000001,0.0,0.0
-112075931#1,0.0,50.00400000000001,0.0,0.0
-112075933#0,0.3,10.046670683672636,20477.080968802715,0.07995007671782231
-112075933#1,0.0,10.007999999999997,0.0,0.0
-112390543#0,0.0,79.99199999999999,0.0,0.0
-112390543#1,0.0,79.99199999999999,0.0,0.0
-1124089276#0,0.0,39.995999999999995,0.0,0.0
-1124089276#1,0.0,39.995999999999995,0.0,0.0
-1124089277#0,0.0,39.995999999999995,0.0,0.0
-1124089277#1,0.0,39.995999999999995,0.0,0.0
-1124102301#0,0.0,50.00400000000001,0.0,0.0
-1124102301#1,0.0,50.00400000000001,0.0,0.0
-1124102302#0,0.0,50.00400000000001,0.0,0.0
-1124102302#1,0.0,50.00400000000001,0.0,0.0
-1124102312#0,0.0,39.995999999999995,0.0,0.0
-1124102312#1,0.0,39.995999999999995,0.0,0.0
-1124382853#0,0.0,100.00800000000002,0.0,0.0
-1124382853#1,0.0,100.00800000000002,0.0,0.0
-1124385972#0,0.0,50.00400000000001,0.0,0.0
-1124385972#1,0.0,50.00400000000001,0.0,0.0
-1124391474#0,0.0,39.995999999999995,0.0,0.0
-1124391474#1,0.0,39.995999999999995,0.0,0.0
-112486069#0,0.0,50.00400000000001,0.0,0.0
-112486069#1,0.0,50.00400000000001,0.0,0.0
-112486070#0,0.0,50.00400000000001,0.0,0.0
-112486070#1,0.0,50.00400000000001,0.0,0.0
-112492219#0,0.1,91.1008623508325,1917.9441324966788,0.008254275741653293
-112492219#1,0.1,91.79299996055742,3789.8291375678814,0.018727164005532287
-112492225#0,0.0,79.99199999999999,0.0,0.0
-112492225#1,0.0,79.99199999999999,0.0,0.0
-112492227#0,0.0,100.00800000000002,0.0,0.0
-112492227#1,0.0,100.00800000000002,0.0,0.0
-112492238#0,0.0,79.99199999999999,0.0,0.0
-112492238#1,0.0,79.99199999999999,0.0,0.0
-112492240#0,0.0,100.00800000000002,0.0,0.0
-112492240#1,0.0,100.00800000000002,0.0,0.0
-112492244#0,0.0,50.00400000000001,0.0,0.0
-112492244#1,0.0,50.00400000000001,0.0,0.0
-112492258#0,0.0,50.00400000000001,0.0,0.0
-112492258#1,0.0,50.00400000000001,0.0,0.0
-112492263#0,0.0,79.99199999999999,0.0,0.0
-112492263#1,0.0,79.99199999999999,0.0,0.0
-112492266#0,0.0,100.00800000000002,0.0,0.0
-112492266#1,0.0,100.00800000000002,0.0,0.0
-1126518489#0,0.0,100.00800000000002,0.0,0.0
-1126518489#1,0.0,100.00800000000002,0.0,0.0
-1126703035#0,0.0,100.00800000000002,0.0,0.0
-1126703035#1,0.0,100.00800000000002,0.0,0.0
-1126728233#0,0.0,100.00800000000002,0.0,0.0
-1126728233#1,0.0,100.00800000000002,0.0,0.0
-1126832790#0,0.0,100.00800000000002,0.0,0.0
-1126832790#1,0.0,100.00800000000002,0.0,0.0
-112869505#0,0.0,50.00400000000001,0.0,0.0
-112869505#1,0.0,50.00400000000001,0.0,0.0
-112869508#0,0.0,50.00400000000001,0.0,0.0
-112869508#1,0.0,50.00400000000001,0.0,0.0
-112869519#0,0.0,50.00400000000001,0.0,0.0
-112869519#1,0.0,50.00400000000001,0.0,0.0
-112869521#0,0.0,50.00400000000001,0.0,0.0
-112869521#1,0.0,50.00400000000001,0.0,0.0
-112869531#0,0.0,50.00400000000001,0.0,0.0
-112869531#1,0.0,50.00400000000001,0.0,0.0
-112869535#0,0.0,50.00400000000001,0.0,0.0
-112869535#1,0.0,50.00400000000001,0.0,0.0
-112869541#0,0.0,50.00400000000001,0.0,0.0
-112869541#1,0.0,50.00400000000001,0.0,0.0
-112869544#0,0.0,50.00400000000001,0.0,0.0
-112869544#1,0.0,50.00400000000001,0.0,0.0
-112869545#0,0.0,79.99199999999999,0.0,0.0
-112869545#1,0.0,79.99199999999999,0.0,0.0
-112869549#0,0.0,79.99199999999999,0.0,0.0
-112869549#1,0.0,79.99199999999999,0.0,0.0
-112937255#0,0.0,50.00400000000001,0.0,0.0
-112937255#1,0.0,50.00400000000001,0.0,0.0
-112937872#0,0.0,50.00400000000001,0.0,0.0
-112937872#1,0.0,50.00400000000001,0.0,0.0
-1130841856#0,0.0,79.99199999999999,0.0,0.0
-1130841856#1,0.0,79.99199999999999,0.0,0.0
-113114045#0,0.0,50.00400000000001,0.0,0.0
-113114045#1,0.0,50.00400000000001,0.0,0.0
-113114053#0,0.0,79.99199999999999,0.0,0.0
-113114053#1,0.0,79.99199999999999,0.0,0.0
-113114054#0,0.0,79.99199999999999,0.0,0.0
-113114054#1,0.0,79.99199999999999,0.0,0.0
-113114057#0,0.0,50.00400000000001,0.0,0.0
-113114057#1,0.0,50.00400000000001,0.0,0.0
-113114058#0,0.0,79.99199999999999,0.0,0.0
-113114058#1,0.0,79.99199999999999,0.0,0.0
-113114062#0,0.0,50.00400000000001,0.0,0.0
-113114062#1,0.0,50.00400000000001,0.0,0.0
-113114064#0,0.0,50.00400000000001,0.0,0.0
-113114064#1,0.0,50.00400000000001,0.0,0.0
-113119617#0,0.0,50.00400000000001,0.0,0.0
-113119617#1,0.0,50.00400000000001,0.0,0.0
-113119620#0,0.0,50.00400000000001,0.0,0.0
-113119620#1,0.0,50.00400000000001,0.0,0.0
-113119623#0,0.0,50.00400000000001,0.0,0.0
-113119623#1,0.0,50.00400000000001,0.0,0.0
-113119647#0,0.0,50.00400000000001,0.0,0.0
-113119647#1,0.0,50.00400000000001,0.0,0.0
-113382309#0,0.0,100.00800000000002,0.0,0.0
-113382309#1,0.0,100.00800000000002,0.0,0.0
-113382310#0,0.0,100.00800000000002,0.0,0.0
-113382310#1,0.0,100.00800000000002,0.0,0.0
-113382313#0,0.0,50.00400000000001,0.0,0.0
-113382313#1,0.0,50.00400000000001,0.0,0.0
-113382329#0,0.0,50.00400000000001,0.0,0.0
-113382329#1,0.0,50.00400000000001,0.0,0.0
-113382340#0,0.0,50.00400000000001,0.0,0.0
-113382340#1,0.0,50.00400000000001,0.0,0.0
-113384720#0,0.0,10.007999999999997,0.0,0.0
-113384720#1,0.0,10.007999999999997,0.0,0.0
-113384726#0,0.0,79.99199999999999,0.0,0.0
-113384726#1,0.0,79.99199999999999,0.0,0.0
-113384727#0,0.0,50.00400000000001,0.0,0.0
-113384727#1,0.0,50.00400000000001,0.0,0.0
-113384731#0,0.0,50.00400000000001,0.0,0.0
-113384731#1,0.0,50.00400000000001,0.0,0.0
-113384733#0,0.0,10.007999999999997,0.0,0.0
-113384733#1,0.0,10.007999999999997,0.0,0.0
-1136691854#0,0.0,50.00400000000001,0.0,0.0
-1136691854#1,0.0,50.00400000000001,0.0,0.0
-1142108861#0,0.0,50.00400000000001,0.0,0.0
-1142108861#1,0.0,50.00400000000001,0.0,0.0
-1147855349#0,0.0,50.00400000000001,0.0,0.0
-1147855349#1,0.0,50.00400000000001,0.0,0.0
-1147855350#0,0.0,50.00400000000001,0.0,0.0
-1147855350#1,0.0,50.00400000000001,0.0,0.0
-1147855373#0,0.0,50.00400000000001,0.0,0.0
-1147855373#1,0.0,50.00400000000001,0.0,0.0
-116024353#0,0.0,50.00400000000001,0.0,0.0
-116024353#1,0.0,50.00400000000001,0.0,0.0
-1166095159#0,0.0,50.00400000000001,0.0,0.0
-1166095159#1,0.0,50.00400000000001,0.0,0.0
-1166214529#0,0.0,50.00400000000001,0.0,0.0
-1166214529#1,0.0,50.00400000000001,0.0,0.0
-1166214530#0,0.0,50.00400000000001,0.0,0.0
-1166214530#1,0.0,50.00400000000001,0.0,0.0
-1173348713#0,0.0,50.00400000000001,0.0,0.0
-1173348713#1,0.0,50.00400000000001,0.0,0.0
-1173348714#0,0.0,50.00400000000001,0.0,0.0
-1173348714#1,0.0,50.00400000000001,0.0,0.0
-1173348715#0,0.0,50.00400000000001,0.0,0.0
-1173348715#1,0.0,50.00400000000001,0.0,0.0
-1173352075#0,0.0,50.00400000000001,0.0,0.0
-1173352075#1,0.0,50.00400000000001,0.0,0.0
-1173579782#0,0.0,50.00400000000001,0.0,0.0
-1173579782#1,0.0,50.00400000000001,0.0,0.0
-1173580100#0,0.0,50.00400000000001,0.0,0.0
-1173580100#1,0.0,50.00400000000001,0.0,0.0
-1173581902#0,0.0,10.007999999999997,0.0,0.0
-1173581902#1,0.0,10.007999999999997,0.0,0.0
-1173581903#0,0.0,10.007999999999997,0.0,0.0
-1173581903#1,0.0,10.007999999999997,0.0,0.0
-1173581904#0,0.0,50.00400000000001,0.0,0.0
-1173581904#1,0.0,50.00400000000001,0.0,0.0
-1173597754#0,0.0,79.99199999999999,0.0,0.0
-1173597754#1,0.0,79.99199999999999,0.0,0.0
-1173612346#0,0.0,50.00400000000001,0.0,0.0
-1173612346#1,0.0,50.00400000000001,0.0,0.0
-1173614134#0,0.0,50.00400000000001,0.0,0.0
-1173614134#1,0.0,50.00400000000001,0.0,0.0
-1173615570#0,0.0,10.007999999999997,0.0,0.0
-1173615570#1,0.0,10.007999999999997,0.0,0.0
-1173623344#0,0.0,50.00400000000001,0.0,0.0
-1173623344#1,0.0,50.00400000000001,0.0,0.0
-1173636057#0,0.0,50.00400000000001,0.0,0.0
-1173636057#1,0.0,50.00400000000001,0.0,0.0
-1173645422#0,0.0,50.00400000000001,0.0,0.0
-1173645422#1,0.0,50.00400000000001,0.0,0.0
-1173645423#0,0.0,50.00400000000001,0.0,0.0
-1173645423#1,0.0,50.00400000000001,0.0,0.0
-1173861152#0,0.0,50.00400000000001,0.0,0.0
-1173861152#1,0.0,50.00400000000001,0.0,0.0
-1173861153#0,0.0,50.00400000000001,0.0,0.0
-1173861153#1,0.0,50.00400000000001,0.0,0.0
-1173862460#0,0.0,50.00400000000001,0.0,0.0
-1173862460#1,0.0,50.00400000000001,0.0,0.0
-1173862461#0,0.0,10.007999999999997,0.0,0.0
-1173862461#1,0.0,10.007999999999997,0.0,0.0
-1173862895#0,0.0,50.00400000000001,0.0,0.0
-1173862895#1,0.0,50.00400000000001,0.0,0.0
-1173917946#0,0.0,10.007999999999997,0.0,0.0
-1173917946#1,0.0,10.007999999999997,0.0,0.0
-1173943728#0,0.0,50.00400000000001,0.0,0.0
-1173943728#1,0.0,50.00400000000001,0.0,0.0
-1173960382#0,0.0,39.995999999999995,0.0,0.0
-1173960382#1,0.0,39.995999999999995,0.0,0.0
-1174214862#0,0.0,79.99199999999999,0.0,0.0
-1174214862#1,0.0,79.99199999999999,0.0,0.0
-1174219172#0,0.0,79.99199999999999,0.0,0.0
-1174219172#1,0.0,79.99199999999999,0.0,0.0
-1174943963#0,0.0,50.00400000000001,0.0,0.0
-1174943963#1,0.0,50.00400000000001,0.0,0.0
-1174958323#0,0.0,100.00800000000002,0.0,0.0
-1174958323#1,0.0,100.00800000000002,0.0,0.0
-1174997023#0,0.0,100.00800000000002,0.0,0.0
-1174997023#1,0.0,100.00800000000002,0.0,0.0
-1177830629#0,0.0,50.00400000000001,0.0,0.0
-1177830629#1,0.0,50.00400000000001,0.0,0.0
-1177873557#0,0.0,50.00400000000001,0.0,0.0
-1177873557#1,0.0,50.00400000000001,0.0,0.0
-1177873558#0,0.0,50.00400000000001,0.0,0.0
-1177873558#1,0.0,50.00400000000001,0.0,0.0
-1177878222#0,0.0,10.007999999999997,0.0,0.0
-1177878222#1,0.0,10.007999999999997,0.0,0.0
-1178005070#0,0.0,50.00400000000001,0.0,0.0
-1178005070#1,0.0,50.00400000000001,0.0,0.0
-1178005978#0,0.0,50.00400000000001,0.0,0.0
-1178005978#1,0.0,50.00400000000001,0.0,0.0
-1178005979#0,0.0,50.00400000000001,0.0,0.0
-1178005979#1,0.0,50.00400000000001,0.0,0.0
-1178005980#0,0.0,50.00400000000001,0.0,0.0
-1178005980#1,0.0,50.00400000000001,0.0,0.0
-1178006786#0,0.0,50.00400000000001,0.0,0.0
-1178006786#1,0.0,50.00400000000001,0.0,0.0
-1178012433#0,0.0,50.00400000000001,0.0,0.0
-1178012433#1,0.0,50.00400000000001,0.0,0.0
-1178012659#0,0.0,50.00400000000001,0.0,0.0
-1178012659#1,0.0,50.00400000000001,0.0,0.0
-1178013884#0,0.0,50.00400000000001,0.0,0.0
-1178013884#1,0.0,50.00400000000001,0.0,0.0
-1178014356#0,0.0,50.00400000000001,0.0,0.0
-1178014356#1,0.0,50.00400000000001,0.0,0.0
-1178016910#0,0.0,50.00400000000001,0.0,0.0
-1178016910#1,0.0,50.00400000000001,0.0,0.0
-1178018200#0,0.0,10.007999999999997,0.0,0.0
-1178018200#1,0.0,10.007999999999997,0.0,0.0
-1178018481#0,0.0,50.00400000000001,0.0,0.0
-1178018481#1,0.0,50.00400000000001,0.0,0.0
-1178019785#0,0.0,50.00400000000001,0.0,0.0
-1178019785#1,0.0,50.00400000000001,0.0,0.0
-1178020752#0,0.0,50.00400000000001,0.0,0.0
-1178020752#1,0.0,50.00400000000001,0.0,0.0
-1178023089#0,0.0,50.00400000000001,0.0,0.0
-1178023089#1,0.0,50.00400000000001,0.0,0.0
-1178023292#0,0.0,50.00400000000001,0.0,0.0
-1178023292#1,0.0,50.00400000000001,0.0,0.0
-1178026570#0,0.0,10.007999999999997,0.0,0.0
-1178026570#1,0.0,10.007999999999997,0.0,0.0
-1178041322#0,0.0,10.007999999999997,0.0,0.0
-1178041322#1,0.0,10.007999999999997,0.0,0.0
-1178054906#0,0.0,50.00400000000001,0.0,0.0
-1178054906#1,0.0,50.00400000000001,0.0,0.0
-1178059730#0,0.0,10.007999999999997,0.0,0.0
-1178059730#1,0.0,10.007999999999997,0.0,0.0
-1178066511#0,0.0,50.00400000000001,0.0,0.0
-1178066511#1,0.0,50.00400000000001,0.0,0.0
-1178079762#0,0.0,10.007999999999997,0.0,0.0
-1178079762#1,0.0,10.007999999999997,0.0,0.0
-1178082172#0,0.0,50.00400000000001,0.0,0.0
-1178082172#1,0.0,50.00400000000001,0.0,0.0
-1178082173#0,0.0,50.00400000000001,0.0,0.0
-1178082173#1,0.0,50.00400000000001,0.0,0.0
-1178084930#0,0.0,50.00400000000001,0.0,0.0
-1178084930#1,0.0,50.00400000000001,0.0,0.0
-1178221148#0,0.0,50.00400000000001,0.0,0.0
-1178221148#1,0.0,50.00400000000001,0.0,0.0
-1178241327#0,0.0,10.007999999999997,0.0,0.0
-1178241327#1,0.0,10.007999999999997,0.0,0.0
-1178242076#0,0.0,10.007999999999997,0.0,0.0
-1178242076#1,0.0,10.007999999999997,0.0,0.0
-1178243258#0,0.0,10.007999999999997,0.0,0.0
-1178243258#1,0.0,10.007999999999997,0.0,0.0
-1178243917#0,0.0,10.007999999999997,0.0,0.0
-1178243917#1,0.0,10.007999999999997,0.0,0.0
-1178248679#0,0.0,50.00400000000001,0.0,0.0
-1178248679#1,0.0,50.00400000000001,0.0,0.0
-1178249918#0,0.0,50.00400000000001,0.0,0.0
-1178249918#1,0.0,50.00400000000001,0.0,0.0
-1178250043#0,0.0,50.00400000000001,0.0,0.0
-1178250043#1,0.0,50.00400000000001,0.0,0.0
-1178251026#0,0.0,50.00400000000001,0.0,0.0
-1178251026#1,0.0,50.00400000000001,0.0,0.0
-1178251381#0,0.0,50.00400000000001,0.0,0.0
-1178251381#1,0.0,50.00400000000001,0.0,0.0
-1178251559#0,0.0,50.00400000000001,0.0,0.0
-1178251559#1,0.0,50.00400000000001,0.0,0.0
-1178253793#0,0.0,50.00400000000001,0.0,0.0
-1178253793#1,0.0,50.00400000000001,0.0,0.0
-1178253794#0,0.0,50.00400000000001,0.0,0.0
-1178253794#1,0.0,50.00400000000001,0.0,0.0
-1178254347#0,0.0,10.007999999999997,0.0,0.0
-1178254347#1,0.0,10.007999999999997,0.0,0.0
-1178254826#0,0.0,50.00400000000001,0.0,0.0
-1178254826#1,0.0,50.00400000000001,0.0,0.0
-1178275604#0,0.0,50.00400000000001,0.0,0.0
-1178275604#1,0.0,50.00400000000001,0.0,0.0
-1178290042#0,0.0,50.00400000000001,0.0,0.0
-1178290042#1,0.0,50.00400000000001,0.0,0.0
-1178290043#0,0.0,50.00400000000001,0.0,0.0
-1178290043#1,0.0,50.00400000000001,0.0,0.0
-1178307367#0,0.0,10.007999999999997,0.0,0.0
-1178307367#1,0.0,10.007999999999997,0.0,0.0
-1178506612#0,0.0,10.007999999999997,0.0,0.0
-1178506612#1,0.0,10.007999999999997,0.0,0.0
-1178508775#0,0.0,10.007999999999997,0.0,0.0
-1178508775#1,0.0,10.007999999999997,0.0,0.0
-1178511199#0,0.0,10.007999999999997,0.0,0.0
-1178511199#1,0.0,10.007999999999997,0.0,0.0
-1178551423#0,0.0,50.00400000000001,0.0,0.0
-1178551423#1,0.0,50.00400000000001,0.0,0.0
-1178551957#0,0.0,50.00400000000001,0.0,0.0
-1178551957#1,0.0,50.00400000000001,0.0,0.0
-1178552817#0,0.0,50.00400000000001,0.0,0.0
-1178552817#1,0.0,50.00400000000001,0.0,0.0
-1179649245#0,0.0,10.007999999999997,0.0,0.0
-1179649245#1,0.0,10.007999999999997,0.0,0.0
-1179649329#0,0.0,50.00400000000001,0.0,0.0
-1179649329#1,0.0,50.00400000000001,0.0,0.0
-1179654405#0,0.0,50.00400000000001,0.0,0.0
-1179654405#1,0.0,50.00400000000001,0.0,0.0
-1179656148#0,0.0,50.00400000000001,0.0,0.0
-1179656148#1,0.0,50.00400000000001,0.0,0.0
-1179656375#0,0.0,50.00400000000001,0.0,0.0
-1179656375#1,0.0,50.00400000000001,0.0,0.0
-1179656550#0,0.0,79.99199999999999,0.0,0.0
-1179656550#1,0.0,79.99199999999999,0.0,0.0
-1179656571#0,0.0,50.00400000000001,0.0,0.0
-1179656571#1,0.0,50.00400000000001,0.0,0.0
-1179658205#0,0.0,50.00400000000001,0.0,0.0
-1179658205#1,0.0,50.00400000000001,0.0,0.0
-1179658206#0,0.0,50.00400000000001,0.0,0.0
-1179658206#1,0.0,50.00400000000001,0.0,0.0
-1179658207#0,0.0,50.00400000000001,0.0,0.0
-1179658207#1,0.0,50.00400000000001,0.0,0.0
-1179680637#0,0.0,50.00400000000001,0.0,0.0
-1179680637#1,0.0,50.00400000000001,0.0,0.0
-1179680638#0,0.0,50.00400000000001,0.0,0.0
-1179680638#1,0.0,50.00400000000001,0.0,0.0
-1179680639#0,0.0,50.00400000000001,0.0,0.0
-1179680639#1,0.0,50.00400000000001,0.0,0.0
-1179680640#0,0.0,50.00400000000001,0.0,0.0
-1179680640#1,0.0,50.00400000000001,0.0,0.0
-1179683035#0,0.0,50.00400000000001,0.0,0.0
-1179683035#1,0.0,50.00400000000001,0.0,0.0
-1179683036#0,0.0,50.00400000000001,0.0,0.0
-1179683036#1,0.0,50.00400000000001,0.0,0.0
-1179683037#0,0.0,50.00400000000001,0.0,0.0
-1179683037#1,0.0,50.00400000000001,0.0,0.0
-1179690701#0,0.0,50.00400000000001,0.0,0.0
-1179690701#1,0.0,50.00400000000001,0.0,0.0
-1179690702#0,0.0,50.00400000000001,0.0,0.0
-1179690702#1,0.0,50.00400000000001,0.0,0.0
-1179691291#0,0.0,50.00400000000001,0.0,0.0
-1179691291#1,0.0,50.00400000000001,0.0,0.0
-1179691292#0,0.0,50.00400000000001,0.0,0.0
-1179691292#1,0.0,50.00400000000001,0.0,0.0
-1179696116#0,0.0,50.00400000000001,0.0,0.0
-1179696116#1,0.0,50.00400000000001,0.0,0.0
-1179696117#0,0.0,50.00400000000001,0.0,0.0
-1179696117#1,0.0,50.00400000000001,0.0,0.0
-1179696118#0,0.0,50.00400000000001,0.0,0.0
-1179696118#1,0.0,50.00400000000001,0.0,0.0
-1179696119#0,0.0,50.00400000000001,0.0,0.0
-1179696119#1,0.0,50.00400000000001,0.0,0.0
-1179697502#0,0.0,50.00400000000001,0.0,0.0
-1179697502#1,0.0,50.00400000000001,0.0,0.032575479486887146
-1179697503#0,0.0,10.007999999999997,0.0,0.0
-1179697503#1,0.0,10.007999999999997,0.0,0.0
-1179697504#0,0.0,50.00400000000001,0.0,0.0
-1179697504#1,0.0,50.00400000000001,0.0,0.0
-1179702450#0,0.0,50.00400000000001,0.0,0.0
-1179702450#1,0.0,50.00400000000001,0.0,0.0
-1179702451#0,0.0,10.007999999999997,0.0,0.0
-1179702451#1,0.0,10.007999999999997,0.0,0.0
-1179702452#0,0.0,10.007999999999997,0.0,0.0
-1179702452#1,0.0,10.007999999999997,0.0,0.0
-1179702453#0,0.0,50.00400000000001,0.0,0.0
-1179702453#1,0.0,50.00400000000001,0.0,0.0
-1179910787#0,0.0,50.00400000000001,0.0,0.0
-1179910787#1,0.0,50.00400000000001,0.0,0.0
-1179910828#0,0.0,79.99199999999999,0.0,0.0
-1179910828#1,0.0,79.99199999999999,0.0,0.0
-1179913393#0,0.0,50.00400000000001,0.0,0.0
-1179913393#1,0.0,50.00400000000001,0.0,0.0
-1179913394#0,0.0,50.00400000000001,0.0,0.0
-1179913394#1,0.0,50.00400000000001,0.0,0.0
-1179915464#0,0.0,10.007999999999997,0.0,0.0
-1179915464#1,0.0,10.007999999999997,0.0,0.0
-1179915465#0,0.0,50.00400000000001,0.0,0.0
-1179915465#1,0.0,50.00400000000001,0.0,0.0
-1179916271#0,0.0,10.007999999999997,0.0,0.0
-1179916271#1,0.0,10.007999999999997,0.0,0.0
-1179955340#0,0.0,10.007999999999997,0.0,0.0
-1179955340#1,0.0,10.007999999999997,0.0,0.0
-1179956138#0,0.0,50.00400000000001,0.0,0.0
-1179956138#1,0.0,50.00400000000001,0.0,0.0
-1179956139#0,0.0,50.00400000000001,0.0,0.0
-1179956139#1,0.0,50.00400000000001,0.0,0.0
-1179956140#0,0.0,10.007999999999997,0.0,0.0
-1179956140#1,0.0,10.007999999999997,0.0,0.0
-1179962264#0,0.0,50.00400000000001,0.0,0.0
-1179962264#1,0.0,50.00400000000001,0.0,0.0
-1179964025#0,0.0,10.007999999999997,0.0,0.0
-1179964025#1,0.0,10.007999999999997,0.0,0.0
-1179976047#0,0.0,50.00400000000001,0.0,0.0
-1179976047#1,0.0,50.00400000000001,0.0,0.0
-1179978816#0,0.0,50.00400000000001,0.0,0.0
-1179978816#1,0.0,50.00400000000001,0.0,0.0
-1180133399#0,0.0,50.00400000000001,0.0,0.0
-1180133399#1,0.0,50.00400000000001,0.0,0.0
-1180590647#0,0.0,50.00400000000001,0.0,0.0
-1180590647#1,0.0,50.00400000000001,0.0,0.0
-1182001959#0,0.0,50.00400000000001,0.0,0.0
-1182001959#1,0.0,50.00400000000001,0.0,0.0
-1193489358#0,0.0,50.00400000000001,0.0,0.0
-1193489358#1,0.0,50.00400000000001,0.0,0.0
-1193489363#0,0.0,50.00400000000001,0.0,0.0
-1193489363#1,0.0,50.00400000000001,0.0,0.0
-1193489366#0,0.0,79.99199999999999,0.0,0.0
-1193489366#1,0.0,79.99199999999999,0.0,0.0
-1193725444#0,0.0,50.00400000000001,0.0,0.0
-1193725444#1,0.0,50.00400000000001,0.0,0.0
-1193913543#0,0.0,50.00400000000001,0.0,0.0
-1193913543#1,0.0,50.00400000000001,0.0,0.0
-1193913544#0,0.0,50.00400000000001,0.0,0.0
-1193913544#1,0.1,46.243018595731435,0.0,0.025972443891401596
-1193972493#0,0.0,79.99199999999999,0.0,0.0
-1193972493#1,0.0,79.99199999999999,0.0,0.0
-1193972497#0,0.0,79.99199999999999,0.0,0.0
-1193972497#1,0.0,79.99199999999999,0.0,0.0
-1194659614#0,0.0,39.995999999999995,0.0,0.0
-1194659614#1,0.0,39.995999999999995,0.0,0.0
-1195987500#0,0.0,100.00800000000002,0.0,0.0
-1195987500#1,0.0,100.00800000000002,0.0,0.0
-1195987501#0,0.0,50.00400000000001,0.0,0.0
-1195987501#1,0.0,50.00400000000001,0.0,0.0
-1195990814#0,0.0,50.00400000000001,0.0,0.0
-1195990814#1,0.0,50.00400000000001,0.0,0.0
-1198914347#0,0.0,10.007999999999997,0.0,0.0
-1198914347#1,0.0,10.007999999999997,0.0,0.0
-1198952554#0,0.0,39.995999999999995,0.0,0.0
-1198952554#1,0.0,39.995999999999995,0.0,0.0
-1198952555#0,0.0,39.995999999999995,0.0,0.0
-1198952555#1,0.0,39.995999999999995,0.0,0.0
-1199407161#0,0.1,10.063668947084263,0.0,0.01274065685164213
-1199407161#1,0.0,10.007999999999997,0.0,0.0
-1199407162#0,0.1,49.04080800917626,11303.276747567981,0.004723659723434725
-1199407162#1,0.2,45.46404724956862,3972.4713529521277,0.006407455948740352
-1199457538#0,0.0,50.00400000000001,0.0,0.0
-1199457538#1,0.0,50.00400000000001,0.0,0.0
-1199457539#0,0.0,50.00400000000001,0.0,0.0
-1199457539#1,0.0,50.00400000000001,0.0,0.0
-1199676458#0,0.0,50.00400000000001,0.0,0.0
-1199676458#1,0.0,50.00400000000001,0.0,0.0
-1199676459#0,0.0,50.00400000000001,0.0,0.0
-1199676459#1,0.0,50.00400000000001,0.0,0.0
-1199688354#0,0.0,50.00400000000001,0.0,0.0
-1199688354#1,0.0,50.00400000000001,0.0,0.0
-1199696698#0,0.0,50.00400000000001,0.0,0.0
-1199696698#1,0.0,50.00400000000001,0.0,0.0
-1200751767#0,0.0,10.007999999999997,0.0,0.0
-1200751767#1,0.0,10.007999999999997,0.0,0.0
-1200751768#0,0.0,10.007999999999997,0.0,0.0
-1200751768#1,0.0,10.007999999999997,0.0,0.0
-1201007765#0,0.0,10.007999999999997,0.0,0.0
-1201007765#1,0.0,10.007999999999997,0.0,0.0
-1201025649#0,0.0,10.007999999999997,0.0,0.03016319597812287
-1201025649#1,0.0,10.007999999999997,0.0,0.0
-1201027523#0,0.0,10.007999999999997,0.0,0.0
-1201027523#1,0.0,10.007999999999997,0.0,0.0
-1201033074#0,0.0,50.00400000000001,0.0,0.0
-1201033074#1,0.0,50.00400000000001,0.0,0.0
-1201034677#0,0.0,50.00400000000001,0.0,0.0
-1201034677#1,0.0,50.00400000000001,0.0,0.0
-1201233886#0,0.0,50.00400000000001,0.0,0.0
-1201233886#1,0.0,50.00400000000001,0.0,0.0
-1201251200#0,0.0,50.00400000000001,0.0,0.0
-1201251200#1,0.0,50.00400000000001,0.0,0.0
-1203406500#0,0.0,10.007999999999997,0.0,0.0
-1203406500#1,0.0,10.007999999999997,0.0,0.0
-1207722732#0,0.0,10.007999999999997,0.0,0.0
-1207722732#1,0.0,10.007999999999997,0.0,0.0
-1218676335#0,0.0,79.99199999999999,0.0,0.0
-1218676335#1,0.0,79.99199999999999,0.0,0.0
-1222684563#0,0.0,50.00400000000001,0.0,0.0
-1222684563#1,0.0,50.00400000000001,0.0,0.0
-1226070332#0,0.0,10.007999999999997,0.0,0.0
-1226070332#1,0.0,10.007999999999997,0.0,0.0
-1226071629#0,0.0,39.995999999999995,0.0,0.0
-1226071629#1,0.0,39.995999999999995,0.0,0.0
-1226071630#0,0.0,50.00400000000001,0.0,0.0
-1226071630#1,0.0,50.00400000000001,0.0,0.0
-1226071631#0,0.0,50.00400000000001,0.0,0.0
-1226071631#1,0.0,50.00400000000001,0.0,0.0
-1226071632#0,0.1,48.66121551582106,0.0,0.01097293343087052
-1226071632#1,0.1,47.545285031785184,5094.462362365315,0.011589118183800056
-1226393093#0,0.0,50.00400000000001,0.0,0.0
-1226393093#1,0.0,50.00400000000001,0.0,0.0
-1231300661#0,0.0,39.995999999999995,0.0,0.0
-1231300661#1,0.0,39.995999999999995,0.0,0.0
-1234203913#0,0.0,50.00400000000001,0.0,0.0
-1234203913#1,0.0,50.00400000000001,0.0,0.0
-1234203914#0,0.0,50.00400000000001,0.0,0.0
-1234203914#1,0.0,50.00400000000001,0.0,0.0
-1234590771#0,0.0,50.00400000000001,0.0,0.0
-1234590771#1,0.0,50.00400000000001,0.0,0.0
-1234590772#0,0.0,50.00400000000001,0.0,0.0
-1234590772#1,0.0,50.00400000000001,0.0,0.0
-1234832489#0,0.0,10.007999999999997,0.0,0.0
-1234832489#1,0.0,10.007999999999997,0.0,0.0
-1234847301#0,0.0,10.007999999999997,0.0,0.0
-1234847301#1,0.0,10.007999999999997,0.0,0.0
-1234847302#0,0.0,10.007999999999997,0.0,0.0
-1234847302#1,0.0,10.007999999999997,0.0,0.0
-1235109789#0,0.0,50.00400000000001,0.0,0.0
-1235109789#1,0.0,50.00400000000001,0.0,0.0
-1235109790#0,0.0,79.99199999999999,0.0,0.0
-1235109790#1,0.0,79.99199999999999,0.0,0.0
-1236194113#0,0.0,10.007999999999997,0.0,0.0
-1236194113#1,0.0,10.007999999999997,0.0,0.0
-1236557353#0,0.0,10.007999999999997,0.0,0.0
-1236557353#1,0.0,10.007999999999997,0.0,0.0
-1236569390#0,0.0,50.00400000000001,0.0,0.0
-1236569390#1,0.0,50.00400000000001,0.0,0.0
-1237249690#0,0.0,50.00400000000001,0.0,0.0
-1237249690#1,0.0,50.00400000000001,0.0,0.0
-1237249691#0,0.0,10.007999999999997,0.0,0.0
-1237249691#1,0.0,10.007999999999997,0.0,0.0
-1237977957#0,0.0,50.00400000000001,0.0,0.0
-1237977957#1,0.0,50.00400000000001,0.0,0.0032120098975153776
-1238263630#0,0.0,10.007999999999997,0.0,0.0
-1238263630#1,0.0,10.007999999999997,0.0,0.0
-1238753805#0,0.0,10.007999999999997,0.0,0.0
-1238753805#1,0.0,10.007999999999997,0.0,0.0
-1238758825#0,0.0,10.007999999999997,0.0,0.0
-1238758825#1,0.0,10.007999999999997,0.0,0.0
-1238758826#0,0.0,50.00400000000001,0.0,0.0
-1238758826#1,0.0,50.00400000000001,0.0,0.0
-1238759738#0,0.0,50.00400000000001,0.0,0.0
-1238759738#1,0.0,50.00400000000001,0.0,0.0
-1238769613#0,0.0,10.007999999999997,0.0,0.0
-1238769613#1,0.0,10.007999999999997,0.0,0.0
-1238769614#0,0.0,50.00400000000001,0.0,0.0
-1238769614#1,0.0,50.00400000000001,0.0,0.0
-1238783966#0,0.0,50.00400000000001,0.0,0.0
-1238783966#1,0.0,50.00400000000001,0.0,0.0
-1238785077#0,0.0,10.007999999999997,0.0,0.0
-1238785077#1,0.0,10.007999999999997,0.0,0.0
-1238794352#0,0.0,50.00400000000001,0.0,0.0
-1238794352#1,0.0,50.00400000000001,0.0,0.0
-1238796575#0,0.2,9.6921631778592,16465.907053924748,0.10706898340083222
-1238796575#1,0.0,10.007999999999997,0.0,0.0
-1238796576#0,0.0,50.00400000000001,0.0,0.0
-1238796576#1,0.0,50.00400000000001,0.0,0.0
-1238798046#0,0.0,50.00400000000001,0.0,0.0
-1238798046#1,0.0,50.00400000000001,0.0,0.0
-1238803278#0,0.0,10.007999999999997,0.0,0.0
-1238803278#1,0.0,10.007999999999997,0.0,0.0
-1238808251#0,0.0,50.00400000000001,0.0,0.0
-1238808251#1,0.0,50.00400000000001,0.0,0.0
-1238811560#0,0.0,10.007999999999997,0.0,0.0
-1238811560#1,0.0,10.007999999999997,0.0,0.0
-1238815922#0,0.0,10.007999999999997,0.0,0.0
-1238815922#1,0.0,10.007999999999997,0.0,0.0
-1251044893#0,0.0,50.00400000000001,0.0,0.0
-1251044893#1,0.0,50.00400000000001,0.0,0.0
-1251051922#0,0.0,79.99199999999999,0.0,0.0
-1251051922#1,0.0,79.99199999999999,0.0,0.0
-1251109565#0,0.0,50.00400000000001,0.0,0.0
-1251109565#1,0.0,50.00400000000001,0.0,0.0
-1251129389#0,0.0,39.995999999999995,0.0,0.0
-1251129389#1,0.0,39.995999999999995,0.0,0.0
-1252219994#0,0.0,39.995999999999995,0.0,0.0
-1252219994#1,0.0,39.995999999999995,0.0,0.0
-1252219995#0,0.0,39.995999999999995,0.0,0.0
-1252219995#1,0.0,39.995999999999995,0.0,0.0
-1275560130#0,0.0,50.00400000000001,0.0,0.0
-1275560130#1,0.0,50.00400000000001,0.0,0.0
-1275560131#0,0.0,10.007999999999997,0.0,0.0
-1275560131#1,0.0,10.007999999999997,0.0,0.0
-1275573515#0,0.0,50.00400000000001,0.0,0.0
-1275573515#1,0.0,50.00400000000001,0.0,0.0
-1287998019#0,0.0,50.00400000000001,0.0,0.0
-1287998019#1,0.0,50.00400000000001,0.0,0.0
-1287998020#0,0.0,50.00400000000001,0.0,0.0
-1287998020#1,0.0,50.00400000000001,0.0,0.0
-1288011208#0,0.0,39.995999999999995,0.0,0.0
-1288011208#1,0.0,39.995999999999995,0.0,0.0
-1288033146#0,0.0,10.007999999999997,0.0,0.0
-1288033146#1,0.0,10.007999999999997,0.0,0.0
-1301673408#0,0.0,79.99199999999999,0.0,0.0
-1301673408#1,0.0,79.99199999999999,0.0,0.0
-1307473986#0,0.0,39.995999999999995,0.0,0.0
-1307473986#1,0.0,39.995999999999995,0.0,0.0
-1307645610#0,0.0,100.00800000000002,0.0,0.0
-1307645610#1,0.0,100.00800000000002,0.0,0.0
-1307645611#0,0.0,100.00800000000002,0.0,0.0
-1307645611#1,0.0,100.00800000000002,0.0,0.0
-1309028078#0,0.0,50.00400000000001,0.0,0.0
-1309028078#1,0.0,50.00400000000001,0.0,0.0
-1309033380#0,0.0,100.00800000000002,0.0,0.0
-1309033380#1,0.0,100.00800000000002,0.0,0.0
-1309091386#0,0.0,50.00400000000001,0.0,0.0
-1309091386#1,0.0,50.00400000000001,0.0,0.0
-1309200484#0,0.0,10.007999999999997,0.0,0.0
-1309200484#1,0.0,10.007999999999997,0.0,0.0
-1309209159#0,0.0,10.007999999999997,0.0,0.0
-1309209159#1,0.0,10.007999999999997,0.0,0.0
-1309211043#0,0.0,50.00400000000001,0.0,0.0
-1309211043#1,0.0,50.00400000000001,0.0,0.0
-1309220232#0,0.0,50.00400000000001,0.0,0.0
-1309220232#1,0.0,50.00400000000001,0.0,0.0
-1309220233#0,0.0,50.00400000000001,0.0,0.0
-1309220233#1,0.0,50.00400000000001,0.0,0.0
-1309222782#0,0.0,10.007999999999997,0.0,0.0
-1309222782#1,0.0,10.007999999999997,0.0,0.0
-1309222783#0,0.0,50.00400000000001,0.0,0.0
-1309222783#1,0.0,50.00400000000001,0.0,0.0
-1309254612#0,0.0,79.99199999999999,0.0,0.0
-1309254612#1,0.0,79.99199999999999,0.0,0.0
-1309273789#0,0.0,79.99199999999999,0.0,0.0
-1309273789#1,0.0,79.99199999999999,0.0,0.0
-1309273790#0,0.0,50.00400000000001,0.0,0.0
-1309273790#1,0.0,50.00400000000001,0.0,0.0
-1309522060#0,0.0,50.00400000000001,0.0,0.0
-1309522060#1,0.0,50.00400000000001,0.0,0.0
-1309608501#0,0.0,10.007999999999997,0.0,0.0
-1309608501#1,0.0,10.007999999999997,0.0,0.0
-1309608502#0,0.0,10.007999999999997,0.0,0.0
-1309608502#1,0.0,10.007999999999997,0.0,0.0
-1309674215#0,0.0,50.00400000000001,0.0,0.0
-1309674215#1,0.0,50.00400000000001,0.0,0.40320513689730575
-1310024025#0,0.0,50.00400000000001,0.0,0.0
-1310024025#1,0.0,50.00400000000001,0.0,0.0
-1310033455#0,0.0,50.00400000000001,0.0,0.0
-1310033455#1,0.0,50.00400000000001,0.0,0.0
-1310033456#0,0.0,10.007999999999997,0.0,0.0
-1310033456#1,0.0,10.007999999999997,0.0,0.0
-1311474901#0,0.2,42.46960086633974,2214.3659679170914,0.011523774646166359
-1311474901#1,0.0,50.00400000000001,0.0,0.0
-131765639#0,0.0,50.00400000000001,0.0,0.0
-131765639#1,0.0,50.00400000000001,0.0,0.0
-1322138627#0,0.0,79.99199999999999,0.0,0.0
-1322138627#1,0.0,79.99199999999999,0.0,0.0
-1322138628#0,0.0,79.99199999999999,0.0,0.0
-1322138628#1,0.0,79.99199999999999,0.0,0.0
-1322138629#0,0.0,79.99199999999999,0.0,0.0
-1322138629#1,0.0,79.99199999999999,0.0,0.0
-1328080880#0,0.0,50.00400000000001,0.0,0.0
-1328080880#1,0.0,50.00400000000001,0.0,0.0
-1342408879#0,0.0,50.00400000000001,0.0,0.0
-1342408879#1,0.0,50.00400000000001,0.0,0.0
-1342411459#0,0.0,79.99199999999999,0.0,0.0
-1342411459#1,0.0,79.99199999999999,0.0,0.0
-1343388383#0,0.0,50.00400000000001,0.0,0.0
-1343388383#1,0.0,50.00400000000001,0.0,0.0
-1344947284#0,0.0,50.00400000000001,0.0,0.0
-1344947284#1,0.0,50.00400000000001,0.0,0.0
-1364197408#0,0.0,10.007999999999997,0.0,0.0
-1364197408#1,0.0,10.007999999999997,0.0,0.0
-1364197409#0,0.0,10.007999999999997,0.0,0.0
-1364197409#1,0.0,10.007999999999997,0.0,0.0
-1376079370#0,0.0,79.99199999999999,0.0,0.0
-1376079370#1,0.0,79.99199999999999,0.0,0.0
-1387725161#0,0.0,39.995999999999995,0.0,0.0
-1387725161#1,0.0,39.995999999999995,0.0,0.0
-1388746868#0,0.0,100.00800000000002,0.0,0.0
-1388746868#1,0.0,100.00800000000002,0.0,0.0
-1408487837#0,0.0,100.00800000000002,0.0,0.0
-1408487837#1,0.0,100.00800000000002,0.0,0.0
-1421475074#0,0.0,50.00400000000001,0.0,0.0
-1421475074#1,0.0,50.00400000000001,0.0,0.0
-1421475075#0,0.0,50.00400000000001,0.0,0.0
-1421475075#1,0.0,50.00400000000001,0.0,0.0
-1433973954#0,0.0,100.00800000000002,0.0,0.0
-1433973954#1,0.0,100.00800000000002,0.0,0.0
-1434292703#0,0.0,50.00400000000001,0.0,0.0
-1434292703#1,0.0,50.00400000000001,0.0,0.0
-1435087429#0,0.0,39.995999999999995,0.0,0.0
-1435087429#1,0.0,39.995999999999995,0.0,0.0
-1452322999#0,0.0,39.995999999999995,0.0,0.0
-1452322999#1,0.0,39.995999999999995,0.0,0.0
-1467575441#0,0.0,39.995999999999995,0.0,0.0
-1467575441#1,0.0,39.995999999999995,0.0,0.0
-1483305514#0,0.0,39.995999999999995,0.0,0.0
-1483305514#1,0.0,39.995999999999995,0.0,0.0
-1485642374#0,0.0,10.007999999999997,0.0,0.0
-1485642374#1,0.0,10.007999999999997,0.0,0.0
-1500294333#0,0.0,79.99199999999999,0.0,0.0
-1500294333#1,0.0,79.99199999999999,0.0,0.0
-1516991580#0,0.0,50.00400000000001,0.0,0.0
-1516991580#1,0.0,50.00400000000001,0.0,0.0
-1527718515#0,0.0,100.00800000000002,0.0,0.0
-1527718515#1,0.0,100.00800000000002,0.0,0.0
-1530047250#0,0.0,39.995999999999995,0.0,0.0
-1530047250#1,0.0,39.995999999999995,0.0,0.0
-1530047256#0,0.0,39.995999999999995,0.0,0.0
-1530047256#1,0.0,39.995999999999995,0.0,0.0
-1533459316#0,0.0,50.00400000000001,0.0,0.0
-1533459316#1,0.4,42.38435323523177,7975.970625660433,0.019476045241316877
-204283631#0,0.0,39.995999999999995,0.0,0.0
-204283631#1,0.0,39.995999999999995,0.0,0.0
-211860850#0,0.0,50.00400000000001,0.0,0.0
-211860850#1,0.0,50.00400000000001,0.0,0.0
-239266484#0,0.0,39.995999999999995,0.0,0.0
-239266484#1,0.0,39.995999999999995,0.0,0.0
-260231243#0,0.0,39.995999999999995,0.0,0.0
-260231243#1,0.0,39.995999999999995,0.0,0.0
-27553217#0,0.0,39.995999999999995,0.0,0.0
-27553217#1,0.0,39.995999999999995,0.0,0.0
-27553223#0,0.0,39.995999999999995,0.0,0.0
-27553223#1,0.0,39.995999999999995,0.0,0.0
-27553226#0,0.0,39.995999999999995,0.0,0.0
-27553226#1,0.0,39.995999999999995,0.0,0.0
-276767253#0,0.0,10.007999999999997,0.0,0.0
-276767253#1,0.0,10.007999999999997,0.0,0.0
-276777050#0,0.0,50.00400000000001,0.0,0.0
-276777050#1,0.0,50.00400000000001,0.0,0.0
-276778117#0,0.0,50.00400000000001,0.0,0.0
-276778117#1,0.0,50.00400000000001,0.0,0.0
-384345652#0,0.0,50.00400000000001,0.0,0.0
-384345652#1,0.0,50.00400000000001,0.0,0.0
-474276232#0,0.0,39.995999999999995,0.0,0.0
-474276232#1,0.0,39.995999999999995,0.0,0.0
-474276380#0,0.0,50.00400000000001,0.0,0.0
-474276380#1,0.0,50.00400000000001,0.0,0.0
-474277464#0,0.0,39.995999999999995,0.0,0.0
-474277464#1,0.0,39.995999999999995,0.0,0.0
-474277467#0,0.0,39.995999999999995,0.0,0.0
-474277467#1,0.0,39.995999999999995,0.0,0.0
-50219795#0,0.0,50.00400000000001,0.0,0.0
-50219795#1,0.0,50.00400000000001,0.0,0.0
-52085868#0,0.0,100.00800000000002,0.0,0.0
-52085868#1,0.0,100.00800000000002,0.0,0.0
-52088340#0,0.0,100.00800000000002,0.0,0.0
-52088340#1,0.0,100.00800000000002,0.0,0.0
-52097263#0,0.0,39.995999999999995,0.0,0.0
-52097263#1,0.0,39.995999999999995,0.0,0.0
-52097266#0,0.0,39.995999999999995,0.0,0.0
-52097266#1,0.0,39.995999999999995,0.0,0.0
-52097270#0,0.0,100.00800000000002,0.0,0.0
-52097270#1,0.0,100.00800000000002,0.0,0.0
-52097653#0,0.0,39.995999999999995,0.0,0.0
-52097653#1,0.0,39.995999999999995,0.0,0.0
-52097812#0,0.0,39.995999999999995,0.0,0.0
-52097812#1,0.0,39.995999999999995,0.0,0.0
-52152288#0,0.0,79.99199999999999,0.0,0.0
-52152288#1,0.0,79.99199999999999,0.0,0.0
-52152298#0,0.0,79.99199999999999,0.0,0.0
-52152298#1,0.0,79.99199999999999,0.0,0.0
-52152309#0,0.0,79.99199999999999,0.0,0.0
-52152309#1,0.0,79.99199999999999,0.0,0.0
-52152311#0,0.0,39.995999999999995,0.0,0.0
-52152311#1,0.0,39.995999999999995,0.0,0.0
-52152313#0,0.0,50.00400000000001,0.0,0.0
-52152313#1,0.0,50.00400000000001,0.0,0.0
-52152314#0,0.0,50.00400000000001,0.0,0.0
-52152314#1,0.0,50.00400000000001,0.0,0.0
-52152323#0,0.0,39.995999999999995,0.0,0.0
-52152323#1,0.0,39.995999999999995,0.0,0.0
-52152347#0,0.0,100.00800000000002,0.0,0.0
-52152347#1,0.0,100.00800000000002,0.0,0.0
-52152369#0,0.0,50.00400000000001,0.0,0.0
-52152369#1,0.0,50.00400000000001,0.0,0.0
-52152371#0,0.0,50.00400000000001,0.0,0.0
-52152371#1,0.0,50.00400000000001,0.0,0.0
-52152377#0,0.0,79.99199999999999,0.0,0.0
-52152377#1,0.0,79.99199999999999,0.0,0.0
-52152381#0,0.0,50.00400000000001,0.0,0.0
-52152381#1,0.0,50.00400000000001,0.0,0.0
-52152383#0,0.0,79.99199999999999,0.0,0.0
-52152383#1,0.0,79.99199999999999,0.0,0.0
-52153238#0,0.0,39.995999999999995,0.0,0.0
-52153238#1,0.0,39.995999999999995,0.0,0.0
-52153242#0,0.0,50.00400000000001,0.0,0.0
-52153242#1,0.0,50.00400000000001,0.0,0.0
-52155529#0,0.0,39.995999999999995,0.0,0.0
-52155529#1,0.0,39.995999999999995,0.0,0.0
-52155571#0,0.0,39.995999999999995,0.0,0.0
-52155571#1,0.0,39.995999999999995,0.0,0.0
-52155574#0,0.0,39.995999999999995,0.0,0.0
-52155574#1,0.0,39.995999999999995,0.0,0.0
-52155575#0,0.0,39.995999999999995,0.0,0.0
-52155575#1,0.0,39.995999999999995,0.0,0.0
-52155576#0,0.0,39.995999999999995,0.0,0.0
-52155576#1,0.0,39.995999999999995,0.0,0.0
-52155579#0,0.0,39.995999999999995,0.0,0.0
-52155579#1,0.0,39.995999999999995,0.0,0.0
-52155736#0,0.0,50.00400000000001,0.0,0.0
-52155736#1,0.0,50.00400000000001,0.0,0.0
-52155737#0,0.0,50.00400000000001,0.0,0.0
-52155737#1,0.0,50.00400000000001,0.0,0.0
-52155743#0,0.0,79.99199999999999,0.0,0.0
-52155743#1,0.0,79.99199999999999,0.0,0.0
-52155750#0,0.0,50.00400000000001,0.0,0.0
-52155750#1,0.0,50.00400000000001,0.0,0.0
-52155752#0,0.0,50.00400000000001,0.0,0.0
-52155752#1,0.0,50.00400000000001,0.0,0.0
-52246276#0,0.0,39.995999999999995,0.0,0.0
-52246276#1,0.0,39.995999999999995,0.0,0.0
-52246282#0,0.0,39.995999999999995,0.0,0.0
-52246282#1,0.0,39.995999999999995,0.0,0.0
-52246283#0,0.0,50.00400000000001,0.0,0.0
-52246283#1,0.0,50.00400000000001,0.0,0.0
-540134654#0,0.0,79.99199999999999,0.0,0.0
-540134654#1,0.0,79.99199999999999,0.0,0.0
-540139649#0,0.0,79.99199999999999,0.0,0.0
-540139649#1,0.0,79.99199999999999,0.0,0.0
-540143493#0,0.0,10.007999999999997,0.0,0.0
-540143493#1,0.0,10.007999999999997,0.0,0.0
-562638719#0,0.0,39.995999999999995,0.0,0.0
-562638719#1,0.0,39.995999999999995,0.0,0.0
-562694503#0,0.0,50.00400000000001,0.0,0.0
-562694503#1,0.0,50.00400000000001,0.0,0.0
-563518385#0,0.0,39.995999999999995,0.0,0.0
-563518385#1,0.1,39.609908024851144,0.0,0.013694461351186854
-61009787#0,0.0,79.99199999999999,0.0,0.0
-61009787#1,0.0,79.99199999999999,0.0,0.0
-647934898#0,0.0,39.995999999999995,0.0,0.0
-647934898#1,0.0,39.995999999999995,0.0,0.0
-656173035#0,0.0,39.995999999999995,0.0,0.0
-656173035#1,0.0,39.995999999999995,0.0,0.0
-656173039#0,0.0,39.995999999999995,0.0,0.0
-656173039#1,0.0,39.995999999999995,0.0,0.0
-656173043#0,0.0,39.995999999999995,0.0,0.0
-656173043#1,0.0,39.995999999999995,0.0,0.0
-656886145#0,0.0,39.995999999999995,0.0,0.0
-656886145#1,0.0,39.995999999999995,0.0,0.0
-656896103#0,0.0,50.00400000000001,0.0,0.0
-656896103#1,0.0,50.00400000000001,0.0,0.0
-656898093#0,0.0,79.99199999999999,0.0,0.0
-656898093#1,0.0,79.99199999999999,0.0,0.0
-657492311#0,0.0,50.00400000000001,0.0,0.0
-657492311#1,0.0,50.00400000000001,0.0,0.0
-659403198#0,0.0,50.00400000000001,0.0,0.0
-659403198#1,0.0,50.00400000000001,0.0,0.0
-689102809#0,0.0,50.00400000000001,0.0,0.0
-689102809#1,0.0,50.00400000000001,0.0,0.0
-689130935#0,0.0,50.00400000000001,0.0,0.0
-689130935#1,0.0,50.00400000000001,0.0,0.0
-689137124#0,0.0,50.00400000000001,0.0,0.0
-689137124#1,0.0,50.00400000000001,0.0,0.0
-689148362#0,0.0,50.00400000000001,0.0,0.0
-689148362#1,0.0,50.00400000000001,0.0,0.0
-689173399#0,0.0,50.00400000000001,0.0,0.0
-689173399#1,0.0,50.00400000000001,0.0,0.0
-689179814#0,0.0,50.00400000000001,0.0,0.0
-689179814#1,0.0,50.00400000000001,0.0,0.0
-689189834#0,0.0,50.00400000000001,0.0,0.0
-689189834#1,0.0,50.00400000000001,0.0,0.0
-689198100#0,0.0,100.00800000000002,0.0,0.0
-689198100#1,0.0,100.00800000000002,0.0,0.0
-689557739#0,0.0,79.99199999999999,0.0,0.0
-689557739#1,0.0,79.99199999999999,0.0,0.0
-689607708#0,0.0,50.00400000000001,0.0,0.0
-689607708#1,0.0,50.00400000000001,0.0,0.0
-689627819#0,0.0,50.00400000000001,0.0,0.0
-689627819#1,0.0,50.00400000000001,0.0,0.0
-689669925#0,0.0,50.00400000000001,0.0,0.0
-689669925#1,0.0,50.00400000000001,0.0,0.0
-693286158#0,0.0,50.00400000000001,0.0,0.0
-693286158#1,0.0,50.00400000000001,0.0,0.0
-693306850#0,0.0,50.00400000000001,0.0,0.0
-693306850#1,0.0,50.00400000000001,0.0,0.0
-693308751#0,0.0,50.00400000000001,0.0,0.0
-693308751#1,0.0,50.00400000000001,0.0,0.0
-693490018#0,0.0,50.00400000000001,0.0,0.0
-693490018#1,0.0,50.00400000000001,0.0,0.0
-696816224#0,0.0,50.00400000000001,0.0,0.0
-696816224#1,0.0,50.00400000000001,0.0,0.0
-696897743#0,0.0,39.995999999999995,0.0,0.0
-696897743#1,0.0,39.995999999999995,0.0,0.0
-696897745#0,0.0,100.00800000000002,0.0,0.0
-696897745#1,0.0,100.00800000000002,0.0,0.0
-696906710#0,0.0,10.007999999999997,0.0,0.0
-696906710#1,0.3,10.053306208303328,2386.3200918807975,0.03217166503259009
-696915248#0,0.0,50.00400000000001,0.0,0.0
-696915248#1,0.0,50.00400000000001,0.0,0.0
-696915249#0,0.0,50.00400000000001,0.0,0.0
-696915249#1,0.0,50.00400000000001,0.0,0.0
-697059657#0,0.0,50.00400000000001,0.0,0.0
-697059657#1,0.0,50.00400000000001,0.0,0.0
-697059658#0,0.0,50.00400000000001,0.0,0.0
-697059658#1,0.0,50.00400000000001,0.0,0.0
-697065657#0,0.0,50.00400000000001,0.0,0.0
-697065657#1,0.0,50.00400000000001,0.0,0.0
-697065658#0,0.0,50.00400000000001,0.0,0.0
-697065658#1,0.0,50.00400000000001,0.0,0.0
-697098357#0,0.0,50.00400000000001,0.0,0.0
-697098357#1,0.0,50.00400000000001,0.0,0.0
-706569279#0,0.0,50.00400000000001,0.0,0.0
-706569279#1,0.0,50.00400000000001,0.0,0.0
-706569280#0,0.0,50.00400000000001,0.0,0.0
-706569280#1,0.0,50.00400000000001,0.0,0.0
-749320088#0,0.0,79.99199999999999,0.0,0.0
-749320088#1,0.0,79.99199999999999,0.0,0.0
-771670219#0,0.0,50.00400000000001,0.0,0.0
-771670219#1,0.0,50.00400000000001,0.0,0.0
-79808866#0,0.0,39.995999999999995,0.0,0.0
-79808866#1,0.0,39.995999999999995,0.0,0.0
-875641792#0,0.0,100.00800000000002,0.0,0.0
-875641792#1,0.0,100.00800000000002,0.0,0.0
-995135242#0,0.0,10.007999999999997,0.0,0.0
-995135242#1,0.2,10.059194865839384,5431.605073306705,0.021271567005436066
-995135243#0,0.0,10.007999999999997,0.0,0.0
-995135243#1,0.0,10.007999999999997,0.0,0.0
-995135244#0,0.0,50.00400000000001,0.0,0.0
-995135244#1,0.0,50.00400000000001,0.0,0.0
-995135248#0,0.0,50.00400000000001,0.0,0.0
-995135248#1,0.0,50.00400000000001,0.0,0.0
-995135250#0,0.0,50.00400000000001,0.0,0.0
-995135250#1,0.0,50.00400000000001,0.0,0.0
-995135254#0,0.0,10.007999999999997,0.0,0.0
-995135254#1,0.0,10.007999999999997,0.0,0.0
-995135255#0,0.0,50.00400000000001,0.0,0.0
-995135255#1,0.0,50.00400000000001,0.0,0.0
-995135256#0,0.0,10.007999999999997,0.0,0.0
-995135256#1,0.0,10.007999999999997,0.0,0.0
-995139901#0,0.0,50.00400000000001,0.0,0.0
-995139901#1,0.0,50.00400000000001,0.0,0.0
-995139903#0,0.0,10.007999999999997,0.0,0.0
-995139903#1,0.0,10.007999999999997,0.0,0.0
-995139905#0,0.0,50.00400000000001,0.0,0.0
-995139905#1,0.0,50.00400000000001,0.0,0.0
-995139906#0,0.0,50.00400000000001,0.0,0.0
-995139906#1,0.0,50.00400000000001,0.0,0.0
-995139933#0,0.0,50.00400000000001,0.0,0.0
-995139933#1,0.0,50.00400000000001,0.0,0.0
-995139934#0,0.0,50.00400000000001,0.0,0.0
-995139934#1,0.0,50.00400000000001,0.0,0.0
-995139936#0,0.0,50.00400000000001,0.0,0.0
-995139936#1,0.0,50.00400000000001,0.0,0.0
-995139938#0,0.0,50.00400000000001,0.0,0.0
-995139938#1,0.0,50.00400000000001,0.0,0.0
-995139946#0,0.0,10.007999999999997,0.0,0.0
-995139946#1,0.0,10.007999999999997,0.0,0.0
-995140650#0,0.0,10.007999999999997,0.0,0.0
-995140650#1,0.0,10.007999999999997,0.0,0.0
-995157448#0,0.0,10.007999999999997,0.0,0.0
-995157448#1,0.0,10.007999999999997,0.0,0.0
101745726,0.0,39.995999999999995,0.0,0.0
101745727,0.0,39.995999999999995,0.0,0.0
101750899#0,0.0,79.99199999999999,0.0,0.0
101750899#1,0.0,79.99199999999999,0.0,0.0
101750913#0,0.0,100.00800000000002,0.0,0.0
101750913#1,0.0,100.00800000000002,0.0,0.0
101757243#0,0.0,50.00400000000001,0.0,0.0
101757243#1,0.0,50.00400000000001,0.0,0.0
101757252#0,0.0,10.007999999999997,0.0,0.0
101757252#1,0.0,10.007999999999997,0.0,0.0
101757273#0,0.0,79.99199999999999,0.0,0.0
101757273#1,0.0,79.99199999999999,0.0,0.0
101757288#0,0.0,50.00400000000001,0.0,0.0
101757288#1,0.0,50.00400000000001,0.0,0.0
101757291#0,0.0,79.99199999999999,0.0,0.0
101757291#1,0.0,79.99199999999999,0.0,0.0
101757302#0,0.0,50.00400000000001,0.0,0.0
101757302#1,0.0,50.00400000000001,0.0,0.0
101757306#0,0.0,50.00400000000001,0.0,0.0
101757306#1,0.0,50.00400000000001,0.0,0.0
101757312#0,0.0,50.00400000000001,0.0,0.0
101757312#1,0.0,50.00400000000001,0.0,0.0
101757321#0,0.0,50.00400000000001,0.0,0.0
101757321#1,0.0,50.00400000000001,0.0,0.0
101757323#0,0.0,79.99199999999999,0.0,0.0
101757323#1,0.0,79.99199999999999,0.0,0.0
101943113#0,0.0,50.00400000000001,0.0,0.0
101943113#1,0.0,50.00400000000001,0.0,0.0
101943118#0,0.0,50.00400000000001,0.0,0.0
101943118#1,0.0,50.00400000000001,0.0,0.0
101943121#0,0.0,50.00400000000001,0.0,0.0
101943121#1,0.0,50.00400000000001,0.0,0.0
101943122#0,0.0,50.00400000000001,0.0,0.0
101943122#1,0.0,50.00400000000001,0.0,0.0
101943123#0,0.0,50.00400000000001,0.0,0.0
101943123#1,0.0,50.00400000000001,0.0,0.0
101943124#0,0.0,79.99199999999999,0.0,0.0
101943124#1,0.0,79.99199999999999,0.0,0.0
101943131#0,0.0,79.99199999999999,0.0,0.0
101943131#1,0.0,79.99199999999999,0.0,0.0
101943132#0,0.0,50.00400000000001,0.0,0.0
101943132#1,0.0,50.00400000000001,0.0,0.0
101943134#0,0.0,50.00400000000001,0.0,0.0
101943134#1,0.0,50.00400000000001,0.0,0.0
101943135#0,0.0,50.00400000000001,0.0,0.0
101943135#1,0.0,50.00400000000001,0.0,0.0
101943138#0,0.0,10.007999999999997,0.0,0.0
101943138#1,0.0,10.007999999999997,0.0,0.0
101943140#0,0.0,79.99199999999999,0.0,0.0
101943140#1,0.0,79.99199999999999,0.0,0.0
101943144#0,0.3,9.204436959032991,5379.2756102012545,0.04741833508956797
101943144#1,0.0,10.007999999999997,0.0,0.0
101943150#0,0.0,50.00400000000001,0.0,0.0
101943150#1,0.0,50.00400000000001,0.0,0.0
101943152#0,0.0,50.00400000000001,0.0,0.0
101943152#1,0.0,50.00400000000001,0.0,0.0
101943153#0,0.0,79.99199999999999,0.0,0.0
101943153#1,0.0,79.99199999999999,0.0,0.0
101943154#0,0.0,50.00400000000001,0.0,0.0
101943154#1,0.0,50.00400000000001,0.0,0.0
101943160#0,0.0,79.99199999999999,0.0,0.0
101943160#1,0.0,79.99199999999999,0.0,0.0
101943171#0,0.0,50.00400000000001,0.0,0.0
101943171#1,0.0,50.00400000000001,0.0,0.0
101943172#0,0.0,50.00400000000001,0.0,0.0
101943172#1,0.0,50.00400000000001,0.0,0.0
101943180#0,0.0,50.00400000000001,0.0,0.0
101943180#1,0.0,50.00400000000001,0.0,0.0
101966381#0,0.0,10.007999999999997,0.0,0.0
101966381#1,0.0,10.007999999999997,0.0,0.0
101966385#0,0.0,50.00400000000001,0.0,0.0
101966385#1,0.0,50.00400000000001,0.0,0.0
101966393#0,0.0,50.00400000000001,0.0,0.0
101966393#1,0.0,50.00400000000001,0.0,0.0
101966396#0,0.0,50.00400000000001,0.0,0.0
101966396#1,0.0,50.00400000000001,0.0,0.0
101966397#0,0.0,50.00400000000001,0.0,0.0
101966397#1,0.0,50.00400000000001,0.0,0.0
101966424#0,0.0,50.00400000000001,0.0,0.0
101966424#1,0.0,50.00400000000001,0.0,0.0
101966427#0,0.0,50.00400000000001,0.0,0.0
101966427#1,0.0,50.00400000000001,0.0,0.0
101966430#0,0.0,50.00400000000001,0.0,0.0
101966430#1,0.0,50.00400000000001,0.0,0.0
101966443#0,0.0,79.99199999999999,0.0,0.0
101966443#1,0.0,79.99199999999999,0.0,0.0
101966453#0,0.0,50.00400000000001,0.0,0.0
101966453#1,0.0,50.00400000000001,0.0,0.0
101966457#0,0.0,50.00400000000001,0.0,0.0
101966457#1,0.0,50.00400000000001,0.0,0.0
101966461#0,0.0,50.00400000000001,0.0,0.0
101966461#1,0.0,50.00400000000001,0.0,0.0
101966462#0,0.0,50.00400000000001,0.0,0.0
101966462#1,0.0,50.00400000000001,0.0,0.0
101966481#0,0.0,50.00400000000001,0.0,0.0
101966481#1,0.0,50.00400000000001,0.0,0.0
101966486#0,0.0,10.007999999999997,0.0,0.0
101966486#1,0.0,10.007999999999997,0.0,0.0
101966488#0,0.0,50.00400000000001,0.0,0.0
101966488#1,0.0,50.00400000000001,0.0,0.0
101966492#0,0.0,50.00400000000001,0.0,0.0
101966492#1,0.0,50.00400000000001,0.0,0.0
101966494#0,0.0,50.00400000000001,0.0,0.0
101966494#1,0.0,50.00400000000001,0.0,0.0
101966506#0,0.0,50.00400000000001,0.0,0.0
101966506#1,0.0,50.00400000000001,0.0,0.0
101966508#0,0.0,50.00400000000001,0.0,0.0
101966508#1,0.0,50.00400000000001,0.0,0.0
101966510#0,0.0,79.99199999999999,0.0,0.0
101966510#1,0.0,79.99199999999999,0.0,0.0
101972876#0,0.0,50.00400000000001,0.0,0.0
101972876#1,0.0,50.00400000000001,0.0,0.0
101972878#0,0.0,50.00400000000001,0.0,0.0
101972878#1,0.0,50.00400000000001,0.0,0.0
101972883#0,0.0,50.00400000000001,0.0,0.0
101972883#1,0.0,50.00400000000001,0.0,0.0
101972886#0,0.0,50.00400000000001,0.0,0.0
101972886#1,0.0,50.00400000000001,0.0,0.0
101972889#0,0.0,10.007999999999997,0.0,0.0
101972889#1,0.0,10.007999999999997,0.0,0.0
101972892#0,0.0,50.00400000000001,0.0,0.0
101972892#1,0.0,50.00400000000001,0.0,0.0
101972898#0,0.0,50.00400000000001,0.0,0.0
101972898#1,0.0,50.00400000000001,0.0,0.0
101972902#0,0.0,50.00400000000001,0.0,0.0
101972902#1,0.0,50.00400000000001,0.0,0.0
101972909#0,0.0,50.00400000000001,0.0,0.0
101972909#1,0.0,50.00400000000001,0.0,0.0
101972912#0,0.0,50.00400000000001,0.0,0.0
101972912#1,0.0,50.00400000000001,0.0,0.0
101972913#0,0.0,50.00400000000001,0.0,0.0
101972913#1,0.0,50.00400000000001,0.0,0.0
101972916#0,0.0,10.007999999999997,0.0,0.0
101972916#1,0.0,10.007999999999997,0.0,0.0
101972917#0,0.0,10.007999999999997,0.0,0.0
101972917#1,0.0,10.007999999999997,0.0,0.20424530197370733
101972921#0,0.0,50.00400000000001,0.0,0.0
101972921#1,0.0,50.00400000000001,0.0,0.0
101972924#0,0.0,79.99199999999999,0.0,0.0
101972924#1,0.0,79.99199999999999,0.0,0.0
101972930#0,0.0,10.007999999999997,0.0,0.0
101972930#1,0.0,10.007999999999997,0.0,0.0
101972934,0.0,39.995999999999995,0.0,0.0
101972940#0,0.0,50.00400000000001,0.0,0.0
101972940#1,0.0,50.00400000000001,0.0,0.0
101972944#0,0.0,50.00400000000001,0.0,0.0
101972944#1,0.0,50.00400000000001,0.0,0.0
101972949#0,0.0,39.995999999999995,0.0,0.0
101972949#1,0.1,37.65429406953596,16431.92463544657,0.04284949116229244
101972952#0,0.0,50.00400000000001,0.0,0.0
101972952#1,0.0,50.00400000000001,0.0,0.0
101972954#0,0.0,50.00400000000001,0.0,0.0
101972954#1,0.0,50.00400000000001,0.0,0.0
101972955#0,0.0,50.00400000000001,0.0,0.0
101972955#1,0.0,50.00400000000001,0.0,0.0
101972956#0,0.0,50.00400000000001,0.0,0.0
101972956#1,0.0,50.00400000000001,0.0,0.0
101972960#0,0.0,50.00400000000001,0.0,0.0
101972960#1,0.0,50.00400000000001,0.0,0.0
101972962#0,0.0,50.00400000000001,0.0,0.0
101972962#1,0.0,50.00400000000001,0.0,0.0
101972963,0.0,39.995999999999995,0.0,0.0
101972966#0,0.0,50.00400000000001,0.0,0.0
101972966#1,0.0,50.00400000000001,0.0,0.0
101972968#0,0.0,10.007999999999997,0.0,0.0
101972968#1,0.0,10.007999999999997,0.0,0.0
101999555#0,0.0,79.99199999999999,0.0,0.0
101999555#1,0.0,79.99199999999999,0.0,0.0
102004664#0,0.0,10.007999999999997,0.0,0.0
102004664#1,0.0,10.007999999999997,0.0,0.0
102004665#0,0.0,10.007999999999997,0.0,0.0
102004665#1,0.0,10.007999999999997,0.0,0.0
102015126#0,0.0,79.99199999999999,0.0,0.0
102015126#1,0.0,79.99199999999999,0.0,0.0
102015135#0,0.0,79.99199999999999,0.0,0.0
102015135#1,0.0,79.99199999999999,0.0,0.0
102015141#0,0.0,50.00400000000001,0.0,0.0
102015141#1,0.0,50.00400000000001,0.0,0.0
102015145#0,0.0,50.00400000000001,0.0,0.018103794009305067
102015145#1,0.1,46.275675631237455,4642.833740222868,0.011469515852260128
102015151#0,0.0,79.99199999999999,0.0,0.0
102015151#1,0.1,73.90386526226568,3077.543565187257,0.018062397372742203
102015157#0,0.0,50.00400000000001,0.0,0.0
102015157#1,0.0,50.00400000000001,0.0,0.0
102015158#0,0.0,50.00400000000001,0.0,0.0
102015158#1,0.0,50.00400000000001,0.0,0.0
102015169#0,0.0,50.00400000000001,0.0,0.0
102015169#1,0.0,50.00400000000001,0.0,0.0
102015173#0,0.0,50.00400000000001,0.0,0.0
102015173#1,0.0,50.00400000000001,0.0,0.0
102015185#0,0.0,50.00400000000001,0.0,0.0
102015185#1,0.0,50.00400000000001,0.0,0.0
102015187#0,0.0,50.00400000000001,0.0,0.0008866551278198031
102015187#1,0.0,50.00400000000001,0.0,0.0
102015198#0,0.0,50.00400000000001,0.0,0.0
102015198#1,0.0,50.00400000000001,0.0,0.0
102018179,0.0,79.99199999999999,0.0,0.0
102018183#0,0.0,10.007999999999997,0.0,0.0
102018183#1,0.0,10.007999999999997,0.0,0.0
102018257#0,0.0,100.00800000000002,0.0,0.0
102018257#1,0.0,100.00800000000002,0.0,0.0
102023517#0,0.0,50.00400000000001,0.0,0.0
102023517#1,0.0,50.00400000000001,0.0,0.0
102023527#0,0.0,50.00400000000001,0.0,0.0
102023527#1,0.0,50.00400000000001,0.0,0.0
102023528#0,0.0,10.007999999999997,0.0,0.0
102023528#1,0.0,10.007999999999997,0.0,0.0
102023533#0,0.0,50.00400000000001,0.0,0.0
102023533#1,0.0,50.00400000000001,0.0,0.0
102023536#0,0.0,39.995999999999995,0.0,0.0
102023536#1,0.0,39.995999999999995,0.0,0.0
102023538#0,0.0,79.99199999999999,0.0,0.0
102023538#1,0.0,79.99199999999999,0.0,0.0
102023543#0,0.0,79.99199999999999,0.0,0.0
102023543#1,0.0,79.99199999999999,0.0,0.0
102023551#0,0.0,50.00400000000001,0.0,0.0
102023551#1,0.1,46.33184251461374,3949.555883354361,0.3182512654969071
102023553#0,0.0,50.00400000000001,0.0,0.0
102023553#1,0.0,50.00400000000001,0.0,0.0
102023558#0,0.0,79.99199999999999,0.0,0.0
102023558#1,0.0,79.99199999999999,0.0,0.0
102023561#0,0.0,50.00400000000001,0.0,0.0
102023561#1,0.0,50.00400000000001,0.0,0.0
102023563#0,0.0,10.007999999999997,0.0,0.0
102023563#1,0.0,10.007999999999997,0.0,0.0
102023565#0,0.0,50.00400000000001,0.0,0.0
102023565#1,0.0,50.00400000000001,0.0,0.0
102023575#0,0.0,50.00400000000001,0.0,0.0
102023575#1,0.0,50.00400000000001,0.0,0.0
102023576#0,0.0,50.00400000000001,0.0,0.0
102023576#1,0.0,50.00400000000001,0.0,0.0
102023577#0,0.0,50.00400000000001,0.0,0.0
102023577#1,0.0,50.00400000000001,0.0,0.0
102023578#0,0.0,79.99199999999999,0.0,0.0
102023578#1,0.0,79.99199999999999,0.0,0.0
102023589#0,0.0,10.007999999999997,0.0,0.0
102023589#1,0.0,10.007999999999997,0.0,0.0
102023597#0,0.0,50.00400000000001,0.0,0.0
102023597#1,0.0,50.00400000000001,0.0,0.0
102023601#0,0.4,39.73944311211906,17448.30429319304,0.02533452364040255
102023601#1,0.0,50.00400000000001,0.0,0.0
102026426#0,0.0,39.995999999999995,0.0,0.0
102026426#1,0.0,39.995999999999995,0.0,0.0
102027267#0,0.5,37.8034919609578,13881.182309209898,0.01037966508280666
102027267#1,0.2,39.28170772744698,4490.649649491483,0.003814044158155698
102192896#0,0.0,39.995999999999995,0.0,0.0
102192896#1,0.0,39.995999999999995,0.0,0.0
102192901#0,0.0,79.99199999999999,0.0,0.0
102192901#1,0.0,79.99199999999999,0.0,0.0
102192906,0.0,100.00800000000002,0.0,0.0
102192907#0,0.0,50.00400000000001,0.0,0.0
102192907#1,0.0,50.00400000000001,0.0,0.0
102192909#0,0.0,79.99199999999999,0.0,0.0
102192909#1,0.0,79.99199999999999,0.0,0.0
102658954#0,0.0,79.99199999999999,0.0,0.0
102658954#1,0.0,79.99199999999999,0.0,0.0
102658955#0,0.0,10.007999999999997,0.0,0.0
102658955#1,0.0,10.007999999999997,0.0,0.0
102658957#0,0.0,100.00800000000002,0.0,0.0
102658957#1,0.0,100.00800000000002,0.0,0.0
102658958#0,0.0,10.007999999999997,0.0,0.0
102658958#1,0.0,10.007999999999997,0.0,0.0
102658960#0,0.0,50.00400000000001,0.0,0.0
102658960#1,0.0,50.00400000000001,0.0,0.0
102658961#0,0.0,10.007999999999997,0.0,0.0
102658961#1,0.0,10.007999999999997,0.0,0.0
102658965#0,0.0,100.00800000000002,0.0,0.0
102658965#1,0.0,100.00800000000002,0.0,0.0
102658965#2,0.0,100.00800000000002,0.0,0.0
102688627#0,0.0,39.995999999999995,0.0,0.0
102688627#1,0.0,39.995999999999995,0.0,0.0
102688628#1,0.0,79.99199999999999,0.0,0.0
102688629#0,0.0,39.995999999999995,0.0,0.0
102688629#1,0.0,39.995999999999995,0.0,0.0
102688631#1,0.0,39.995999999999995,0.0,0.0
102690982#0,0.0,39.995999999999995,0.0,0.0
102690982#1,0.0,39.995999999999995,0.0,0.0
102690982#2,0.0,39.995999999999995,0.0,0.0
102690983#0,0.0,79.99199999999999,0.0,0.0
102690983#1,0.0,79.99199999999999,0.0,0.0
102690983#2,0.0,79.99199999999999,0.0,0.0
102690986#0,0.0,79.99199999999999,0.0,0.0
102690986#1,0.0,79.99199999999999,0.0,0.0
102690986#2,0.0,79.99199999999999,0.0,0.0
102690989#0,0.0,39.995999999999995,0.0,0.0
102690989#1,0.0,39.995999999999995,0.0,0.0
102690990#0,0.0,79.99199999999999,0.0,0.0
102690990#1,0.0,79.99199999999999,0.0,0.0
102690993#0,0.0,39.995999999999995,0.0,0.0
102690993#1,0.0,39.995999999999995,0.0,0.0
102690993#2,0.0,39.995999999999995,0.0,0.0
102690993#3,0.0,39.995999999999995,0.0,0.0
102690997,0.0,50.00400000000001,0.0,0.0
102691001#0,0.0,39.995999999999995,0.0,0.0
102691001#1,0.0,39.995999999999995,0.0,0.0
102784452#0,0.0,100.00800000000002,0.0,0.0
102784452#1,0.0,100.00800000000002,0.0,0.0
102784452#2,0.0,100.00800000000002,0.0,0.0
102784452#3,0.0,100.00800000000002,0.0,0.0
102784452#4,0.0,100.00800000000002,0.0,0.0
102784452#5,0.0,100.00800000000002,0.0,0.0
102784452#6,0.0,100.00800000000002,0.0,0.0
102784461#0,0.0,39.995999999999995,0.0,0.0
102784461#1,0.0,39.995999999999995,0.0,0.0
102791559#0,0.0,39.995999999999995,0.0,0.0
102791559#1,0.0,39.995999999999995,0.0,0.0
102791559#2,0.0,39.995999999999995,0.0,0.0
102791559#3,0.0,39.995999999999995,0.0,0.0
102791560#0,0.0,10.007999999999997,0.0,0.0
102791560#1,0.0,10.007999999999997,0.0,0.0
102791562#0,0.0,79.99199999999999,0.0,0.0
102791562#1,0.0,79.99199999999999,0.0,0.0
102825250#0,0.0,79.99199999999999,0.0,0.0
102825250#1,0.0,79.99199999999999,0.0,0.0
102825255#0,0.4,8.703033140000976,0.0,0.04756871035940803
102825255#1,0.0,10.007999999999997,0.0,0.0
102825261#0,0.0,10.007999999999997,0.0,0.0
102825261#1,0.0,10.007999999999997,0.0,0.0
102825266#0,0.0,10.007999999999997,0.0,0.0
102825266#1,0.0,10.007999999999997,0.0,0.0
102825267#0,0.0,10.007999999999997,0.0,0.0
102825267#1,0.0,10.007999999999997,0.0,0.0
102825269#0,0.0,10.007999999999997,0.0,0.0
102825269#1,0.0,10.007999999999997,0.0,0.0
102825271#0,0.0,10.007999999999997,0.0,0.0
102825271#1,0.0,10.007999999999997,0.0,0.0
102825272#0,0.0,50.00400000000001,0.0,0.0
102825272#1,0.0,50.00400000000001,0.0,0.0
102825273#0,0.0,10.007999999999997,0.0,0.0
102825273#1,0.0,10.007999999999997,0.0,0.0
102825275#0,0.0,79.99199999999999,0.0,0.0
102825275#1,0.0,79.99199999999999,0.0,0.0
102825277#0,0.0,50.00400000000001,0.0,0.0
102825277#1,0.0,50.00400000000001,0.0,0.0
1029381530#0,0.0,39.995999999999995,0.0,0.0
1029381530#1,0.0,39.995999999999995,0.0,0.0
1029381531#2,0.0,39.995999999999995,0.0,0.0
1029381531#3,0.0,39.995999999999995,0.0,0.0
102945905#0,0.0,50.00400000000001,0.0,0.0
102945905#1,0.0,50.00400000000001,0.0,0.0
102945908#0,0.0,10.007999999999997,0.0,0.0
102945908#1,0.0,10.007999999999997,0.0,0.0
102945909#0,0.0,79.99199999999999,0.0,0.0
102945909#1,0.0,79.99199999999999,0.0,0.0
102945910#0,0.0,10.007999999999997,0.0,0.0
102945910#1,0.0,10.007999999999997,0.0,0.0
102945911#0,0.0,50.00400000000001,0.0,0.0
102945911#1,0.0,50.00400000000001,0.0,0.0
102945912#0,0.0,50.00400000000001,0.0,0.0
102945912#1,0.0,50.00400000000001,0.0,0.0
102945913#0,0.0,79.99199999999999,0.0,0.0
102945913#1,0.0,79.99199999999999,0.0,0.0
102945914#0,0.0,50.00400000000001,0.0,0.0
102945914#1,0.0,50.00400000000001,0.0,0.0
102945915#0,0.0,50.00400000000001,0.0,0.0
102945915#1,0.0,50.00400000000001,0.0,0.0
102945916#0,0.0,79.99199999999999,0.0,0.0
102945916#1,0.0,79.99199999999999,0.0,0.0
102953442#0,0.0,50.00400000000001,0.0,0.0
102953442#1,0.0,50.00400000000001,0.0,0.0
102953446#0,0.0,50.00400000000001,0.0,0.0
102953446#1,0.0,50.00400000000001,0.0,0.0
102953452#0,0.0,10.007999999999997,0.0,0.0
102953452#1,0.0,10.007999999999997,0.0,0.0
102953455#0,0.0,10.007999999999997,0.0,0.0
102953455#1,0.0,10.007999999999997,0.0,0.0
102953465#0,0.0,79.99199999999999,0.0,0.0
102953465#1,0.0,79.99199999999999,0.0,0.0
102953469#0,0.0,39.995999999999995,0.0,0.0
102953469#1,0.0,39.995999999999995,0.0,0.0
102953474#0,0.0,10.007999999999997,0.0,0.0
102953474#1,0.0,10.007999999999997,0.0,0.0
102953476,0.0,79.99199999999999,0.0,0.0
102953478#0,0.0,79.99199999999999,0.0,0.0
102953478#1,0.0,79.99199999999999,0.0,0.0
102953483#0,0.0,10.007999999999997,0.0,0.0
102953483#1,0.0,10.007999999999997,0.0,0.0
102953484#0,0.0,10.007999999999997,0.0,0.0
102953484#1,0.0,10.007999999999997,0.0,0.0
102953487#0,0.0,10.007999999999997,0.0,0.0
102953487#1,0.0,10.007999999999997,0.0,0.0
102953489#0,0.0,10.007999999999997,0.0,0.0
102953489#1,0.0,10.007999999999997,0.0,0.0
102953495#0,0.0,10.007999999999997,0.0,0.0
102953495#1,0.0,10.007999999999997,0.0,0.0
102961691#0,0.0,39.995999999999995,0.0,0.0
102961691#1,0.0,39.995999999999995,0.0,0.0
102961691#2,0.0,39.995999999999995,0.0,0.0
102961691#3,0.0,39.995999999999995,0.0,0.0
102961691#4,0.0,39.995999999999995,0.0,0.0
102961691#5,0.0,39.995999999999995,0.0,0.0
102961691#6,0.0,39.995999999999995,0.0,0.0
102961695#0,0.0,50.00400000000001,0.0,0.0
102961695#1,0.0,50.00400000000001,0.0,0.0
102961698#1,0.0,50.00400000000001,0.0,0.0
102961705#0,0.0,79.99199999999999,0.0,0.0
102961705#1,0.0,79.99199999999999,0.0,0.0
102961708#0,0.0,50.00400000000001,0.0,0.0
102961708#1,0.0,50.00400000000001,0.0,0.0
102961717#0,0.0,50.00400000000001,0.0,0.0
102961717#1,0.0,50.00400000000001,0.0,0.0
102961724#0,0.0,50.00400000000001,0.0,0.0
102961724#1,0.0,50.00400000000001,0.0,0.0
102961744#0,0.0,50.00400000000001,0.0,0.0
102961744#1,0.0,50.00400000000001,0.0,0.0
102961758#0,0.0,10.007999999999997,0.0,0.0
102961758#1,0.0,10.007999999999997,0.0,0.0
102961785#0,0.0,50.00400000000001,0.0,0.0
102961785#1,0.0,50.00400000000001,0.0,0.0
102961791#0,0.0,50.00400000000001,0.0,0.0
102961791#1,0.0,50.00400000000001,0.0,0.0
103010074#0,0.0,79.99199999999999,0.0,0.0
103010074#1,0.0,79.99199999999999,0.0,0.0
103021788#0,0.0,10.007999999999997,0.0,0.0
103021788#1,0.0,10.007999999999997,0.0,0.0
103021802#0,0.0,50.00400000000001,0.0,0.0
103021802#1,0.0,50.00400000000001,0.0,0.0
103050318#0,0.0,50.00400000000001,0.0,0.0
103050318#1,0.0,50.00400000000001,0.0,0.0
103050320#0,0.0,10.007999999999997,0.0,0.0
103050320#1,0.0,10.007999999999997,0.0,0.0
103050326#0,0.0,50.00400000000001,0.0,0.0
103050326#1,0.0,50.00400000000001,0.0,0.0
103050328#0,0.0,50.00400000000001,0.0,0.0
103050328#1,0.0,50.00400000000001,0.0,0.0
103050330#0,0.0,50.00400000000001,0.0,0.0
103050330#1,0.0,50.00400000000001,0.0,0.0
103050337#0,0.0,50.00400000000001,0.0,0.0
103050337#1,0.3,40.48987005291861,10567.650158144404,0.05781928091256113
103079247,0.0,50.00400000000001,0.0,0.0
103079270#0,0.0,50.00400000000001,0.0,0.0
103079270#1,0.0,50.00400000000001,0.0,0.0
103079277#0,0.0,50.00400000000001,0.0,0.0
103079277#1,0.0,50.00400000000001,0.0,0.0
103079292#0,0.0,50.00400000000001,0.0,0.0
103079292#1,0.0,50.00400000000001,0.0,0.0
103082290#0,0.0,10.007999999999997,0.0,0.0
103082290#1,0.0,10.007999999999997,0.0,0.0
103082294#0,0.0,50.00400000000001,0.0,0.0
103082294#1,0.0,50.00400000000001,0.0,0.0
103082296#0,0.0,50.00400000000001,0.0,0.0
103082296#1,0.0,50.00400000000001,0.0,0.0
103082298#0,0.0,79.99199999999999,0.0,0.0
103082298#1,0.0,79.99199999999999,0.0,0.0
103082300#0,0.0,50.00400000000001,0.0,0.0
103082300#1,0.0,50.00400000000001,0.0,0.0
103082301#0,0.0,50.00400000000001,0.0,0.0
103082301#1,0.0,50.00400000000001,0.0,0.0
103082303#0,0.0,50.00400000000001,0.0,0.0
103082303#1,0.0,50.00400000000001,0.0,0.0
103082306#0,0.0,10.007999999999997,0.0,0.0
103082306#1,0.0,10.007999999999997,0.0,0.0
103082309#0,0.0,10.007999999999997,0.0,0.0
103082309#1,0.0,10.007999999999997,0.0,0.0
103082310#0,0.0,50.00400000000001,0.0,0.0
103082310#1,0.0,50.00400000000001,0.0,0.0
103082312,0.0,79.99199999999999,0.0,0.0
103082313#0,0.0,10.007999999999997,0.0,0.0
103082313#1,0.0,10.007999999999997,0.0,0.0
103082314#0,0.0,39.995999999999995,0.0,0.0
103082314#1,0.0,39.995999999999995,0.0,0.0
103082316#0,0.0,50.00400000000001,0.0,0.0
103082316#1,0.0,50.00400000000001,0.0,0.0
103082317#0,0.0,39.995999999999995,0.0,0.0
103082317#1,0.0,39.995999999999995,0.0,0.0
103082318#0,0.0,39.995999999999995,0.0,0.0
103082318#1,0.0,39.995999999999995,0.0,0.0
103082323#0,0.1,40.58004543599984,18350.65524396593,0.016691776544992827
103082323#1,0.0,39.995999999999995,0.0,0.0
103082324#0,0.0,10.007999999999997,0.0,0.0
103082324#1,0.0,10.007999999999997,0.0,0.0
103082325#0,0.0,50.00400000000001,0.0,0.0
103082325#1,0.1,48.476256631268846,3919.7630275345564,0.024469820554649267
103082326#0,0.0,50.00400000000001,0.0,0.0
103082326#1,0.0,50.00400000000001,0.0,0.0
1032032666#1,0.0,39.995999999999995,0.0,0.0
1032034246#0,0.0,39.995999999999995,0.0,0.0
1032034246#1,0.0,39.995999999999995,0.0,0.0
1032034247#1,0.0,39.995999999999995,0.0,0.0
103212679#0,0.0,50.00400000000001,0.0,0.0
103212679#1,0.0,50.00400000000001,0.0,0.0
103212682#0,0.0,50.00400000000001,0.0,0.0
103212682#1,0.0,50.00400000000001,0.0,0.0
103212684#0,0.0,50.00400000000001,0.0,0.0
103212684#1,0.0,50.00400000000001,0.0,0.0
103212686#0,0.0,10.007999999999997,0.0,0.0
103212686#1,0.0,10.007999999999997,0.0,0.0
103212687#0,0.0,10.007999999999997,0.0,0.0
103212687#1,0.0,10.007999999999997,0.0,0.0
103212688#0,0.0,10.007999999999997,0.0,0.0
103212688#1,0.0,10.007999999999997,0.0,0.0
103212689#0,0.0,50.00400000000001,0.0,0.0
103212689#1,0.0,50.00400000000001,0.0,0.0
103212690#0,0.0,10.007999999999997,0.0,0.0
103212690#1,0.0,10.007999999999997,0.0,0.0
103212692#0,0.0,50.00400000000001,0.0,0.0
103212692#1,0.0,50.00400000000001,0.0,0.0
103212693#0,0.0,50.00400000000001,0.0,0.0
103212693#1,0.0,50.00400000000001,0.0,0.0
103212694#0,0.0,50.00400000000001,0.0,0.0
103212694#1,0.0,50.00400000000001,0.0,0.0
103212696#0,0.0,10.007999999999997,0.0,0.0
103212696#1,0.0,10.007999999999997,0.0,0.0
103212697#0,0.0,10.007999999999997,0.0,0.0
103212697#1,0.0,10.007999999999997,0.0,0.0
103212698#0,0.0,50.00400000000001,0.0,0.0
103212698#1,0.0,50.00400000000001,0.0,0.0
103212702#0,0.0,50.00400000000001,0.0,0.0
103212702#1,0.0,50.00400000000001,0.0,0.0
103230480#0,0.0,50.00400000000001,0.0,0.0
103230480#1,0.0,50.00400000000001,0.0,0.0
103230482#0,0.3,9.5401505987087,3091.290027355597,0.03244412400865177
103230482#1,0.0,10.007999999999997,0.0,0.0
103230483#0,0.0,50.00400000000001,0.0,0.0
103230483#1,0.0,50.00400000000001,0.0,0.0
103230484#0,0.0,50.00400000000001,0.0,0.0
103230484#1,0.0,50.00400000000001,0.0,0.0
103230487#0,0.0,50.00400000000001,0.0,0.0
103230487#1,0.0,50.00400000000001,0.0,0.0
103230488#0,0.0,50.00400000000001,0.0,0.0
103230488#1,0.0,50.00400000000001,0.0,0.0
103230491#0,0.0,50.00400000000001,0.0,0.0
103230491#1,0.0,50.00400000000001,0.0,0.0
103230495#0,0.0,10.007999999999997,0.0,0.0
103230495#1,0.0,10.007999999999997,0.0,0.0
103230496#0,0.0,10.007999999999997,0.0,0.0
103230496#1,0.0,10.007999999999997,0.0,0.0
103230498#0,0.0,10.007999999999997,0.0,0.0
103230498#1,0.0,10.007999999999997,0.0,0.0
103230499#0,0.0,10.007999999999997,0.0,0.0
103230499#1,0.0,10.007999999999997,0.0,0.0
103230503#0,0.0,50.00400000000001,0.0,0.0
103230503#1,0.0,50.00400000000001,0.0,0.0
103230506#0,0.0,39.995999999999995,0.0,0.0
103230506#1,0.0,39.995999999999995,0.0,0.0
103230510#0,0.0,50.00400000000001,0.0,0.0
103230510#1,0.0,50.00400000000001,0.0,0.0
103230511#0,0.0,50.00400000000001,0.0,0.0
103230511#1,0.0,50.00400000000001,0.0,0.0
103230516#0,0.0,39.995999999999995,0.0,0.0
103230516#1,0.0,39.995999999999995,0.0,0.0
103230519#0,0.0,10.007999999999997,0.0,0.0
103230519#1,0.0,10.007999999999997,0.0,0.0
103230520#0,0.0,10.007999999999997,0.0,0.0
103230520#1,0.0,10.007999999999997,0.0,0.0
103230522#0,0.0,10.007999999999997,0.0,0.0
103230522#1,0.0,10.007999999999997,0.0,0.0
103230523#0,0.0,50.00400000000001,0.0,0.0
103230523#1,0.0,50.00400000000001,0.0,0.0
103230525#0,0.0,10.007999999999997,0.0,0.0
103230525#1,0.0,10.007999999999997,0.0,0.0
103230526#0,0.0,10.007999999999997,0.0,0.0
103230526#1,0.0,10.007999999999997,0.0,0.0
103230527#0,0.0,50.00400000000001,0.0,0.0
103230527#1,0.0,50.00400000000001,0.0,0.0
103230538#0,0.0,10.007999999999997,0.0,0.0
103230538#1,0.0,10.007999999999997,0.0,0.0
103230541#0,0.0,10.007999999999997,0.0,0.0
103230541#1,0.0,10.007999999999997,0.0,0.0
103230544#0,0.0,50.00400000000001,0.0,0.0
103230544#1,0.0,50.00400000000001,0.0,0.0
103230546#0,0.0,50.00400000000001,0.0,0.0
103230546#1,0.0,50.00400000000001,0.0,0.0
103230552#0,0.0,50.00400000000001,0.0,0.0
103230552#1,0.0,50.00400000000001,0.0,0.0
103230557#0,0.0,79.99199999999999,0.0,0.0
103230557#1,0.0,79.99199999999999,0.0,0.0
103230564#0,0.0,50.00400000000001,0.0,0.0
103230564#1,0.0,50.00400000000001,0.0,0.0
103230568#0,0.0,10.007999999999997,0.0,0.0
103230568#1,0.0,10.007999999999997,0.0,0.0
103230574#0,0.0,10.007999999999997,0.0,0.0
103230574#1,0.0,10.007999999999997,0.0,0.0
103230578#0,0.0,50.00400000000001,0.0,0.0
103230578#1,0.0,50.00400000000001,0.0,0.0
103230584#0,0.0,50.00400000000001,0.0,0.0
103230584#1,0.0,50.00400000000001,0.0,0.0
103230587#0,0.0,50.00400000000001,0.0,0.0
103230587#1,0.0,50.00400000000001,0.0,0.0
103230595#0,0.0,50.00400000000001,0.0,0.0
103230595#1,0.0,50.00400000000001,0.0,0.0
103230597#0,0.0,50.00400000000001,0.0,0.0
103230597#1,0.0,50.00400000000001,0.0,0.0
103230598#0,0.0,50.00400000000001,0.0,0.0
103230598#1,0.0,50.00400000000001,0.0,0.0
103230607#0,0.1,47.29607278596483,0.0,0.00383075047884381
103230607#1,0.0,50.00400000000001,0.0,0.0
103230608#0,0.0,10.007999999999997,0.0,0.0
103230608#1,0.0,10.007999999999997,0.0,0.0
103230612#0,0.0,39.995999999999995,0.0,0.0
103230612#1,0.0,39.995999999999995,0.0,0.0
103230616#0,0.0,50.00400000000001,0.0,0.0
103230616#1,0.0,50.00400000000001,0.0,0.0
103230617#0,0.0,50.00400000000001,0.0,0.0
103230617#1,0.0,50.00400000000001,0.0,0.0
103477614#0,0.0,50.00400000000001,0.0,0.0
103477614#1,0.0,50.00400000000001,0.0,0.0
103477615#0,0.0,50.00400000000001,0.0,0.0
103477615#1,0.0,50.00400000000001,0.0,0.0
103477620#0,0.0,50.00400000000001,0.0,0.0
103477620#1,0.0,50.00400000000001,0.0,0.0
103477621#0,0.0,50.00400000000001,0.0,0.0
103477621#1,0.0,50.00400000000001,0.0,0.0
103477623#0,0.0,10.007999999999997,0.0,0.0
103477623#1,0.0,10.007999999999997,0.0,0.0
103477624#0,0.0,10.007999999999997,0.0,0.0
103477624#1,0.0,10.007999999999997,0.0,0.0
103477626#0,0.0,50.00400000000001,0.0,0.0
103477626#1,0.0,50.00400000000001,0.0,0.0
103477627#0,0.0,50.00400000000001,0.0,0.0
103477627#1,0.0,50.00400000000001,0.0,0.0
103477628#0,0.0,50.00400000000001,0.0,0.0
103477628#1,0.0,50.00400000000001,0.0,0.0
103477631#0,0.0,50.00400000000001,0.0,0.0
103477631#1,0.0,50.00400000000001,0.0,0.0
103477632#0,0.0,100.00800000000002,0.0,0.0
103477632#1,0.0,100.00800000000002,0.0,0.0
103477633#0,0.0,50.00400000000001,0.0,0.0
103477633#1,0.0,50.00400000000001,0.0,0.0
103477635#0,0.0,50.00400000000001,0.0,0.0
103477635#1,0.0,50.00400000000001,0.0,0.0
103477637#0,0.0,10.007999999999997,0.0,0.0
103477637#1,0.0,10.007999999999997,0.0,0.0
103477642#0,0.0,10.007999999999997,0.0,0.0
103477642#1,0.0,10.007999999999997,0.0,0.0
103477645#0,0.0,79.99199999999999,0.0,0.0
103477645#1,0.0,79.99199999999999,0.0,0.0
103477646#0,0.0,50.00400000000001,0.0,0.0
103477646#1,0.0,50.00400000000001,0.0,0.0
103477647#0,0.0,50.00400000000001,0.0,0.0
103477647#1,0.0,50.00400000000001,0.0,0.0
103477648#0,0.0,50.00400000000001,0.0,0.0
103477648#1,0.0,50.00400000000001,0.0,0.0
103477652#0,0.0,79.99199999999999,0.0,0.0
103477652#1,0.0,79.99199999999999,0.0,0.0
103477657#0,0.0,50.00400000000001,0.0,0.0
103477657#1,0.0,50.00400000000001,0.0,0.0
103477658#0,0.0,10.007999999999997,0.0,0.0
103477658#1,0.3,9.541984212185792,2364.6136172922293,0.05677039529015979
103477666#0,0.1,49.31833569724215,3982.0376250821682,0.0065321527072144
103477666#1,0.0,50.00400000000001,0.0,0.0
103477673#0,0.0,50.00400000000001,0.0,0.0
103477673#1,0.0,50.00400000000001,0.0,0.0
103477679#0,0.0,50.00400000000001,0.0,0.0
103477679#1,0.0,50.00400000000001,0.0,0.0
103477684#0,0.0,79.99199999999999,0.0,0.0
103477684#1,0.0,79.99199999999999,0.0,0.0
103477690#0,0.0,50.00400000000001,0.0,0.0
103477690#1,0.0,50.00400000000001,0.0,0.0
103568923#0,0.0,50.00400000000001,0.0,0.0
103568923#1,0.0,50.00400000000001,0.0,0.0
103568933#0,0.0,10.007999999999997,0.0,0.0
103568933#1,0.0,10.007999999999997,0.0,0.0
103568936#0,0.0,10.007999999999997,0.0,0.0
103568936#1,0.0,10.007999999999997,0.0,0.0
103568941#0,0.0,10.007999999999997,0.0,0.0
103568941#1,0.0,10.007999999999997,0.0,0.0
103568947#0,0.0,50.00400000000001,0.0,0.0
103568947#1,0.0,50.00400000000001,0.0,0.0
103568951#0,0.0,79.99199999999999,0.0,0.0
103568951#1,0.2,74.85628233328018,3880.097006125758,0.018298965028821217
103568952#0,0.0,79.99199999999999,0.0,0.0
103568952#1,0.0,79.99199999999999,0.0,0.0
103568959#0,0.0,50.00400000000001,0.0,0.0
103568959#1,0.0,50.00400000000001,0.0,0.0
103572004#0,0.0,50.00400000000001,0.0,0.0
103572004#1,0.0,50.00400000000001,0.0,0.0
103572005#0,0.0,10.007999999999997,0.0,0.0
103572005#1,0.0,10.007999999999997,0.0,0.0
103572007#0,0.0,50.00400000000001,0.0,0.0
103572007#1,0.0,50.00400000000001,0.0,0.0
103572011#0,0.0,10.007999999999997,0.0,0.0
103572011#1,0.0,10.007999999999997,0.0,0.0
103572013#0,0.0,50.00400000000001,0.0,0.0
103572013#1,0.0,50.00400000000001,0.0,0.0
103572015#0,0.1,47.4516583428107,13896.410376311747,0.06256517205422316
103572015#1,0.0,50.00400000000001,0.0,0.04641992876458185
103572019#0,0.0,10.007999999999997,0.0,0.0
103572019#1,0.0,10.007999999999997,0.0,0.0
103574979#0,0.0,50.00400000000001,0.0,0.0
103574979#1,0.0,50.00400000000001,0.0,0.0
103574980#0,0.0,10.007999999999997,0.0,0.0
103574980#1,0.0,10.007999999999997,0.0,0.0
103574981#0,0.0,50.00400000000001,0.0,0.0
103574981#1,0.0,50.00400000000001,0.0,0.0
103574982#0,0.0,50.00400000000001,0.0,0.0
103574982#1,0.0,50.00400000000001,0.0,0.0
103585516#0,0.0,50.00400000000001,0.0,0.0
103585516#1,0.0,50.00400000000001,0.0,0.0
103585518#0,0.0,50.00400000000001,0.0,0.0
103585518#1,0.3,43.230773351698396,3883.0409824223775,0.03874856486796785
103585520#0,0.4,41.0563279988775,0.0,0.05459245294298335
103585520#1,0.0,50.00400000000001,0.0,0.0
103585521#0,0.0,50.00400000000001,0.0,0.0
103585521#1,0.0,50.00400000000001,0.0,0.0
103585523#0,0.1,46.90566864735281,16434.432441181958,0.06818181818181818
103585523#1,0.0,50.00400000000001,0.0,0.0
103593754#0,0.0,10.007999999999997,0.0,0.0
103593754#1,0.0,10.007999999999997,0.0,0.0
103593755#0,0.0,10.007999999999997,0.0,0.0
103593755#1,0.0,10.007999999999997,0.0,0.0
103593756#0,0.0,10.007999999999997,0.0,0.0
103593756#1,0.0,10.007999999999997,0.0,0.0
103593759#0,0.0,50.00400000000001,0.0,0.0
103593759#1,0.0,50.00400000000001,0.0,0.0
103593760#0,0.0,10.007999999999997,0.0,0.0
103593760#1,0.0,10.007999999999997,0.0,0.0
103593762#0,0.0,10.007999999999997,0.0,0.0
103593762#1,0.0,10.007999999999997,0.0,0.0
103593766#0,0.0,50.00400000000001,0.0,0.0
103593766#1,0.0,50.00400000000001,0.0,0.0
103593768#0,0.0,50.00400000000001,0.0,0.0
103593768#1,0.0,50.00400000000001,0.0,0.0
103593769#0,0.0,10.007999999999997,0.0,0.0
103593769#1,0.0,10.007999999999997,0.0,0.0
103593773#0,0.0,50.00400000000001,0.0,0.0
103593773#1,0.0,50.00400000000001,0.0,0.0
103593774#0,0.0,10.007999999999997,0.0,0.0
103593774#1,0.0,10.007999999999997,0.0,0.0
103593775#0,0.0,10.007999999999997,0.0,0.0
103593775#1,0.0,10.007999999999997,0.0,0.0
103593776#0,0.0,10.007999999999997,0.0,0.0
103593776#1,0.0,10.007999999999997,0.0,0.0
103593778#0,0.0,10.007999999999997,0.0,0.0
103593778#1,0.0,10.007999999999997,0.0,0.0
103593779#0,0.0,10.007999999999997,0.0,0.0
103593779#1,0.0,10.007999999999997,0.0,0.0
103593780#0,0.0,10.007999999999997,0.0,0.0
103593780#1,0.0,10.007999999999997,0.0,0.0
103593781#0,0.0,50.00400000000001,0.0,0.0
103593781#1,0.0,50.00400000000001,0.0,0.0
103593782#0,0.0,10.007999999999997,0.0,0.0
103593782#1,0.0,10.007999999999997,0.0,0.0
103593783#0,0.0,50.00400000000001,0.0,0.0
103593783#1,0.0,50.00400000000001,0.0,0.0
103593784#0,0.0,50.00400000000001,0.0,0.0
103593784#1,0.0,50.00400000000001,0.0,0.0
103594693#0,0.0,50.00400000000001,0.0,0.0
103594693#1,0.0,50.00400000000001,0.0,0.0
103594695#0,0.0,50.00400000000001,0.0,0.0
103594695#1,0.0,50.00400000000001,0.0,0.0
103594696#0,0.0,50.00400000000001,0.0,0.0
103594696#1,0.0,50.00400000000001,0.0,0.0
103594697#0,0.0,50.00400000000001,0.0,0.0
103594697#1,0.0,50.00400000000001,0.0,0.0
103594699#0,0.0,50.00400000000001,0.0,0.0
103594699#1,0.0,50.00400000000001,0.0,0.0
103594700#0,0.0,50.00400000000001,0.0,0.0
103594700#1,0.0,50.00400000000001,0.0,0.0
103594701#0,0.0,10.007999999999997,0.0,0.0
103594701#1,0.0,10.007999999999997,0.0,0.0
103594703#0,0.0,10.007999999999997,0.0,0.0
103594703#1,0.0,10.007999999999997,0.0,0.0
103594704#0,0.0,50.00400000000001,0.0,0.0
103594704#1,0.0,50.00400000000001,0.0,0.0
103594705#0,0.0,50.00400000000001,0.0,0.0
103594705#1,0.0,50.00400000000001,0.0,0.0
103594706#0,0.0,50.00400000000001,0.0,0.0
103594706#1,0.0,50.00400000000001,0.0,0.0
103594707#0,0.0,50.00400000000001,0.0,0.0
103594707#1,0.0,50.00400000000001,0.0,0.0
103594708#0,0.0,50.00400000000001,0.0,0.0
103594708#1,0.3,43.95278698070045,15601.337244983002,0.02636209027650905
103594709#0,0.0,10.007999999999997,0.0,0.0
103594709#1,0.0,10.007999999999997,0.0,0.0
103594711#0,0.0,50.00400000000001,0.0,0.0
103594711#1,0.0,50.00400000000001,0.0,0.0
103594712#0,0.0,50.00400000000001,0.0,0.0
103594712#1,0.0,50.00400000000001,0.0,0.0
103594716#0,0.0,39.995999999999995,0.0,0.0
103594716#1,0.0,39.995999999999995,0.0,0.0
103594717#0,0.0,50.00400000000001,0.0,0.0
103594717#1,0.0,50.00400000000001,0.0,0.0
103594719#0,0.0,10.007999999999997,0.0,0.0
103594719#1,0.0,10.007999999999997,0.0,0.0
103594720#0,0.0,50.00400000000001,0.0,0.0
103594720#1,0.0,50.00400000000001,0.0,0.0
103594721#0,0.0,50.00400000000001,0.0,0.0
103594721#1,0.0,50.00400000000001,0.0,0.0
103594722#0,0.0,10.007999999999997,0.0,0.0
103594722#1,0.0,10.007999999999997,0.0,0.0
103625250#0,0.0,50.00400000000001,0.0,0.0
103625250#1,0.0,50.00400000000001,0.0,0.0
103625251#0,0.0,50.00400000000001,0.0,0.0
103625251#1,0.0,50.00400000000001,0.0,0.0
103625252#0,0.0,50.00400000000001,0.0,0.0
103625252#1,0.0,50.00400000000001,0.0,0.0
103625253#0,0.0,50.00400000000001,0.0,0.0
103625253#1,0.0,50.00400000000001,0.0,0.0
103625254#0,0.0,50.00400000000001,0.0,0.0
103625254#1,0.0,50.00400000000001,0.0,0.0
103625256#0,0.0,50.00400000000001,0.0,0.0
103625256#1,0.0,50.00400000000001,0.0,0.0
103625257#0,0.0,50.00400000000001,0.0,0.0
103625257#1,0.0,50.00400000000001,0.0,0.0
103625259#0,0.0,10.007999999999997,0.0,0.0
103625259#1,0.0,10.007999999999997,0.0,0.0
103625260#0,0.0,50.00400000000001,0.0,0.0
103625260#1,0.0,50.00400000000001,0.0,0.0
103626313#0,0.0,50.00400000000001,0.0,0.0
103626313#1,0.0,50.00400000000001,0.0,0.0
103626314#0,0.0,50.00400000000001,0.0,0.0
103626314#1,0.0,50.00400000000001,0.0,0.0
103626315#0,0.1,47.327683212853145,16205.222961266702,0.03903708523096942
103626315#1,0.1,46.32656013718885,15093.3187034201,0.049605230608701215
103626316#0,0.0,10.007999999999997,0.0,0.0
103626316#1,0.0,10.007999999999997,0.0,0.0
103626317#0,0.0,10.007999999999997,0.0,0.0
103626317#1,0.0,10.007999999999997,0.0,0.0
103626319#0,0.0,10.007999999999997,0.0,0.0
103626319#1,0.0,10.007999999999997,0.0,0.0
103626320#0,0.0,50.00400000000001,0.0,0.0
103626320#1,0.0,50.00400000000001,0.0,0.0
103626321#0,0.0,10.007999999999997,0.0,0.0
103626321#1,0.0,10.007999999999997,0.0,0.0
103626322#0,0.0,50.00400000000001,0.0,0.0
103626322#1,0.0,50.00400000000001,0.0,0.0
103626323#0,0.0,10.007999999999997,0.0,0.0
103626323#1,0.0,10.007999999999997,0.0,0.0
103626324#0,0.0,50.00400000000001,0.0,0.0
103626324#1,0.0,50.00400000000001,0.0,0.0
103626326#0,0.0,50.00400000000001,0.0,0.0
103626326#1,0.2,46.57983643530121,11786.002872603243,0.01131403901508408
1038212523#0,0.0,50.00400000000001,0.0,0.0
1038212523#1,0.0,50.00400000000001,0.0,0.0
104043495#0,0.0,50.00400000000001,0.0,0.0
104043495#1,0.0,50.00400000000001,0.0,0.0
104043503#0,0.0,50.00400000000001,0.0,0.0
104043503#1,0.0,50.00400000000001,0.0,0.0
104043537#0,0.0,50.00400000000001,0.0,0.0
104043537#1,0.0,50.00400000000001,0.0,0.0
104043544#0,0.0,79.99199999999999,0.0,0.0
104043544#1,0.0,79.99199999999999,0.0,0.0
104045521#0,0.0,50.00400000000001,0.0,0.0
104045521#1,0.0,50.00400000000001,0.0,0.0
104045531#0,0.1,48.25245754431429,7487.512455604334,0.008458285274894272
104045531#1,0.1,47.9590287220354,0.0,0.0014667145718255572
104045544#0,0.0,79.99199999999999,0.0,0.0
104045544#1,0.0,79.99199999999999,0.0,0.0
104045582#0,0.0,79.99199999999999,0.0,0.0
104045582#1,0.0,79.99199999999999,0.0,0.023774854966284197
104045599#0,0.0,10.007999999999997,0.0,0.0
104045599#1,0.0,10.007999999999997,0.0,0.0
104045611#0,0.0,50.00400000000001,0.0,0.0
104045611#1,0.4,37.619711843430395,67960.32590146828,0.09681627480617452
104049638#0,0.0,50.00400000000001,0.0,0.0
104049638#1,0.0,50.00400000000001,0.0,0.0
104049639#0,0.0,79.99199999999999,0.0,0.0
104049639#1,0.0,79.99199999999999,0.0,0.0
104049643#0,0.0,50.00400000000001,0.0,0.0
104049643#1,0.0,50.00400000000001,0.0,0.0
104049648#0,0.0,10.007999999999997,0.0,0.0
104049648#1,0.0,10.007999999999997,0.0,0.0
104049662#0,0.0,50.00400000000001,0.0,0.0
104049662#1,0.0,50.00400000000001,0.0,0.0
104049664#0,0.0,10.007999999999997,0.0,0.0
104049664#1,0.0,10.007999999999997,0.0,0.0
104049674#0,0.0,50.00400000000001,0.0,0.0
104049674#1,0.0,50.00400000000001,0.0,0.0
104049697#0,0.0,50.00400000000001,0.0,0.0
104049697#1,0.0,50.00400000000001,0.0,0.0
104184013#0,0.0,50.00400000000001,0.0,0.0
104184013#1,0.0,50.00400000000001,0.0,0.0
104184017#0,0.0,50.00400000000001,0.0,0.0
104184017#1,0.0,50.00400000000001,0.0,0.0
104184037#0,0.0,79.99199999999999,0.0,0.0
104184037#1,0.0,79.99199999999999,0.0,0.0
104184038#0,0.0,50.00400000000001,0.0,0.0
104184038#1,0.0,50.00400000000001,0.0,0.0
104184045#0,0.0,50.00400000000001,0.0,0.0
104184045#1,0.0,50.00400000000001,0.0,0.0
104184052#0,0.0,10.007999999999997,0.0,0.0
104184052#1,0.0,10.007999999999997,0.0,0.0
104184064#0,0.0,50.00400000000001,0.0,0.0
104184064#1,0.0,50.00400000000001,0.0,0.0
104184073#0,0.0,50.00400000000001,0.0,0.0
104184073#1,0.0,50.00400000000001,0.0,0.0
104184080#0,0.0,79.99199999999999,0.0,0.0
104184080#1,0.0,79.99199999999999,0.0,0.0
104184082#0,0.0,50.00400000000001,0.0,0.0
104184082#1,0.0,50.00400000000001,0.0,0.0
104184097#0,0.0,10.007999999999997,0.0,0.0
104184097#1,0.0,10.007999999999997,0.0,0.0
104184099#0,0.0,50.00400000000001,0.0,0.0
104184099#1,0.0,50.00400000000001,0.0,0.0
104184105#0,0.0,10.007999999999997,0.0,0.0
104184105#1,0.0,10.007999999999997,0.0,0.0
104184114#0,0.0,79.99199999999999,0.0,0.0
104184114#1,0.0,79.99199999999999,0.0,0.0
104203877#0,0.0,50.00400000000001,0.0,0.0
104203877#1,0.0,50.00400000000001,0.0,0.0
104203883#0,0.0,10.007999999999997,0.0,0.0
104203883#1,0.0,10.007999999999997,0.0,0.0
104203884#0,0.1,49.00038219501667,0.0,0.01349730053989202
104203884#1,0.0,50.00400000000001,0.0,0.0
104203885#0,0.0,10.007999999999997,0.0,0.0
104203885#1,0.0,10.007999999999997,0.0,0.0
104203888#0,0.0,10.007999999999997,0.0,0.0
104203888#1,0.0,10.007999999999997,0.0,0.0
104203889#0,0.0,10.007999999999997,0.0,0.0
104203889#1,0.0,10.007999999999997,0.0,0.0
104203891#0,0.4,44.91552966961594,18786.444429806037,0.014235578946361366
104203891#1,0.0,50.00400000000001,0.0,0.0
104203892#0,0.0,10.007999999999997,0.0,0.0
104203892#1,0.0,10.007999999999997,0.0,0.0
104203898#0,0.0,50.00400000000001,0.0,0.0
104203898#1,0.0,50.00400000000001,0.0,0.0
104203901#0,0.0,50.00400000000001,0.0,0.0
104203901#1,0.0,50.00400000000001,0.0,0.0
104203907#0,0.0,50.00400000000001,0.0,0.0
104203907#1,0.0,50.00400000000001,0.0,0.0
104203909#0,0.0,10.007999999999997,0.0,0.0
104203909#1,0.0,10.007999999999997,0.0,0.0
104203911#0,0.0,10.007999999999997,0.0,0.0
104203911#1,0.0,10.007999999999997,0.0,0.0
104203913#0,0.0,50.00400000000001,0.0,0.0
104203913#1,0.0,50.00400000000001,0.0,0.0
104203915#0,0.0,10.007999999999997,0.0,0.0
104203915#1,0.0,10.007999999999997,0.0,0.0
104203917#0,0.0,50.00400000000001,0.0,0.0
104203917#1,0.0,50.00400000000001,0.0,0.0
104203919#0,0.0,50.00400000000001,0.0,0.0
104203919#1,0.0,50.00400000000001,0.0,0.0
104203921#0,0.0,10.007999999999997,0.0,0.0
104203921#1,0.0,10.007999999999997,0.0,0.0
104203925#0,0.0,10.007999999999997,0.0,0.0
104203925#1,0.0,10.007999999999997,0.0,0.0
104203927#0,0.0,10.007999999999997,0.0,0.0
104203927#1,0.0,10.007999999999997,0.0,0.0
104203928#0,0.0,50.00400000000001,0.0,0.0
104203928#1,0.0,50.00400000000001,0.0,0.0
104227896#0,0.0,10.007999999999997,0.0,0.0
104227896#1,0.0,10.007999999999997,0.0,0.0
104227897#0,0.0,50.00400000000001,0.0,0.0
104227897#1,0.0,50.00400000000001,0.0,0.0
104227898#0,0.0,50.00400000000001,0.0,0.0
104227898#1,0.0,50.00400000000001,0.0,0.0
104227899#0,0.0,50.00400000000001,0.0,0.0
104227899#1,0.0,50.00400000000001,0.0,0.0
104227902#0,0.0,10.007999999999997,0.0,0.0
104227902#1,0.0,10.007999999999997,0.0,0.0
104227903#0,0.0,50.00400000000001,0.0,0.0
104227903#1,0.0,50.00400000000001,0.0,0.0
104227907#0,0.0,50.00400000000001,0.0,0.0
104227907#1,0.0,50.00400000000001,0.0,0.0
104227908#0,0.0,10.007999999999997,0.0,0.0
104227908#1,0.0,10.007999999999997,0.0,0.0
104227911#0,0.0,10.007999999999997,0.0,0.0
104227911#1,0.0,10.007999999999997,0.0,0.0
104227913#0,0.0,50.00400000000001,0.0,0.0
104227913#1,0.0,50.00400000000001,0.0,0.0
104227916#0,0.0,10.007999999999997,0.0,0.0
104227916#1,0.0,10.007999999999997,0.0,0.0
104227917#0,0.0,50.00400000000001,0.0,0.0
104227917#1,0.0,50.00400000000001,0.0,0.0
104227918#0,0.0,10.007999999999997,0.0,0.0
104227918#1,0.0,10.007999999999997,0.0,0.0
104227919#0,0.0,50.00400000000001,0.0,0.0
104227919#1,0.0,50.00400000000001,0.0,0.0
104227920#0,0.0,10.007999999999997,0.0,0.0
104227920#1,0.0,10.007999999999997,0.0,0.0
104227924#0,0.0,50.00400000000001,0.0,0.0
104227924#1,0.0,50.00400000000001,0.0,0.0
104311932#0,0.0,10.007999999999997,0.0,0.0
104311932#1,0.0,10.007999999999997,0.0,0.0
104311933#0,0.0,50.00400000000001,0.0,0.0
104311933#1,0.0,50.00400000000001,0.0,0.0
104311936#0,0.0,50.00400000000001,0.0,0.0
104311936#1,0.0,50.00400000000001,0.0,0.0
104311937#0,0.0,50.00400000000001,0.0,0.0
104311937#1,0.0,50.00400000000001,0.0,0.0
104311939#0,0.0,10.007999999999997,0.0,0.0
104311939#1,0.0,10.007999999999997,0.0,0.0
104311941#0,0.0,10.007999999999997,0.0,0.0
104311941#1,0.0,10.007999999999997,0.0,0.0
104311942#0,0.0,10.007999999999997,0.0,0.0
104311942#1,0.0,10.007999999999997,0.0,0.0
104311943#0,0.0,50.00400000000001,0.0,0.0
104311943#1,0.0,50.00400000000001,0.0,0.0
104311944#0,0.0,10.007999999999997,0.0,0.0
104311944#1,0.0,10.007999999999997,0.0,0.0
104311945#0,0.0,50.00400000000001,0.0,0.0
104311945#1,0.0,50.00400000000001,0.0,0.0
104311947#0,0.0,50.00400000000001,0.0,0.0
104311947#1,0.0,50.00400000000001,0.0,0.0
104311949#0,0.0,10.007999999999997,0.0,0.0
104311949#1,0.0,10.007999999999997,0.0,0.0
104311950#0,0.0,10.007999999999997,0.0,0.0
104311950#1,0.0,10.007999999999997,0.0,0.0
104311952#0,0.4,9.779671852776042,2422.2122973842283,0.03209517942626637
104311952#1,0.0,10.007999999999997,0.0,0.0
104311953#0,0.0,10.007999999999997,0.0,0.0
104311953#1,0.0,10.007999999999997,0.0,0.0
104311954#0,0.0,50.00400000000001,0.0,0.0
104311954#1,0.0,50.00400000000001,0.0,0.0
104311955#0,0.0,10.007999999999997,0.0,0.0
104311955#1,0.0,10.007999999999997,0.0,0.0
104311960#0,0.0,10.007999999999997,0.0,0.0
104311960#1,0.0,10.007999999999997,0.0,0.0
104311961#0,0.0,50.00400000000001,0.0,0.0
104311961#1,0.0,50.00400000000001,0.0,0.0
104311963#0,0.0,50.00400000000001,0.0,0.0
104311963#1,0.0,50.00400000000001,0.0,0.0
104311966#0,0.0,50.00400000000001,0.0,0.0
104311966#1,0.0,50.00400000000001,0.0,0.0
104311967#0,0.0,50.00400000000001,0.0,0.0
104311967#1,0.0,50.00400000000001,0.0,0.0
104311968#0,0.0,50.00400000000001,0.0,0.0
104311968#1,0.0,50.00400000000001,0.0,0.0
104311969#0,0.0,10.007999999999997,0.0,0.0
104311969#1,0.0,10.007999999999997,0.0,0.0
104311970#0,0.0,10.007999999999997,0.0,0.0
104311970#1,0.0,10.007999999999997,0.0,0.0
104311972#0,0.0,50.00400000000001,0.0,0.0
104311972#1,0.0,50.00400000000001,0.0,0.0
104311973#0,0.0,10.007999999999997,0.0,0.0
104311973#1,0.0,10.007999999999997,0.0,0.0
104311974#0,0.0,10.007999999999997,0.0,0.0
104311974#1,0.0,10.007999999999997,0.0,0.0
104311977#0,0.0,10.007999999999997,0.0,0.0
104311977#1,0.0,10.007999999999997,0.0,0.0
104311979#0,0.0,10.007999999999997,0.0,0.0
104311979#1,0.0,10.007999999999997,0.0,0.0
104311980#0,0.0,50.00400000000001,0.0,0.0
104311980#1,0.0,50.00400000000001,0.0,0.0
104311982#0,0.0,10.007999999999997,0.0,0.0
104311982#1,0.0,10.007999999999997,0.0,0.0
104311983#0,0.0,50.00400000000001,0.0,0.0
104311983#1,0.0,50.00400000000001,0.0,0.0
1043345904#0,0.0,50.00400000000001,0.0,0.0
1043345904#1,0.0,50.00400000000001,0.0,0.0
1043345905#0,0.0,50.00400000000001,0.0,0.0
1043345905#1,0.0,50.00400000000001,0.0,0.0
1043345917#0,0.0,50.00400000000001,0.0,0.0
1043345917#1,0.0,50.00400000000001,0.0,0.0
1043345924#0,0.0,10.007999999999997,0.0,0.0
1043345924#1,0.0,10.007999999999997,0.0,0.0
104700139#0,0.0,50.00400000000001,0.0,0.0
104700139#1,0.0,50.00400000000001,0.0,0.0
105258719#0,0.0,100.00800000000002,0.0,0.0
105258719#1,0.0,100.00800000000002,0.0,0.0
105258719#2,0.0,100.00800000000002,0.0,0.0
105258719#3,0.0,100.00800000000002,0.0,0.0
105258719#4,0.0,100.00800000000002,0.0,0.0
105258720#0,0.0,100.00800000000002,0.0,0.0
105258720#1,0.0,100.00800000000002,0.0,0.0
105605170#0,0.0,50.00400000000001,0.0,0.0
105605170#1,0.0,50.00400000000001,0.0,0.0
105605171#0,0.0,10.007999999999997,0.0,0.0
105605171#1,0.0,10.007999999999997,0.0,0.0
105605172#0,0.0,50.00400000000001,0.0,0.0
105605172#1,0.0,50.00400000000001,0.0,0.0
105605173#0,0.0,50.00400000000001,0.0,0.0
105605173#1,0.0,50.00400000000001,0.0,0.0
105605174#0,0.0,10.007999999999997,0.0,0.0
105605174#1,0.0,10.007999999999997,0.0,0.0
105605175#0,0.0,10.007999999999997,0.0,0.0
105605175#1,0.0,10.007999999999997,0.0,0.0
105605176#0,0.0,50.00400000000001,0.0,0.0
105605176#1,0.0,50.00400000000001,0.0,0.0
105605178#0,0.0,50.00400000000001,0.0,0.0
105605178#1,0.0,50.00400000000001,0.0,0.0
105605179#0,0.0,39.995999999999995,0.0,0.0
105605179#2,0.0,39.995999999999995,0.0,0.0
105605179#3,0.0,39.995999999999995,0.0,0.0
105605180#0,0.0,10.007999999999997,0.0,0.0
105605180#1,0.0,10.007999999999997,0.0,0.0
105605181#0,0.0,10.007999999999997,0.0,0.0
105605181#1,0.0,10.007999999999997,0.0,0.0
105605182#0,0.0,10.007999999999997,0.0,0.0
105605182#1,0.0,10.007999999999997,0.0,0.0
105605183#0,0.0,50.00400000000001,0.0,0.0
105605183#1,0.0,50.00400000000001,0.0,0.0
105605184#0,0.0,50.00400000000001,0.0,0.0
105605184#1,0.0,50.00400000000001,0.0,0.0
105605185#0,0.0,10.007999999999997,0.0,0.0
105605185#1,0.0,10.007999999999997,0.0,0.0
105605187#0,0.0,10.007999999999997,0.0,0.0
105605187#1,0.0,10.007999999999997,0.0,0.0
105605188#0,0.0,50.00400000000001,0.0,0.0
105605188#1,0.0,50.00400000000001,0.0,0.0
105605189#0,0.0,10.007999999999997,0.0,0.0
105605189#1,0.0,10.007999999999997,0.0,0.0
105605191#0,0.0,10.007999999999997,0.0,0.0
105605191#1,0.0,10.007999999999997,0.0,0.0
105605192#0,0.0,10.007999999999997,0.0,0.0
105605192#1,0.0,10.007999999999997,0.0,0.0
105605194#0,0.0,10.007999999999997,0.0,0.0
105605194#1,0.0,10.007999999999997,0.0,0.0
105605195#0,0.0,100.00800000000002,0.0,0.0
105605195#1,0.0,100.00800000000002,0.0,0.0
105605196#0,0.0,50.00400000000001,0.0,0.0
105605196#1,0.0,50.00400000000001,0.0,0.0
105605197#0,0.0,10.007999999999997,0.0,0.0
105605197#1,0.0,10.007999999999997,0.0,0.0
105605198#0,0.0,50.00400000000001,0.0,0.0
105605198#1,0.0,50.00400000000001,0.0,0.0
105738745#0,0.0,50.00400000000001,0.0,0.0
105738745#1,0.0,50.00400000000001,0.0,0.0
105738747#0,0.0,50.00400000000001,0.0,0.0
105738747#1,0.0,50.00400000000001,0.0,0.0
105738754#0,0.0,10.007999999999997,0.0,0.0
105738754#1,0.0,10.007999999999997,0.0,0.0
105738755#0,0.0,50.00400000000001,0.0,0.0
105738755#1,0.0,50.00400000000001,0.0,0.0
105738760#0,0.0,10.007999999999997,0.0,0.0
105738760#1,0.0,10.007999999999997,0.0,0.0
105738762#0,0.0,10.007999999999997,0.0,0.0
105738762#1,0.0,10.007999999999997,0.0,0.0
105738766#0,0.0,50.00400000000001,0.0,0.0
105738766#1,0.0,50.00400000000001,0.0,0.0
105738767#0,0.0,79.99199999999999,0.0,0.0
105738767#1,0.0,79.99199999999999,0.0,0.0
105738768#0,0.0,79.99199999999999,0.0,0.0
105738768#1,0.0,79.99199999999999,0.0,0.0
105738773#0,0.0,10.007999999999997,0.0,0.0
105738773#1,0.0,10.007999999999997,0.0,0.0
105738774#0,0.0,50.00400000000001,0.0,0.0
105738774#1,0.0,50.00400000000001,0.0,0.0
105738776#0,0.0,39.995999999999995,0.0,0.0
105738776#1,0.0,39.995999999999995,0.0,0.0
105738777#0,0.0,50.00400000000001,0.0,0.0
105738777#1,0.0,50.00400000000001,0.0,0.0
105738778#0,0.0,50.00400000000001,0.0,0.0
105738778#1,0.0,50.00400000000001,0.0,0.0
105738779#0,0.0,79.99199999999999,0.0,0.0
105738779#1,0.0,79.99199999999999,0.0,0.0
105738785#0,0.0,10.007999999999997,0.0,0.0
105738785#1,0.0,10.007999999999997,0.0,0.0
105738787#0,0.0,10.007999999999997,0.0,0.0
105738787#1,0.0,10.007999999999997,0.0,0.0
105738792#1,0.0,79.99199999999999,0.0,0.0
105738793#0,0.0,79.99199999999999,0.0,0.0
105738793#1,0.0,79.99199999999999,0.0,0.0
105738794#0,0.0,50.00400000000001,0.0,0.0
105738794#1,0.0,50.00400000000001,0.0,0.0
105738795#0,0.0,50.00400000000001,0.0,0.0
105738795#1,0.0,50.00400000000001,0.0,0.0
105738796#0,0.0,50.00400000000001,0.0,0.0
105738796#1,0.0,50.00400000000001,0.0,0.0
105738802#0,0.0,10.007999999999997,0.0,0.0
105738802#1,0.0,10.007999999999997,0.0,0.0
105738805#0,0.0,10.007999999999997,0.0,0.0
105738805#1,0.0,10.007999999999997,0.0,0.0
105738807#0,0.2,43.05662189713293,0.0,0.03460207612456747
105738807#1,0.0,50.00400000000001,0.0,0.0
105738810#0,0.0,50.00400000000001,0.0,0.0
105738810#1,0.0,50.00400000000001,0.0,0.0
105738812#0,0.0,50.00400000000001,0.0,0.0
105738812#1,0.0,50.00400000000001,0.0,0.0
105741926#0,0.0,50.00400000000001,0.0,0.0
105741926#1,0.0,50.00400000000001,0.0,0.0
105741927#0,0.0,39.995999999999995,0.0,0.0
105741927#1,0.0,39.995999999999995,0.0,0.0
105741930#0,0.0,50.00400000000001,0.0,0.0
105741930#1,0.0,50.00400000000001,0.0,0.0
105741931#0,0.0,79.99199999999999,0.0,0.0
105741931#1,0.0,79.99199999999999,0.0,0.0
105741933#0,0.0,50.00400000000001,0.0,0.0
105741933#1,0.0,50.00400000000001,0.0,0.0
105741934#0,0.0,50.00400000000001,0.0,0.0
105741934#1,0.0,50.00400000000001,0.0,0.0
105741938#0,0.0,10.007999999999997,0.0,0.0
105741938#1,0.0,10.007999999999997,0.0,0.0
105741939#0,0.0,50.00400000000001,0.0,0.0
105741939#1,0.0,50.00400000000001,0.0,0.0
105741941#0,0.0,100.00800000000002,0.0,0.0
105741941#1,0.0,100.00800000000002,0.0,0.0
105741946#0,0.0,50.00400000000001,0.0,0.0
105741946#1,0.0,50.00400000000001,0.0,0.0
105741947#0,0.0,50.00400000000001,0.0,0.0
105741947#1,0.0,50.00400000000001,0.0,0.0
105741948#0,0.0,79.99199999999999,0.0,0.0
105741948#1,0.0,79.99199999999999,0.0,0.0
105741949#0,0.0,50.00400000000001,0.0,0.0
105741949#1,0.0,50.00400000000001,0.0,0.0
105741950#0,0.0,50.00400000000001,0.0,0.0
105741950#1,0.0,50.00400000000001,0.0,0.0
105741951#0,0.0,50.00400000000001,0.0,0.0
105741951#1,0.0,50.00400000000001,0.0,0.0
105741952#0,0.0,79.99199999999999,0.0,0.0
105741952#1,0.0,79.99199999999999,0.0,0.0
105741953#0,0.0,79.99199999999999,0.0,0.0
105741953#1,0.0,79.99199999999999,0.0,0.0
105741954#0,0.0,100.00800000000002,0.0,0.0
105741954#1,0.0,100.00800000000002,0.0,0.0
105741954#2,0.0,100.00800000000002,0.0,0.0
105741959#0,0.0,50.00400000000001,0.0,0.0
105741959#1,0.0,50.00400000000001,0.0,0.0
105833280#0,0.0,100.00800000000002,0.0,0.0
105833280#1,0.0,100.00800000000002,0.0,0.0
105833294,0.0,50.00400000000001,0.0,0.0
105833316,0.0,39.995999999999995,0.0,0.0
105874611#0,0.0,50.00400000000001,0.0,0.0
105874611#1,0.0,50.00400000000001,0.0,0.0
105874617#0,0.0,79.99199999999999,0.0,0.0
105874617#1,0.0,79.99199999999999,0.0,0.0
105874618#1,0.0,79.99199999999999,0.0,0.0
105874620#0,0.0,79.99199999999999,0.0,0.0
105874620#1,0.0,79.99199999999999,0.0,0.0
105874624#0,0.0,50.00400000000001,0.0,0.0
105874624#1,0.0,50.00400000000001,0.0,0.0
105874639#2,0.0,100.00800000000002,0.0,0.0
105874642#0,0.0,79.99199999999999,0.0,0.0
105874642#1,0.0,79.99199999999999,0.0,0.0
105874664#0,0.0,79.99199999999999,0.0,0.0
105874664#1,0.0,79.99199999999999,0.0,0.0
105878006#0,0.0,50.00400000000001,0.0,0.0
105878006#1,0.0,50.00400000000001,0.0,0.0
105878008#0,0.0,50.00400000000001,0.0,0.0
105878008#1,0.0,50.00400000000001,0.0,0.0
105878010#0,0.0,50.00400000000001,0.0,0.0
105878010#1,0.0,50.00400000000001,0.0,0.0
105878012#0,0.0,79.99199999999999,0.0,0.0
105878012#1,0.0,79.99199999999999,0.0,0.0
105878016#0,0.0,50.00400000000001,0.0,0.0
105878016#1,0.0,50.00400000000001,0.0,0.0
105878017#0,0.0,79.99199999999999,0.0,0.0
105878017#1,0.0,79.99199999999999,0.0,0.0
105878021#0,0.0,50.00400000000001,0.0,0.0
105878021#1,0.0,50.00400000000001,0.0,0.0
106074292#0,0.0,50.00400000000001,0.0,0.0
106074292#1,0.0,50.00400000000001,0.0,0.0
106074294#0,0.0,50.00400000000001,0.0,0.0
106074294#1,0.0,50.00400000000001,0.0,0.0
106074303#0,0.0,50.00400000000001,0.0,0.0
106074303#1,0.0,50.00400000000001,0.0,0.0
106074305#0,0.0,79.99199999999999,0.0,0.0
106074305#1,0.0,79.99199999999999,0.0,0.0
106074311#0,0.0,50.00400000000001,0.0,0.0
106074311#1,0.0,50.00400000000001,0.0,0.0
106074314#0,0.0,50.00400000000001,0.0,0.0
106074314#1,0.0,50.00400000000001,0.0,0.0
106074319#0,0.0,50.00400000000001,0.0,0.0
106074319#1,0.0,50.00400000000001,0.0,0.0
106074320#0,0.0,10.007999999999997,0.0,0.0
106074320#1,0.0,10.007999999999997,0.0,0.0
106074325#0,0.0,50.00400000000001,0.0,0.0
106074325#1,0.0,50.00400000000001,0.0,0.0
106074327#0,0.0,50.00400000000001,0.0,0.0
106074327#1,0.0,50.00400000000001,0.0,0.0
106086721#0,0.0,39.995999999999995,0.0,0.0
106086721#1,0.0,39.995999999999995,0.0,0.0
106086722#0,0.0,39.995999999999995,0.0,0.0
106086722#1,0.0,39.995999999999995,0.0,0.0
106086725#0,0.0,79.99199999999999,0.0,0.0
106086725#1,0.0,79.99199999999999,0.0,0.0
106086726#0,0.0,50.00400000000001,0.0,0.0
106086726#1,0.0,50.00400000000001,0.0,0.0
106086729#0,0.0,50.00400000000001,0.0,0.0
106086729#1,0.0,50.00400000000001,0.0,0.0
106086730#0,0.0,39.995999999999995,0.0,0.0
106086730#1,0.0,39.995999999999995,0.0,0.0
106086730#2,0.0,39.995999999999995,0.0,0.0
106086730#3,0.0,39.995999999999995,0.0,0.0
106086730#4,0.0,39.995999999999995,0.0,0.0
106086730#5,0.0,39.995999999999995,0.0,0.0
106086730#6,0.0,39.995999999999995,0.0,0.0
106086730#7,0.0,39.995999999999995,0.0,0.0
106086731#0,0.0,50.00400000000001,0.0,0.0
106086731#1,0.0,50.00400000000001,0.0,0.0
106086733#0,0.0,50.00400000000001,0.0,0.0
106086733#1,0.0,50.00400000000001,0.0,0.0
106086734#0,0.0,39.995999999999995,0.0,0.0
106086734#1,0.0,39.995999999999995,0.0,0.0
106086735#0,0.0,50.00400000000001,0.0,0.0
106086735#1,0.0,50.00400000000001,0.0,0.0
106086736#0,0.0,50.00400000000001,0.0,0.0
106086736#1,0.0,50.00400000000001,0.0,0.0
106086740#0,0.0,39.995999999999995,0.0,0.0
106086740#1,0.0,39.995999999999995,0.0,0.0
106086742#0,0.0,39.995999999999995,0.0,0.0
106086742#1,0.0,39.995999999999995,0.0,0.0
106086744#0,0.0,50.00400000000001,0.0,0.0
106086744#1,0.0,50.00400000000001,0.0,0.0
106086745#0,0.0,50.00400000000001,0.0,0.0
106086745#1,0.0,50.00400000000001,0.0,0.0
106086746#0,0.0,39.995999999999995,0.0,0.0
106086746#1,0.0,39.995999999999995,0.0,0.0
106086748#0,0.0,50.00400000000001,0.0,0.0
106086748#1,0.0,50.00400000000001,0.0,0.0
106086751#0,0.0,39.995999999999995,0.0,0.0
106086751#1,0.0,39.995999999999995,0.0,0.0
106086752#0,0.0,50.00400000000001,0.0,0.0
106086752#1,0.0,50.00400000000001,0.0,0.0
106086755#0,0.0,50.00400000000001,0.0,0.0
106086755#1,0.0,50.00400000000001,0.0,0.0
106086760#0,0.0,79.99199999999999,0.0,0.0
106086760#1,0.0,79.99199999999999,0.0,0.0
1065785657#0,0.0,50.00400000000001,0.0,0.0
1065785657#1,0.0,50.00400000000001,0.0,0.0
1065785665#0,0.0,10.007999999999997,0.0,0.0
1065785665#1,0.0,10.007999999999997,0.0,0.0
1065785667#0,0.0,10.007999999999997,0.0,0.0
1065785667#1,0.0,10.007999999999997,0.0,0.0
1065785668#0,0.0,50.00400000000001,0.0,0.0
1065785668#1,0.0,50.00400000000001,0.0,0.0
1065795640#0,0.0,50.00400000000001,0.0,0.0
1065795640#1,0.0,50.00400000000001,0.0,0.0
1065795648#0,0.0,50.00400000000001,0.0,0.0
1065795648#1,0.0,50.00400000000001,0.0,0.0
1077615523#0,0.0,10.007999999999997,0.0,0.0
1077615523#1,0.0,10.007999999999997,0.0,0.0
1081704484#0,0.0,100.00800000000002,0.0,0.0
1082139656#0,0.0,50.00400000000001,0.0,0.0
1082139656#1,0.0,50.00400000000001,0.0,0.0
1087118361#0,0.0,100.00800000000002,0.0,0.0
1087118361#1,0.0,100.00800000000002,0.0,0.0
1087118362#0,0.0,39.995999999999995,0.0,0.0
1087118362#1,0.0,39.995999999999995,0.0,0.0
1087118362#2,0.0,39.995999999999995,0.0,0.0
1087118362#3,0.0,39.995999999999995,0.0,0.0
1087118362#4,0.0,39.995999999999995,0.0,0.0
1087118362#5,0.0,39.995999999999995,0.0,0.0
1087118363#0,0.0,100.00800000000002,0.0,0.0
1087118363#1,0.0,100.00800000000002,0.0,0.0
1087118364#0,0.0,39.995999999999995,0.0,0.0
1087118364#1,0.0,39.995999999999995,0.0,0.0
1087118364#2,0.0,39.995999999999995,0.0,0.0
1087118364#3,0.0,39.995999999999995,0.0,0.0
1087118364#4,0.0,39.995999999999995,0.0,0.0
1092364824,0.0,79.99199999999999,0.0,0.0
1098478405#0,0.0,100.00800000000002,0.0,0.0
1098478405#1,0.0,100.00800000000002,0.0,0.0
1102881628,0.0,60.012000000000015,0.0,0.0
1111799486#0,0.0,79.99199999999999,0.0,0.0
1111799486#1,0.1,72.8472007650241,0.0,0.2629322487538189
1111799487#0,0.0,79.99199999999999,0.0,0.0
1111799487#1,0.0,79.99199999999999,0.0,0.0
1112459426#0,0.0,50.00400000000001,0.0,0.0
1112459426#1,0.0,50.00400000000001,0.0,0.0
1112459427#0,0.0,10.007999999999997,0.0,0.0
1112459427#1,0.0,10.007999999999997,0.0,0.0
111382959,0.0,39.995999999999995,0.0,0.0
111382960#0,0.0,50.00400000000001,0.0,0.0
111382960#1,0.0,50.00400000000001,0.0,0.0
111382968#0,0.0,50.00400000000001,0.0,0.0
111382968#1,0.0,50.00400000000001,0.0,0.0
111390271#0,0.0,50.00400000000001,0.0,0.0
111390271#1,0.0,50.00400000000001,0.0,0.0
111390272#0,0.0,50.00400000000001,0.0,0.0
111390272#1,0.0,50.00400000000001,0.0,0.0
111390273#0,0.0,50.00400000000001,0.0,0.0
111390273#1,0.0,50.00400000000001,0.0,0.0
111390274#0,0.0,10.007999999999997,0.0,0.0
111390274#1,0.0,10.007999999999997,0.0,0.0
111390275#0,0.0,50.00400000000001,0.0,0.0
111390275#1,0.0,50.00400000000001,0.0,0.0
111390276#0,0.0,50.00400000000001,0.0,0.04364207221350079
111390276#1,0.0,50.00400000000001,0.0,0.0
111390281#0,0.0,50.00400000000001,0.0,0.0
111390281#1,0.0,50.00400000000001,0.0,0.0
111390282#0,0.0,50.00400000000001,0.0,0.0
111390282#1,0.0,50.00400000000001,0.0,0.0
111390284#0,0.0,50.00400000000001,0.0,0.0
111390284#1,0.0,50.00400000000001,0.0,0.0
111390285#0,0.0,39.995999999999995,0.0,0.0
111390285#1,0.0,39.995999999999995,0.0,0.0
111390286#0,0.0,50.00400000000001,0.0,0.0
111390286#1,0.0,50.00400000000001,0.0,0.0
111390287#0,0.0,50.00400000000001,0.0,0.0
111390287#1,0.0,50.00400000000001,0.0,0.0
111390289#0,0.0,50.00400000000001,0.0,0.0
111390289#1,0.0,50.00400000000001,0.0,0.0
111390290#0,0.0,50.00400000000001,0.0,0.0
111390290#1,0.0,50.00400000000001,0.0,0.0
111390291#0,0.0,50.00400000000001,0.0,0.0
111390291#1,0.0,50.00400000000001,0.0,0.0
111390293#0,0.0,50.00400000000001,0.0,0.0
111390293#1,0.0,50.00400000000001,0.0,0.0
111390296#0,0.0,50.00400000000001,0.0,0.0
111390296#1,0.0,50.00400000000001,0.0,0.0
111390298#0,0.0,50.00400000000001,0.0,0.0
111390298#1,0.0,50.00400000000001,0.0,0.0
111390299#0,0.0,50.00400000000001,0.0,0.0
111390299#1,0.0,50.00400000000001,0.0,0.0
111390300#0,0.0,50.00400000000001,0.0,0.0
111390300#1,0.0,50.00400000000001,0.0,0.0
111390302#0,0.0,50.00400000000001,0.0,0.0
111390302#1,0.0,50.00400000000001,0.0,0.0
111390304#0,0.0,10.007999999999997,0.0,0.0
111390304#1,0.0,10.007999999999997,0.0,0.0
111390309#0,0.0,50.00400000000001,0.0,0.0
111390309#1,0.0,50.00400000000001,0.0,0.0
111390311#0,0.0,50.00400000000001,0.0,0.0
111390311#1,0.0,50.00400000000001,0.0,0.0
111390977#0,0.0,50.00400000000001,0.0,0.0
111390977#1,0.0,50.00400000000001,0.0,0.0
111390978#0,0.0,50.00400000000001,0.0,0.0
111390978#1,0.0,50.00400000000001,0.0,0.0
111390981#0,0.0,79.99199999999999,0.0,0.0
111390981#1,0.0,79.99199999999999,0.0,0.0
111507348#0,0.0,50.00400000000001,0.0,0.0
111507348#1,0.0,50.00400000000001,0.0,0.0
111507349#0,0.0,50.00400000000001,0.0,0.0
111507349#1,0.0,50.00400000000001,0.0,0.0
111507350#0,0.0,50.00400000000001,0.0,0.0
111507350#1,0.0,50.00400000000001,0.0,0.0
111507353#0,0.0,50.00400000000001,0.0,0.0
111507353#1,0.0,50.00400000000001,0.0,0.0
111507354#0,0.0,50.00400000000001,0.0,0.0
111507354#1,0.0,50.00400000000001,0.0,0.0
111507358#0,0.0,50.00400000000001,0.0,0.0
111507358#1,0.0,50.00400000000001,0.0,0.0
111507359#0,0.0,50.00400000000001,0.0,0.0
111507359#1,0.0,50.00400000000001,0.0,0.0
111507360#0,0.0,50.00400000000001,0.0,0.0
111507360#1,0.0,50.00400000000001,0.0,0.0
111507840#0,0.0,10.007999999999997,0.0,0.0
111507840#1,0.0,10.007999999999997,0.0,0.0
111507841#0,0.0,10.007999999999997,0.0,0.0
111507841#1,0.0,10.007999999999997,0.0,0.0
111507842#0,0.0,50.00400000000001,0.0,0.0
111507842#1,0.0,50.00400000000001,0.0,0.0
111507843,0.0,39.995999999999995,0.0,0.0
111507847#0,0.0,50.00400000000001,0.0,0.0
111507847#1,0.0,50.00400000000001,0.0,0.0
111507848#0,0.2,45.75900868655353,6395.48489701267,0.013217799970627112
111507848#1,0.0,50.00400000000001,0.0,0.0
111507854#0,0.0,10.007999999999997,0.0,0.0
111507854#1,0.0,10.007999999999997,0.0,0.0
111507855#0,0.0,10.007999999999997,0.0,0.0
111507855#1,0.0,10.007999999999997,0.0,0.0
111507856#0,0.0,50.00400000000001,0.0,0.0
111507856#1,0.0,50.00400000000001,0.0,0.0
111508749#0,0.0,50.00400000000001,0.0,0.0
111508749#1,0.0,50.00400000000001,0.0,0.0
111508752#0,0.0,79.99199999999999,0.0,0.0
111508752#1,0.0,79.99199999999999,0.0,0.0
111508753#0,0.0,10.007999999999997,0.0,0.0
111508753#1,0.0,10.007999999999997,0.0,0.0
111508754#0,0.0,39.995999999999995,0.0,0.0
111508754#1,0.0,39.995999999999995,0.0,0.0
111508755,0.0,79.99199999999999,0.0,0.0
111508757#0,0.0,79.99199999999999,0.0,0.0
111508757#1,0.0,79.99199999999999,0.0,0.0
111508758#0,0.2,72.9342900046648,18667.17463061924,0.009445843828715366
111508758#1,0.0,79.99199999999999,0.0,0.0
111508759#0,0.0,39.995999999999995,0.0,0.0
111508759#1,0.0,39.995999999999995,0.0,0.0
111508762#0,0.0,79.99199999999999,0.0,0.0
111508762#1,0.0,79.99199999999999,0.0,0.0
111508766#0,0.0,79.99199999999999,0.0,0.0
111508766#1,0.0,79.99199999999999,0.0,0.0
111509188#0,0.0,39.995999999999995,0.0,0.0
111509188#1,0.0,39.995999999999995,0.0,0.0
111524056#0,0.0,50.00400000000001,0.0,0.0
111524056#1,0.0,50.00400000000001,0.0,0.0
111524058#0,0.0,50.00400000000001,0.0,0.0
111524058#1,0.0,50.00400000000001,0.0,0.0
111524060#0,0.0,50.00400000000001,0.0,0.0
111524060#1,0.0,50.00400000000001,0.0,0.0
111524064#0,0.0,10.007999999999997,0.0,0.0
111524064#1,0.0,10.007999999999997,0.0,0.0
111524067#0,0.0,50.00400000000001,0.0,0.0
111524067#1,0.0,50.00400000000001,0.0,0.0
111524071#0,0.0,50.00400000000001,0.0,0.0
111524071#1,0.0,50.00400000000001,0.0,0.0
111524640#0,0.0,50.00400000000001,0.0,0.0
111524640#1,0.0,50.00400000000001,0.0,0.0
111524643#0,0.0,39.995999999999995,0.0,0.0
111524643#1,0.0,39.995999999999995,0.0,0.0
111524646#0,0.0,50.00400000000001,0.0,0.0
111524646#1,0.0,50.00400000000001,0.0,0.0
111524657#0,0.0,50.00400000000001,0.0,0.0
111524657#1,0.0,50.00400000000001,0.0,0.0
1116172206#0,0.0,50.00400000000001,0.0,0.0
1116172206#1,0.0,50.00400000000001,0.0,0.0
1117754448#0,0.0,50.00400000000001,0.0,0.0
1117754448#1,0.0,50.00400000000001,0.0,0.0
112075897#0,0.0,79.99199999999999,0.0,0.0
112075897#1,0.0,79.99199999999999,0.0,0.0
112075900#0,0.0,10.007999999999997,0.0,0.0
112075900#1,0.0,10.007999999999997,0.0,0.0
112075903#0,0.0,50.00400000000001,0.0,0.0
112075903#1,0.0,50.00400000000001,0.0,0.0
112075904#0,0.0,10.007999999999997,0.0,0.0
112075904#1,0.0,10.007999999999997,0.0,0.0
112075909#0,0.0,50.00400000000001,0.0,0.0
112075909#1,0.0,50.00400000000001,0.0,0.0
112075916#0,0.0,50.00400000000001,0.0,0.0
112075916#1,0.0,50.00400000000001,0.0,0.0
112075917#0,0.0,10.007999999999997,0.0,0.0
112075917#1,0.0,10.007999999999997,0.0,0.0
112075918#0,0.0,10.007999999999997,0.0,0.0
112075918#1,0.0,10.007999999999997,0.0,0.0
112075919#0,0.0,10.007999999999997,0.0,0.0
112075919#1,0.0,10.007999999999997,0.0,0.0
112075923#0,0.0,10.007999999999997,0.0,0.0
112075923#1,0.0,10.007999999999997,0.0,0.0
112075930#0,0.0,50.00400000000001,0.0,0.0
112075930#1,0.0,50.00400000000001,0.0,0.0
112075931#0,0.0,50.00400000000001,0.0,0.0
112075931#1,0.0,50.00400000000001,0.0,0.0
112075933#0,0.5,10.07038957293717,37062.603993853496,0.1099312474545699
112075933#1,0.0,10.007999999999997,0.0,0.0
112390543#0,0.0,79.99199999999999,0.0,0.0
112390543#1,0.0,79.99199999999999,0.0,0.0
1124087856,0.0,100.00800000000002,0.0,0.0
1124089269,0.0,100.00800000000002,0.0,0.0
1124089270,0.0,100.00800000000002,0.0,0.0
1124089271,0.0,100.00800000000002,0.0,0.0
1124089272#0,0.0,100.00800000000002,0.0,0.0
1124089272#1,0.0,100.00800000000002,0.0,0.0
1124089273,0.0,100.00800000000002,0.0,0.0
1124089274,0.0,100.00800000000002,0.0,0.0
1124089275#0,0.0,100.00800000000002,0.0,0.0
1124089275#1,0.0,100.00800000000002,0.0,0.0
1124089276#0,0.0,39.995999999999995,0.0,0.0
1124089276#1,0.0,39.995999999999995,0.0,0.0
1124089277#0,0.0,39.995999999999995,0.0,0.0
1124089277#1,0.0,39.995999999999995,0.0,0.0
1124102301#0,0.0,50.00400000000001,0.0,0.0
1124102301#1,0.0,50.00400000000001,0.0,0.0
1124102302#0,0.0,50.00400000000001,0.0,0.0
1124102302#1,0.0,50.00400000000001,0.0,0.0
1124102303,0.0,39.995999999999995,0.0,0.011199193781094994
1124102312#0,0.0,39.995999999999995,0.0,0.0
1124102312#1,0.0,39.995999999999995,0.0,0.0
1124105437,0.0,100.00800000000002,0.0,0.0
1124105783,0.0,100.00800000000002,0.0,0.0
1124379125,0.0,100.00800000000002,0.0,0.0
1124379127#0,0.0,60.012000000000015,0.0,0.0
1124379127#1,0.0,60.012000000000015,0.0,0.0
1124379127#2,0.0,60.012000000000015,0.0,0.0
1124379128,0.0,60.012000000000015,0.0,0.0
1124379131#0,0.0,100.00800000000002,0.0,0.0
1124379131#1,0.0,100.00800000000002,0.0,0.0
1124379135,0.0,60.012000000000015,0.0,0.0
1124382852,0.0,100.00800000000002,0.0,0.0
1124382853#0,0.0,100.00800000000002,0.0,0.0
1124382853#1,0.0,100.00800000000002,0.0,0.0
1124385971#0,0.0,60.012000000000015,0.0,0.0
1124385971#1,0.0,60.012000000000015,0.0,0.0
1124385971#2,0.0,60.012000000000015,0.0,0.0
1124385971#3,0.0,60.012000000000015,0.0,0.0
1124385971#4,0.0,60.012000000000015,0.0,0.0
1124385972#0,0.0,50.00400000000001,0.0,0.0
1124385972#1,0.0,50.00400000000001,0.0,0.0
1124385975,0.0,60.012000000000015,0.0,0.0
1124391474#0,0.0,39.995999999999995,0.0,0.0
1124391474#1,0.0,39.995999999999995,0.0,0.0
1124391475#0,0.0,39.995999999999995,0.0,0.0
1124391475#1,0.0,39.995999999999995,0.0,0.0
1124391476,0.0,39.995999999999995,0.0,0.0
1124391489#1,0.0,39.995999999999995,0.0,0.0
1124391489#2,0.0,39.995999999999995,0.0,0.0
1124391493#0,0.0,39.995999999999995,0.0,0.0
1124391495#1,0.0,39.995999999999995,0.0,0.0
1124391495#2,0.0,39.995999999999995,0.0,0.0
1124394722,0.2,99.0173183543472,17457.5012027555,0.0011102139685102948
112486069#0,0.0,50.00400000000001,0.0,0.0
112486069#1,0.0,50.00400000000001,0.0,0.0
112486070#0,0.0,50.00400000000001,0.0,0.0
112486070#1,0.0,50.00400000000001,0.0,0.0
112492219#0,0.0,100.00800000000002,0.0,0.0
112492219#1,0.0,100.00800000000002,0.0,0.0
112492225#0,0.0,79.99199999999999,0.0,0.0
112492225#1,0.0,79.99199999999999,0.0,0.0
112492227#0,0.0,100.00800000000002,0.0,0.0
112492227#1,0.0,100.00800000000002,0.0,0.0
112492238#0,0.0,79.99199999999999,0.0,0.0
112492238#1,0.0,79.99199999999999,0.0,0.0
112492240#0,0.0,100.00800000000002,0.0,0.0
112492240#1,0.0,100.00800000000002,0.0,0.0
112492244#0,0.0,50.00400000000001,0.0,0.0
112492244#1,0.0,50.00400000000001,0.0,0.0
112492258#0,0.0,50.00400000000001,0.0,0.0
112492258#1,0.0,50.00400000000001,0.0,0.0
112492263#0,0.0,79.99199999999999,0.0,0.0
112492263#1,0.0,79.99199999999999,0.0,0.0
112492266#0,0.0,100.00800000000002,0.0,0.0
112492266#1,0.0,100.00800000000002,0.0,0.0
112492268,0.0,79.99199999999999,0.0,0.0
1126475660,0.0,100.00800000000002,0.0,0.0
1126480702#1,0.0,39.995999999999995,0.0,0.0
1126480702#3,0.0,39.995999999999995,0.0,0.0
1126518489#0,0.0,100.00800000000002,0.0,0.0
1126518489#1,0.0,100.00800000000002,0.0,0.0
1126518490#0,0.0,39.995999999999995,0.0,0.0
1126518490#1,0.5,37.66351370471095,77979.75563787243,0.02940330146817987
1126518490#2,0.0,39.995999999999995,0.0,0.0
1126518490#3,0.0,39.995999999999995,0.0,0.0
1126518490#4,0.0,39.995999999999995,0.0,0.0
1126518490#5,0.0,39.995999999999995,0.0,0.0
1126518490#6,0.0,39.995999999999995,0.0,0.0
1126611417#0,0.0,39.995999999999995,0.0,0.0
1126611417#1,0.0,39.995999999999995,0.0,0.0
1126611417#2,0.0,39.995999999999995,0.0,0.0
1126612289,0.0,39.995999999999995,0.0,0.0
1126613575,0.0,100.00800000000002,0.0,0.0
1126613576,0.0,100.00800000000002,0.0,0.0
1126613577,0.0,39.995999999999995,0.0,0.0
1126613578,0.0,39.995999999999995,0.0,0.0
1126613579,0.0,39.995999999999995,0.0,0.0
1126613580,0.0,100.00800000000002,0.0,0.0
1126633510#0,0.0,39.995999999999995,0.0,0.0
1126633510#0-AddedOffRampEdge,0.0,39.995999999999995,0.0,0.0
1126633510#0-AddedOnRampEdge,0.0,39.995999999999995,0.0,0.0
1126633510#1,0.0,39.995999999999995,0.0,0.0
1126633511#0,0.0,39.995999999999995,0.0,0.0
1126633511#1,0.0,39.995999999999995,0.0,0.0
1126633511#2,0.0,39.995999999999995,0.0,0.0
1126633512,0.0,39.995999999999995,0.0,0.0
1126633513,0.0,60.012000000000015,0.0,0.0
1126633514#0,0.0,60.012000000000015,0.0,0.0
1126633514#1,0.0,60.012000000000015,0.0,0.0
1126641013,0.0,39.995999999999995,0.0,0.0
1126641016#1,0.0,60.012000000000015,0.0,0.0
1126641019#0,0.0,39.995999999999995,0.0,0.0
1126641019#1,0.0,39.995999999999995,0.0,0.0
1126641020,0.0,100.00800000000002,0.0,0.0
1126641021,0.0,100.00800000000002,0.0,0.0
1126703028,0.0,100.00800000000002,0.0,0.0
1126703029#1,0.0,39.995999999999995,0.0,0.0
1126703033,0.0,39.995999999999995,0.0,0.0
1126703034,0.0,39.995999999999995,0.0,0.0
1126703035#0,0.0,100.00800000000002,0.0,0.0
1126703035#1,0.0,100.00800000000002,0.0,0.0
1126704637#1,0.0,39.995999999999995,0.0,0.0
1126728233#0,0.0,100.00800000000002,0.0,0.0
1126728233#1,0.0,100.00800000000002,0.0,0.0
1126744154,0.0,39.995999999999995,0.0,0.0
1126832790#0,0.0,100.00800000000002,0.0,0.0
1126832790#1,0.0,100.00800000000002,0.0,0.0
1126837958#1,0.0,100.00800000000002,0.0,0.0
1126840648,0.0,39.995999999999995,0.0,0.0
1126840649,0.0,39.995999999999995,0.0,0.0
1126840650,0.0,100.00800000000002,0.0,0.0
1126940575#1,0.0,39.995999999999995,0.0,0.0
1126940575#2,0.0,39.995999999999995,0.0,0.0
1126940575#3,0.0,39.995999999999995,0.0,0.0
1127490941#0,0.0,39.995999999999995,0.0,0.0
1127493386,0.0,39.995999999999995,0.0,0.0
1127498308,0.0,39.995999999999995,0.0,0.0
1127501764,0.0,100.00800000000002,0.0,0.0
1127572635#1,0.0,39.995999999999995,0.0,0.0
1127839392#0,0.0,39.995999999999995,0.0,0.0
1127839392#1,0.0,39.995999999999995,0.0,0.0
1128043713#0,0.0,39.995999999999995,0.0,0.0
1128043713#1,0.0,39.995999999999995,0.0,0.0
1128043714#0,0.0,39.995999999999995,0.0,0.0
1128043714#1,0.0,39.995999999999995,0.0,0.0
1128136253#0,0.0,60.012000000000015,0.0,0.0
1128136253#1,0.0,60.012000000000015,0.0,0.0
1128136253#2,0.0,60.012000000000015,0.0,0.0
1128136254,0.0,39.995999999999995,0.0,0.0
112869505#0,0.0,50.00400000000001,0.0,0.0
112869505#1,0.0,50.00400000000001,0.0,0.0
112869508#0,0.0,50.00400000000001,0.0,0.0
112869508#1,0.0,50.00400000000001,0.0,0.0
112869519#0,0.0,50.00400000000001,0.0,0.0
112869519#1,0.0,50.00400000000001,0.0,0.0
112869521#0,0.0,50.00400000000001,0.0,0.0
112869521#1,0.0,50.00400000000001,0.0,0.0
112869531#0,0.0,50.00400000000001,0.0,0.0
112869531#1,0.0,50.00400000000001,0.0,0.0
112869535#0,0.0,50.00400000000001,0.0,0.0
112869535#1,0.0,50.00400000000001,0.0,0.0
112869541#0,0.0,50.00400000000001,0.0,0.0
112869541#1,0.0,50.00400000000001,0.0,0.0
112869544#0,0.0,50.00400000000001,0.0,0.0
112869544#1,0.0,50.00400000000001,0.0,0.0
112869545#0,0.0,79.99199999999999,0.0,0.0
112869545#1,0.0,79.99199999999999,0.0,0.0
112869549#0,0.0,79.99199999999999,0.0,0.0
112869549#1,0.0,79.99199999999999,0.0,0.0
112937255#0,0.0,50.00400000000001,0.0,0.0
112937255#1,0.0,50.00400000000001,0.0,0.0
112937872#0,0.0,50.00400000000001,0.0,0.0
112937872#1,0.0,50.00400000000001,0.0,0.0
1130603776#0,0.0,60.012000000000015,0.0,0.0
1130603776#1,0.0,60.012000000000015,0.0,0.0
1130841852#1,0.0,39.995999999999995,0.0,0.0
1130841853,0.0,100.00800000000002,0.0,0.0
1130841854,0.0,100.00800000000002,0.0,0.0
1130841856#0,0.0,79.99199999999999,0.0,0.0
1130841856#1,0.0,79.99199999999999,0.0,0.0
1131090548#1,0.0,100.00800000000002,0.0,0.0
113114045#0,0.0,50.00400000000001,0.0,0.0
113114045#1,0.0,50.00400000000001,0.0,0.0
113114053#0,0.0,79.99199999999999,0.0,0.0
113114053#1,0.0,79.99199999999999,0.0,0.0
113114054#0,0.0,79.99199999999999,0.0,0.0
113114054#1,0.0,79.99199999999999,0.0,0.0
113114057#0,0.0,50.00400000000001,0.0,0.0
113114057#1,0.0,50.00400000000001,0.0,0.0
113114058#0,0.0,79.99199999999999,0.0,0.0
113114058#1,0.0,79.99199999999999,0.0,0.0
113114062#0,0.0,50.00400000000001,0.0,0.0
113114062#1,0.0,50.00400000000001,0.0,0.0
113114064#0,0.0,50.00400000000001,0.0,0.0
113114064#1,0.0,50.00400000000001,0.0,0.0
113119617#0,0.0,50.00400000000001,0.0,0.0
113119617#1,0.0,50.00400000000001,0.0,0.0
113119620#0,0.0,50.00400000000001,0.0,0.0
113119620#1,0.0,50.00400000000001,0.0,0.0
113119623#0,0.0,50.00400000000001,0.0,0.0
113119623#1,0.0,50.00400000000001,0.0,0.0
113119647#0,0.0,50.00400000000001,0.0,0.0
113119647#1,0.0,50.00400000000001,0.0,0.0
1132238886,0.1,99.8660849808278,4843.472756824212,0.006852289702532872
1132632802,0.0,100.00800000000002,0.0,0.0
1132632803,0.0,100.00800000000002,0.0,0.0
1133435214,0.0,39.995999999999995,0.0,0.0
113382309#0,0.0,100.00800000000002,0.0,0.0
113382309#1,0.0,100.00800000000002,0.0,0.0
113382310#0,0.0,100.00800000000002,0.0,0.0
113382310#1,0.0,100.00800000000002,0.0,0.0
113382313#0,0.0,50.00400000000001,0.0,0.0
113382313#1,0.0,50.00400000000001,0.0,0.0
113382329#0,0.0,50.00400000000001,0.0,0.0
113382329#1,0.0,50.00400000000001,0.0,0.0
113382340#0,0.0,50.00400000000001,0.0,0.0
113382340#1,0.0,50.00400000000001,0.0,0.0
113384720#0,0.0,10.007999999999997,0.0,0.0
113384720#1,0.0,10.007999999999997,0.0,0.0
113384726#0,0.0,79.99199999999999,0.0,0.0
113384726#1,0.0,79.99199999999999,0.0,0.0
113384727#0,0.0,50.00400000000001,0.0,0.0
113384727#1,0.0,50.00400000000001,0.0,0.0
113384731#0,0.0,50.00400000000001,0.0,0.0
113384731#1,0.0,50.00400000000001,0.0,0.0
113384733#0,0.0,10.007999999999997,0.0,0.0
113384733#1,0.0,10.007999999999997,0.0,0.0
1136691854#0,0.0,50.00400000000001,0.0,0.0
1136691854#1,0.0,50.00400000000001,0.0,0.0
1137238825,0.0,39.995999999999995,0.0,0.0
1142108861#0,0.0,50.00400000000001,0.0,0.0
1142108861#1,0.0,50.00400000000001,0.0,0.0
1147855349#0,0.0,50.00400000000001,0.0,0.0
1147855349#1,0.0,50.00400000000001,0.0,0.0
1147855350#0,0.0,50.00400000000001,0.0,0.0
1147855350#1,0.0,50.00400000000001,0.0,0.0
1147855373#0,0.0,50.00400000000001,0.0,0.0
1147855373#1,0.0,50.00400000000001,0.0,0.0
116024353#0,0.0,50.00400000000001,0.0,0.0
116024353#1,0.0,50.00400000000001,0.0,0.0
116237632#0,0.0,100.00800000000002,0.0,0.0
116237632#1,0.0,100.00800000000002,0.0,0.0
116237632#2,0.0,100.00800000000002,0.0,0.0
116237632#3,0.0,100.00800000000002,0.0,0.0
1166095159#0,0.0,50.00400000000001,0.0,0.0
1166095159#1,0.0,50.00400000000001,0.0,0.0
1166214529#0,0.0,50.00400000000001,0.0,0.0
1166214529#1,0.0,50.00400000000001,0.0,0.0
1166214530#0,0.0,50.00400000000001,0.0,0.0
1166214530#1,0.0,50.00400000000001,0.0,0.0
1173348713#0,0.0,50.00400000000001,0.0,0.0
1173348713#1,0.0,50.00400000000001,0.0,0.0
1173348714#0,0.0,50.00400000000001,0.0,0.0
1173348714#1,0.0,50.00400000000001,0.0,0.0
1173348715#0,0.0,50.00400000000001,0.0,0.0
1173348715#1,0.0,50.00400000000001,0.0,0.0
1173352075#0,0.0,50.00400000000001,0.0,0.0
1173352075#1,0.0,50.00400000000001,0.0,0.0
1173579782#0,0.0,50.00400000000001,0.0,0.0
1173579782#1,0.0,50.00400000000001,0.0,0.0
1173580100#0,0.0,50.00400000000001,0.0,0.0
1173580100#1,0.0,50.00400000000001,0.0,0.0
1173581902#0,0.0,10.007999999999997,0.0,0.0
1173581902#1,0.0,10.007999999999997,0.0,0.0
1173581903#0,0.0,10.007999999999997,0.0,0.0
1173581903#1,0.0,10.007999999999997,0.0,0.0
1173581904#0,0.0,50.00400000000001,0.0,0.0
1173581904#1,0.0,50.00400000000001,0.0,0.0
1173597754#0,0.0,79.99199999999999,0.0,0.0
1173597754#1,0.0,79.99199999999999,0.0,0.0
1173597755#0,0.0,39.995999999999995,0.0,0.0
1173597755#1,0.0,39.995999999999995,0.0,0.0
1173597755#2,0.0,39.995999999999995,0.0,0.0
1173597755#3,0.0,39.995999999999995,0.0,0.0
1173597756,0.0,39.995999999999995,0.0,0.0
1173612346#0,0.0,50.00400000000001,0.0,0.0
1173612346#1,0.0,50.00400000000001,0.0,0.0
1173614134#0,0.0,50.00400000000001,0.0,0.0
1173614134#1,0.0,50.00400000000001,0.0,0.0
1173615570#0,0.0,10.007999999999997,0.0,0.0
1173615570#1,0.0,10.007999999999997,0.0,0.0
1173623344#0,0.0,50.00400000000001,0.0,0.0
1173623344#1,0.0,50.00400000000001,0.0,0.0
1173636057#0,0.0,50.00400000000001,0.0,0.0
1173636057#1,0.0,50.00400000000001,0.0,0.0
1173645422#0,0.0,50.00400000000001,0.0,0.0
1173645422#1,0.0,50.00400000000001,0.0,0.0
1173645423#0,0.0,50.00400000000001,0.0,0.0
1173645423#1,0.0,50.00400000000001,0.0,0.0
1173861152#0,0.0,50.00400000000001,0.0,0.0
1173861152#1,0.0,50.00400000000001,0.0,0.0
1173861153#0,0.0,50.00400000000001,0.0,0.0
1173861153#1,0.0,50.00400000000001,0.0,0.0
1173862460#0,0.0,50.00400000000001,0.0,0.0
1173862460#1,0.0,50.00400000000001,0.0,0.0
1173862461#0,0.0,10.007999999999997,0.0,0.0
1173862461#1,0.0,10.007999999999997,0.0,0.0
1173862895#0,0.0,50.00400000000001,0.0,0.0
1173862895#1,0.0,50.00400000000001,0.0,0.0
1173917946#0,0.0,10.007999999999997,0.0,0.0
1173917946#1,0.0,10.007999999999997,0.0,0.0
1173943728#0,0.0,50.00400000000001,0.0,0.0
1173943728#1,0.0,50.00400000000001,0.0,0.0
1173960382#0,0.0,39.995999999999995,0.0,0.0
1173960382#1,0.0,39.995999999999995,0.0,0.0
1173960383,0.0,39.995999999999995,0.0,0.0
1174214862#0,0.0,79.99199999999999,0.0,0.0
1174214862#1,0.0,79.99199999999999,0.0,0.0
1174214863#0,0.0,100.00800000000002,0.0,0.0
1174214863#1,0.1,98.75100569045647,0.0,0.0011394240729231406
1174215510,0.0,100.00800000000002,0.0,0.0
1174219170,0.2,95.29751049183281,8771.244754066141,0.0016667929388590043
1174219172#0,0.0,79.99199999999999,0.0,0.0
1174219172#1,0.0,79.99199999999999,0.0,0.0
1174943963#0,0.0,50.00400000000001,0.0,0.0
1174943963#1,0.0,50.00400000000001,0.0,0.0
1174958323#0,0.0,100.00800000000002,0.0,0.0
1174958323#1,0.0,100.00800000000002,0.0,0.0
1174997023#0,0.0,100.00800000000002,0.0,0.0
1174997023#1,0.0,100.00800000000002,0.0,0.0
1177830629#0,0.0,50.00400000000001,0.0,0.0
1177830629#1,0.0,50.00400000000001,0.0,0.0
1177873557#0,0.0,50.00400000000001,0.0,0.0
1177873557#1,0.0,50.00400000000001,0.0,0.0
1177873558#0,0.0,50.00400000000001,0.0,0.0
1177873558#1,0.0,50.00400000000001,0.0,0.0
1177878222#0,0.0,10.007999999999997,0.0,0.0
1177878222#1,0.0,10.007999999999997,0.0,0.0
1178005070#0,0.0,50.00400000000001,0.0,0.0
1178005070#1,0.0,50.00400000000001,0.0,0.0
1178005978#0,0.0,50.00400000000001,0.0,0.0
1178005978#1,0.0,50.00400000000001,0.0,0.0
1178005979#0,0.0,50.00400000000001,0.0,0.0
1178005979#1,0.0,50.00400000000001,0.0,0.0
1178005980#0,0.0,50.00400000000001,0.0,0.0
1178005980#1,0.0,50.00400000000001,0.0,0.0
1178006786#0,0.0,50.00400000000001,0.0,0.0
1178006786#1,0.0,50.00400000000001,0.0,0.0
1178012433#0,0.0,50.00400000000001,0.0,0.0
1178012433#1,0.0,50.00400000000001,0.0,0.0
1178012659#0,0.0,50.00400000000001,0.0,0.0
1178012659#1,0.0,50.00400000000001,0.0,0.0
1178013884#0,0.0,50.00400000000001,0.0,0.0
1178013884#1,0.0,50.00400000000001,0.0,0.0
1178014356#0,0.0,50.00400000000001,0.0,0.0
1178014356#1,0.0,50.00400000000001,0.0,0.0
1178016910#0,0.0,50.00400000000001,0.0,0.0
1178016910#1,0.0,50.00400000000001,0.0,0.0
1178018200#0,0.0,10.007999999999997,0.0,0.0
1178018200#1,0.0,10.007999999999997,0.0,0.0
1178018481#0,0.0,50.00400000000001,0.0,0.0
1178018481#1,0.0,50.00400000000001,0.0,0.0
1178019785#0,0.0,50.00400000000001,0.0,0.0
1178019785#1,0.0,50.00400000000001,0.0,0.0
1178020752#0,0.0,50.00400000000001,0.0,0.0
1178020752#1,0.0,50.00400000000001,0.0,0.0
1178023089#0,0.0,50.00400000000001,0.0,0.0
1178023089#1,0.0,50.00400000000001,0.0,0.0
1178023292#0,0.0,50.00400000000001,0.0,0.0
1178023292#1,0.0,50.00400000000001,0.0,0.0
1178026570#0,0.0,10.007999999999997,0.0,0.0
1178026570#1,0.0,10.007999999999997,0.0,0.0
1178041322#0,0.0,10.007999999999997,0.0,0.0
1178041322#1,0.0,10.007999999999997,0.0,0.0
1178043793,0.0,79.99199999999999,0.0,0.0
1178054906#0,0.0,50.00400000000001,0.0,0.0
1178054906#1,0.0,50.00400000000001,0.0,0.0
1178059730#0,0.0,10.007999999999997,0.0,0.0
1178059730#1,0.0,10.007999999999997,0.0,0.0
1178066511#0,0.0,50.00400000000001,0.0,0.0
1178066511#1,0.0,50.00400000000001,0.0,0.0
1178079762#0,0.0,10.007999999999997,0.0,0.0
1178079762#1,0.0,10.007999999999997,0.0,0.0
1178082172#0,0.0,50.00400000000001,0.0,0.0
1178082172#1,0.0,50.00400000000001,0.0,0.0
1178082173#0,0.0,50.00400000000001,0.0,0.0
1178082173#1,0.0,50.00400000000001,0.0,0.0
1178084930#0,0.0,50.00400000000001,0.0,0.0
1178084930#1,0.0,50.00400000000001,0.0,0.0
1178221148#0,0.0,50.00400000000001,0.0,0.0
1178221148#1,0.0,50.00400000000001,0.0,0.0
1178241327#0,0.0,10.007999999999997,0.0,0.0
1178241327#1,0.0,10.007999999999997,0.0,0.0
1178242076#0,0.0,10.007999999999997,0.0,0.0
1178242076#1,0.0,10.007999999999997,0.0,0.0
1178243258#0,0.0,10.007999999999997,0.0,0.0
1178243258#1,0.0,10.007999999999997,0.0,0.0
1178243917#0,0.0,10.007999999999997,0.0,0.0
1178243917#1,0.0,10.007999999999997,0.0,0.0
1178248679#0,0.0,50.00400000000001,0.0,0.0
1178248679#1,0.0,50.00400000000001,0.0,0.0
1178249918#0,0.0,50.00400000000001,0.0,0.0
1178249918#1,0.0,50.00400000000001,0.0,0.0
1178250043#0,0.0,50.00400000000001,0.0,0.0
1178250043#1,0.0,50.00400000000001,0.0,0.0
1178251026#0,0.0,50.00400000000001,0.0,0.0
1178251026#1,0.0,50.00400000000001,0.0,0.0
1178251381#0,0.0,50.00400000000001,0.0,0.0
1178251381#1,0.0,50.00400000000001,0.0,0.0
1178251559#0,0.0,50.00400000000001,0.0,0.0
1178251559#1,0.0,50.00400000000001,0.0,0.0
1178253793#0,0.0,50.00400000000001,0.0,0.0
1178253793#1,0.0,50.00400000000001,0.0,0.0
1178253794#0,0.0,50.00400000000001,0.0,0.0
1178253794#1,0.0,50.00400000000001,0.0,0.0
1178254347#0,0.0,10.007999999999997,0.0,0.0
1178254347#1,0.0,10.007999999999997,0.0,0.0
1178254826#0,0.0,50.00400000000001,0.0,0.0
1178254826#1,0.0,50.00400000000001,0.0,0.0
1178275604#0,0.0,50.00400000000001,0.0,0.0
1178275604#1,0.0,50.00400000000001,0.0,0.0
1178290042#0,0.0,50.00400000000001,0.0,0.0
1178290042#1,0.0,50.00400000000001,0.0,0.0
1178290043#0,0.0,50.00400000000001,0.0,0.0
1178290043#1,0.0,50.00400000000001,0.0,0.0
1178307367#0,0.0,10.007999999999997,0.0,0.0
1178307367#1,0.0,10.007999999999997,0.0,0.0
1178506612#0,0.0,10.007999999999997,0.0,0.0
1178506612#1,0.0,10.007999999999997,0.0,0.0
1178508775#0,0.0,10.007999999999997,0.0,0.0
1178508775#1,0.0,10.007999999999997,0.0,0.0
1178511199#0,0.0,10.007999999999997,0.0,0.0
1178511199#1,0.0,10.007999999999997,0.0,0.0
1178551423#0,0.0,50.00400000000001,0.0,0.0
1178551423#1,0.0,50.00400000000001,0.0,0.0
1178551957#0,0.0,50.00400000000001,0.0,0.0
1178551957#1,0.0,50.00400000000001,0.0,0.0
1178552817#0,0.0,50.00400000000001,0.0,0.0
1178552817#1,0.0,50.00400000000001,0.0,0.0
1179649245#0,0.0,10.007999999999997,0.0,0.0
1179649245#1,0.0,10.007999999999997,0.0,0.0
1179649329#0,0.0,50.00400000000001,0.0,0.0
1179649329#1,0.0,50.00400000000001,0.0,0.0
1179654405#0,0.0,50.00400000000001,0.0,0.0
1179654405#1,0.0,50.00400000000001,0.0,0.0
1179656148#0,0.0,50.00400000000001,0.0,0.0
1179656148#1,0.0,50.00400000000001,0.0,0.0
1179656375#0,0.0,50.00400000000001,0.0,0.0
1179656375#1,0.0,50.00400000000001,0.0,0.0
1179656550#0,0.0,79.99199999999999,0.0,0.0
1179656550#1,0.0,79.99199999999999,0.0,0.0
1179656571#0,0.0,50.00400000000001,0.0,0.0
1179656571#1,0.0,50.00400000000001,0.0,0.0
1179658205#0,0.0,50.00400000000001,0.0,0.0
1179658205#1,0.0,50.00400000000001,0.0,0.0
1179658206#0,0.0,50.00400000000001,0.0,0.0
1179658206#1,0.0,50.00400000000001,0.0,0.0
1179658207#0,0.0,50.00400000000001,0.0,0.0
1179658207#1,0.0,50.00400000000001,0.0,0.0
1179680637#0,0.0,50.00400000000001,0.0,0.0
1179680637#1,0.0,50.00400000000001,0.0,0.0
1179680638#0,0.0,50.00400000000001,0.0,0.0
1179680638#1,0.0,50.00400000000001,0.0,0.0
1179680639#0,0.0,50.00400000000001,0.0,0.0
1179680639#1,0.0,50.00400000000001,0.0,0.0
1179680640#0,0.0,50.00400000000001,0.0,0.0
1179680640#1,0.0,50.00400000000001,0.0,0.0
1179683035#0,0.0,50.00400000000001,0.0,0.0
1179683035#1,0.0,50.00400000000001,0.0,0.0
1179683036#0,0.0,50.00400000000001,0.0,0.0
1179683036#1,0.0,50.00400000000001,0.0,0.0
1179683037#0,0.0,50.00400000000001,0.0,0.0
1179683037#1,0.0,50.00400000000001,0.0,0.0
1179690701#0,0.0,50.00400000000001,0.0,0.0
1179690701#1,0.0,50.00400000000001,0.0,0.0
1179690702#0,0.0,50.00400000000001,0.0,0.0
1179690702#1,0.0,50.00400000000001,0.0,0.0
1179691291#0,0.0,50.00400000000001,0.0,0.0
1179691291#1,0.0,50.00400000000001,0.0,0.0
1179691292#0,0.0,50.00400000000001,0.0,0.0
1179691292#1,0.0,50.00400000000001,0.0,0.0
1179696116#0,0.0,50.00400000000001,0.0,0.0
1179696116#1,0.0,50.00400000000001,0.0,0.0
1179696117#0,0.0,50.00400000000001,0.0,0.0
1179696117#1,0.0,50.00400000000001,0.0,0.0
1179696118#0,0.0,50.00400000000001,0.0,0.0
1179696118#1,0.0,50.00400000000001,0.0,0.0
1179696119#0,0.0,50.00400000000001,0.0,0.0
1179696119#1,0.0,50.00400000000001,0.0,0.0
1179697502#0,0.0,50.00400000000001,0.0,0.0
1179697502#1,0.0,50.00400000000001,0.0,0.0
1179697503#0,0.0,10.007999999999997,0.0,0.0
1179697503#1,0.0,10.007999999999997,0.0,0.0
1179697504#0,0.0,50.00400000000001,0.0,0.0
1179697504#1,0.0,50.00400000000001,0.0,0.0
1179702450#0,0.0,50.00400000000001,0.0,0.0
1179702450#1,0.0,50.00400000000001,0.0,0.0
1179702451#0,0.0,10.007999999999997,0.0,0.0
1179702451#1,0.0,10.007999999999997,0.0,0.0
1179702452#0,0.0,10.007999999999997,0.0,0.0
1179702452#1,0.0,10.007999999999997,0.0,0.0
1179702453#0,0.0,50.00400000000001,0.0,0.0
1179702453#1,0.0,50.00400000000001,0.0,0.0
1179910787#0,0.0,50.00400000000001,0.0,0.0
1179910787#1,0.0,50.00400000000001,0.0,0.0
1179910828#0,0.0,79.99199999999999,0.0,0.0
1179910828#1,0.0,79.99199999999999,0.0,0.0
1179913393#0,0.0,50.00400000000001,0.0,0.0
1179913393#1,0.0,50.00400000000001,0.0,0.0
1179913394#0,0.0,50.00400000000001,0.0,0.0
1179913394#1,0.0,50.00400000000001,0.0,0.0
1179915464#0,0.0,10.007999999999997,0.0,0.0
1179915464#1,0.0,10.007999999999997,0.0,0.0
1179915465#0,0.0,50.00400000000001,0.0,0.0
1179915465#1,0.0,50.00400000000001,0.0,0.0
1179916271#0,0.0,10.007999999999997,0.0,0.0
1179916271#1,0.0,10.007999999999997,0.0,0.0
1179955340#0,0.0,10.007999999999997,0.0,0.0
1179955340#1,0.0,10.007999999999997,0.0,0.0
1179956138#0,0.0,50.00400000000001,0.0,0.0
1179956138#1,0.0,50.00400000000001,0.0,0.0
1179956139#0,0.0,50.00400000000001,0.0,0.0
1179956139#1,0.0,50.00400000000001,0.0,0.0
1179956140#0,0.0,10.007999999999997,0.0,0.0
1179956140#1,0.0,10.007999999999997,0.0,0.0
1179962264#0,0.0,50.00400000000001,0.0,0.0
1179962264#1,0.0,50.00400000000001,0.0,0.0
1179964025#0,0.0,10.007999999999997,0.0,0.0
1179964025#1,0.0,10.007999999999997,0.0,0.0
1179976047#0,0.0,50.00400000000001,0.0,0.0
1179976047#1,0.0,50.00400000000001,0.0,0.0
1179978816#0,0.0,50.00400000000001,0.0,0.0
1179978816#1,0.0,50.00400000000001,0.0,0.0
1180133399#0,0.0,50.00400000000001,0.0,0.0
1180133399#1,0.0,50.00400000000001,0.0,0.0
1180590647#0,0.0,50.00400000000001,0.0,0.0
1180590647#1,0.0,50.00400000000001,0.0,0.0
1182001959#0,0.0,50.00400000000001,0.0,0.0
1182001959#1,0.0,50.00400000000001,0.0,0.0
1192799362#1,0.0,60.012000000000015,0.0,0.0
1192799363#1,0.0,60.012000000000015,0.0,0.0
1192799363#2,0.0,60.012000000000015,0.0,0.0
1192799366,0.0,60.012000000000015,0.0,0.0
1193003736,0.0,39.995999999999995,0.0,0.0
1193003737,0.0,39.995999999999995,0.0,0.0
1193003742,0.0,39.995999999999995,0.0,0.0
1193489358#0,0.0,50.00400000000001,0.0,0.0
1193489358#1,0.0,50.00400000000001,0.0,0.0
1193489363#0,0.0,50.00400000000001,0.0,0.0
1193489363#1,0.0,50.00400000000001,0.0,0.0
1193489366#0,0.0,79.99199999999999,0.0,0.0
1193489366#1,0.0,79.99199999999999,0.0,0.0
1193725444#0,0.0,50.00400000000001,0.0,0.0
1193725444#1,0.0,50.00400000000001,0.0,0.0
1193913543#0,0.0,50.00400000000001,0.0,0.0
1193913543#1,0.0,50.00400000000001,0.0,0.0
1193913544#0,0.0,50.00400000000001,0.0,0.0
1193913544#1,0.1,46.94749982424391,0.0,0.031088191899902817
1193972492#0,0.0,100.00800000000002,0.0,0.0
1193972492#1,0.0,100.00800000000002,0.0,0.0
1193972493#0,0.0,79.99199999999999,0.0,0.0
1193972493#1,0.0,79.99199999999999,0.0,0.0
1193972494#0,0.0,100.00800000000002,0.0,0.0
1193972494#1,0.0,100.00800000000002,0.0,0.0
1193972494#2,0.0,100.00800000000002,0.0,0.0
1193972495,0.0,100.00800000000002,0.0,0.0
1193972496,0.0,100.00800000000002,0.0,0.0
1193972497#0,0.0,79.99199999999999,0.0,0.0
1193972497#1,0.0,79.99199999999999,0.0,0.0
1194659612,0.0,39.995999999999995,0.0,0.0
1194659612-AddedOnRampEdge,0.0,39.995999999999995,0.0,0.0
1194659614#0,0.0,39.995999999999995,0.0,0.0
1194659614#1,0.0,39.995999999999995,0.0,0.0
1194659615#1,0.0,100.00800000000002,0.0,0.0
1195987500#0,0.0,100.00800000000002,0.0,0.0
1195987500#1,0.0,100.00800000000002,0.0,0.0
1195987501#0,0.0,50.00400000000001,0.0,0.0
1195987501#1,0.0,50.00400000000001,0.0,0.0
1195990814#0,0.0,50.00400000000001,0.0,0.0
1195990814#1,0.0,50.00400000000001,0.0,0.0
1195990815#0,0.0,39.995999999999995,0.0,0.0
1195990817#0,0.0,39.995999999999995,0.0,0.0
1195990817#3,0.0,39.995999999999995,0.0,0.0
1195990817#4,0.0,39.995999999999995,0.0,0.0
1195990818,0.0,39.995999999999995,0.0,0.0
1196271501#0,0.0,39.995999999999995,0.0,0.0
1196271501#1,0.0,39.995999999999995,0.0,0.0
1196271504,0.0,100.00800000000002,0.0,0.0
1196283316,0.0,79.99199999999999,0.0,0.0
1198914347#0,0.0,10.007999999999997,0.0,0.0
1198914347#1,0.0,10.007999999999997,0.0,0.0
1198952554#0,0.0,39.995999999999995,0.0,0.0
1198952554#1,0.0,39.995999999999995,0.0,0.0
1198952555#0,0.0,39.995999999999995,0.0,0.0
1198952555#1,0.0,39.995999999999995,0.0,0.0
1199407161#0,0.2,10.18302536672711,2743.73770285033,0.02548131370328426
1199407161#1,0.0,10.007999999999997,0.0,0.0
1199407162#0,0.1,48.519883762232574,5554.231443869883,0.003203727974370176
1199407162#1,0.1,50.16253852606353,9808.939489742917,0.003203727974370176
1199457538#0,0.0,50.00400000000001,0.0,0.0
1199457538#1,0.0,50.00400000000001,0.0,0.0
1199457539#0,0.0,50.00400000000001,0.0,0.0
1199457539#1,0.0,50.00400000000001,0.0,0.0
1199457540#1,0.0,79.99199999999999,0.0,0.0
1199457540#2,0.0,79.99199999999999,0.0,0.0
1199676458#0,0.0,50.00400000000001,0.0,0.0
1199676458#1,0.0,50.00400000000001,0.0,0.0
1199676459#0,0.0,50.00400000000001,0.0,0.0
1199676459#1,0.0,50.00400000000001,0.0,0.0
1199688354#0,0.0,50.00400000000001,0.0,0.0
1199688354#1,0.0,50.00400000000001,0.0,0.0
1199696698#0,0.0,50.00400000000001,0.0,0.0
1199696698#1,0.0,50.00400000000001,0.0,0.0
1200751767#0,0.0,10.007999999999997,0.0,0.0
1200751767#1,0.0,10.007999999999997,0.0,0.0
1200751768#0,0.0,10.007999999999997,0.0,0.0
1200751768#1,0.0,10.007999999999997,0.0,0.0
1201007765#0,0.0,10.007999999999997,0.0,0.0
1201007765#1,0.0,10.007999999999997,0.0,0.0
1201025649#0,0.2,9.974783998024805,13554.715021357668,0.08896624273894471
1201025649#1,0.0,10.007999999999997,0.0,0.0
1201027523#0,0.0,10.007999999999997,0.0,0.0
1201027523#1,0.0,10.007999999999997,0.0,0.0
1201033074#0,0.0,50.00400000000001,0.0,0.0
1201033074#1,0.0,50.00400000000001,0.0,0.0
1201034677#0,0.0,50.00400000000001,0.0,0.0
1201034677#1,0.0,50.00400000000001,0.0,0.0
1201233886#0,0.0,50.00400000000001,0.0,0.0
1201233886#1,0.0,50.00400000000001,0.0,0.0
1201251200#0,0.0,50.00400000000001,0.0,0.0
1201251200#1,0.0,50.00400000000001,0.0,0.0
1201599871#0,0.0,39.995999999999995,0.0,0.0
1201599871#1,0.0,39.995999999999995,0.0,0.0
1203406500#0,0.0,10.007999999999997,0.0,0.0
1203406500#1,0.0,10.007999999999997,0.0,0.0
1204351764#0,0.0,100.00800000000002,0.0,0.0
1204351764#1,0.0,100.00800000000002,0.0,0.0
1204351764#2,0.0,100.00800000000002,0.0,0.0
1204351764#3,0.0,100.00800000000002,0.0,0.0
1207722732#0,0.0,10.007999999999997,0.0,0.0
1207722732#1,0.0,10.007999999999997,0.0,0.0
1218509066#0,0.0,100.00800000000002,0.0,0.0
1218509066#1,0.0,100.00800000000002,0.0,0.0
1218509066#2,0.0,100.00800000000002,0.0,0.0
1218676335#0,0.0,79.99199999999999,0.0,0.0
1218676335#1,0.0,79.99199999999999,0.0,0.0
1222684563#0,0.0,50.00400000000001,0.0,0.0
1222684563#1,0.0,50.00400000000001,0.0,0.0
1226070332#0,0.0,10.007999999999997,0.0,0.0
1226070332#1,0.0,10.007999999999997,0.0,0.0
1226071629#0,0.0,39.995999999999995,0.0,0.0
1226071629#1,0.0,39.995999999999995,0.0,0.0
1226071630#0,0.0,50.00400000000001,0.0,0.0
1226071630#1,0.0,50.00400000000001,0.0,0.0
1226071631#0,0.0,50.00400000000001,0.0,0.0
1226071631#1,0.0,50.00400000000001,0.0,0.0
1226071632#0,0.0,50.00400000000001,0.0,0.007288835590439675
1226071632#1,0.2,43.1098559022868,2275.418597753383,0.013526707224636909
1226393093#0,0.0,50.00400000000001,0.0,0.0
1226393093#1,0.0,50.00400000000001,0.0,0.0
1231300661#0,0.0,39.995999999999995,0.0,0.0
1231300661#1,0.0,39.995999999999995,0.0,0.0
1231300662#1,0.0,39.995999999999995,0.0,0.0
1234203913#0,0.0,50.00400000000001,0.0,0.0
1234203913#1,0.0,50.00400000000001,0.0,0.01571029526709505
1234203914#0,0.0,50.00400000000001,0.0,0.0
1234203914#1,0.0,50.00400000000001,0.0,0.0
1234590771#0,0.0,50.00400000000001,0.0,0.0
1234590771#1,0.0,50.00400000000001,0.0,0.0
1234590772#0,0.0,50.00400000000001,0.0,0.0
1234590772#1,0.0,50.00400000000001,0.0,0.0
1234832489#0,0.0,10.007999999999997,0.0,0.0
1234832489#1,0.0,10.007999999999997,0.0,0.0
1234847301#0,0.0,10.007999999999997,0.0,0.0
1234847301#1,0.0,10.007999999999997,0.0,0.0
1234847302#0,0.0,10.007999999999997,0.0,0.0
1234847302#1,0.0,10.007999999999997,0.0,0.0
1235109789#0,0.0,50.00400000000001,0.0,0.0
1235109789#1,0.0,50.00400000000001,0.0,0.0
1235109790#0,0.0,79.99199999999999,0.0,0.0
1235109790#1,0.0,79.99199999999999,0.0,0.0
1236194113#0,0.0,10.007999999999997,0.0,0.0
1236194113#1,0.0,10.007999999999997,0.0,0.0
1236557353#0,0.0,10.007999999999997,0.0,0.0
1236557353#1,0.0,10.007999999999997,0.0,0.0
1236569390#0,0.0,50.00400000000001,0.0,0.0
1236569390#1,0.0,50.00400000000001,0.0,0.0
1237249690#0,0.0,50.00400000000001,0.0,0.0
1237249690#1,0.0,50.00400000000001,0.0,0.0
1237249691#0,0.0,10.007999999999997,0.0,0.0
1237249691#1,0.0,10.007999999999997,0.0,0.0
1237977957#0,0.1,46.62233513572836,5033.359133476815,0.04596062195498557
1237977957#1,0.1,47.210443429791454,5148.992397296213,0.047890433925336914
1238263630#0,0.0,10.007999999999997,0.0,0.0
1238263630#1,0.0,10.007999999999997,0.0,0.0
1238753805#0,0.0,10.007999999999997,0.0,0.0
1238753805#1,0.0,10.007999999999997,0.0,0.0
1238758825#0,0.0,10.007999999999997,0.0,0.0
1238758825#1,0.0,10.007999999999997,0.0,0.0
1238758826#0,0.0,50.00400000000001,0.0,0.0
1238758826#1,0.0,50.00400000000001,0.0,0.0
1238759738#0,0.0,50.00400000000001,0.0,0.0
1238759738#1,0.0,50.00400000000001,0.0,0.0
1238769613#0,0.0,10.007999999999997,0.0,0.0
1238769613#1,0.0,10.007999999999997,0.0,0.0
1238769614#0,0.0,50.00400000000001,0.0,0.0
1238769614#1,0.0,50.00400000000001,0.0,0.0
1238783966#0,0.0,50.00400000000001,0.0,0.0
1238783966#1,0.0,50.00400000000001,0.0,0.0
1238785077#0,0.0,10.007999999999997,0.0,0.0
1238785077#1,0.0,10.007999999999997,0.0,0.0
1238794352#0,0.0,50.00400000000001,0.0,0.0
1238794352#1,0.0,50.00400000000001,0.0,0.0
1238796575#0,0.2,9.647012617965391,14124.673018861762,0.10659381279014075
1238796575#1,0.0,10.007999999999997,0.0,0.0
1238796576#0,0.0,50.00400000000001,0.0,0.0
1238796576#1,0.0,50.00400000000001,0.0,0.0
1238798046#0,0.0,50.00400000000001,0.0,0.0
1238798046#1,0.0,50.00400000000001,0.0,0.0
1238803278#0,0.0,10.007999999999997,0.0,0.0
1238803278#1,0.0,10.007999999999997,0.0,0.0
1238808251#0,0.0,50.00400000000001,0.0,0.0
1238808251#1,0.0,50.00400000000001,0.0,0.0
1238811560#0,0.0,10.007999999999997,0.0,0.0
1238811560#1,0.0,10.007999999999997,0.0,0.0
1238815922#0,0.0,10.007999999999997,0.0,0.0
1238815922#1,0.0,10.007999999999997,0.0,0.0
1251044893#0,0.0,50.00400000000001,0.0,0.0
1251044893#1,0.0,50.00400000000001,0.0,0.0
1251051922#0,0.0,79.99199999999999,0.0,0.0
1251051922#1,0.0,79.99199999999999,0.0,0.0
1251109565#0,0.0,50.00400000000001,0.0,0.0
1251109565#1,0.0,50.00400000000001,0.0,0.0
1251109566,0.0,39.995999999999995,0.0,0.0
1251109567,0.0,39.995999999999995,0.0,0.0
1251129389#0,0.0,39.995999999999995,0.0,0.0
1251129389#1,0.0,39.995999999999995,0.0,0.0
1251129390#0,0.0,39.995999999999995,0.0,0.0
1251129390#1,0.0,39.995999999999995,0.0,0.0
1251129391,0.0,39.995999999999995,0.0,0.0
1252219994#0,0.0,39.995999999999995,0.0,0.0
1252219994#1,0.0,39.995999999999995,0.0,0.0
1252219995#0,0.0,39.995999999999995,0.0,0.0
1252219995#1,0.0,39.995999999999995,0.0,0.0
1252704830,0.0,100.00800000000002,0.0,0.0
1275560130#0,0.0,50.00400000000001,0.0,0.0
1275560130#1,0.0,50.00400000000001,0.0,0.0
1275560131#0,0.0,10.007999999999997,0.0,0.0
1275560131#1,0.0,10.007999999999997,0.0,0.0
1275573515#0,0.0,50.00400000000001,0.0,0.0
1275573515#1,0.0,50.00400000000001,0.0,0.0
1277600332#0,0.0,39.995999999999995,0.0,0.0
1277600332#1,0.0,39.995999999999995,0.0,0.0
1277600333,0.0,39.995999999999995,0.0,0.0
1285983525#0,0.0,39.995999999999995,0.0,0.0
1285983525#1,0.0,39.995999999999995,0.0,0.0
1286161073,0.0,39.995999999999995,0.0,0.0
1287633305,0.1,97.7868424239432,8998.358202401758,0.0008281261763155914
1287656129,0.0,39.995999999999995,0.0,0.0
1287674271,0.0,79.99199999999999,0.0,0.0
1287674272,0.0,39.995999999999995,0.0,0.0
1287674273,0.0,100.00800000000002,0.0,0.0
1287998019#0,0.0,50.00400000000001,0.0,0.0
1287998019#1,0.0,50.00400000000001,0.0,0.0
1287998020#0,0.0,50.00400000000001,0.0,0.0
1287998020#1,0.0,50.00400000000001,0.0,0.0
1288011208#0,0.0,39.995999999999995,0.0,0.0
1288011208#1,0.0,39.995999999999995,0.0,0.0
1288011209,0.0,39.995999999999995,0.0,0.0
1288033146#0,0.0,10.007999999999997,0.0,0.0
1288033146#1,0.0,10.007999999999997,0.0,0.0
1301673408#0,0.0,79.99199999999999,0.0,0.0
1301673408#1,0.0,79.99199999999999,0.0,0.0
1307473984,0.0,100.00800000000002,0.0,0.0
1307473986#0,0.0,39.995999999999995,0.0,0.0
1307473986#1,0.0,39.995999999999995,0.0,0.0
1307645610#0,0.0,100.00800000000002,0.0,0.0
1307645610#1,0.0,100.00800000000002,0.0,0.0
1307645611#0,0.0,100.00800000000002,0.0,0.0
1307645611#1,0.0,100.00800000000002,0.0,0.0
1309028078#0,0.0,50.00400000000001,0.0,0.0
1309028078#1,0.0,50.00400000000001,0.0,0.0
1309033380#0,0.0,100.00800000000002,0.0,0.0
1309033380#1,0.0,100.00800000000002,0.0,0.0
1309034477,0.0,60.012000000000015,0.0,0.0
1309035993,0.0,39.995999999999995,0.0,0.0
1309091386#0,0.0,50.00400000000001,0.0,0.0
1309091386#1,0.0,50.00400000000001,0.0,0.0
1309200484#0,0.0,10.007999999999997,0.0,0.0
1309200484#1,0.0,10.007999999999997,0.0,0.0
1309209159#0,0.0,10.007999999999997,0.0,0.0
1309209159#1,0.0,10.007999999999997,0.0,0.0
1309211043#0,0.0,50.00400000000001,0.0,0.0
1309211043#1,0.0,50.00400000000001,0.0,0.0
1309220232#0,0.0,50.00400000000001,0.0,0.0
1309220232#1,0.0,50.00400000000001,0.0,0.0
1309220233#0,0.0,50.00400000000001,0.0,0.0
1309220233#1,0.0,50.00400000000001,0.0,0.0
1309222782#0,0.0,10.007999999999997,0.0,0.0
1309222782#1,0.0,10.007999999999997,0.0,0.0
1309222783#0,0.0,50.00400000000001,0.0,0.0
1309222783#1,0.0,50.00400000000001,0.0,0.0
1309254612#0,0.0,79.99199999999999,0.0,0.0
1309254612#1,0.0,79.99199999999999,0.0,0.0
1309273789#0,0.0,79.99199999999999,0.0,0.0
1309273789#1,0.0,79.99199999999999,0.0,0.0
1309273790#0,0.0,50.00400000000001,0.0,0.0
1309273790#1,0.0,50.00400000000001,0.0,0.0
1309522060#0,0.0,50.00400000000001,0.0,0.0
1309522060#1,0.0,50.00400000000001,0.0,0.0
1309608501#0,0.0,10.007999999999997,0.0,0.0
1309608501#1,0.0,10.007999999999997,0.0,0.0
1309608502#0,0.0,10.007999999999997,0.0,0.0
1309608502#1,0.0,10.007999999999997,0.0,0.0
1309674215#0,0.0,50.00400000000001,0.0,0.0
1309674215#1,0.0,50.00400000000001,0.0,0.0
1309999211#0,0.0,39.995999999999995,0.0,0.0
1309999211#1,0.0,39.995999999999995,0.0,0.0
1310024025#0,0.0,50.00400000000001,0.0,0.0
1310024025#1,0.0,50.00400000000001,0.0,0.0
1310033455#0,0.0,50.00400000000001,0.0,0.0
1310033455#1,0.0,50.00400000000001,0.0,0.0
1310033456#0,0.0,10.007999999999997,0.0,0.0
1310033456#1,0.0,10.007999999999997,0.0,0.0
1311407944#0,0.0,39.995999999999995,0.0,0.0
1311407944#1,0.0,39.995999999999995,0.0,0.0
1311474901#0,0.1,46.39339342404314,3979.287849875604,0.014809174059652142
1311474901#1,0.0,50.00400000000001,0.0,0.0
1312946259,0.0,39.995999999999995,0.0,0.0
1312946260,0.0,39.995999999999995,0.0,0.0
131765639#0,0.0,50.00400000000001,0.0,0.0
131765639#1,0.0,50.00400000000001,0.0,0.0
1322138626,0.0,79.99199999999999,0.0,0.0
1322138627#0,0.0,79.99199999999999,0.0,0.0
1322138627#1,0.0,79.99199999999999,0.0,0.0
1322138628#0,0.0,79.99199999999999,0.0,0.0
1322138628#1,0.0,79.99199999999999,0.0,0.0
1322138629#0,0.0,79.99199999999999,0.0,0.0
1322138629#1,0.0,79.99199999999999,0.0,0.0
1327835241#0,0.0,79.99199999999999,0.0,0.0
1327835241#1,0.0,79.99199999999999,0.0,0.0
1328080880#0,0.0,50.00400000000001,0.0,0.0
1328080880#1,0.0,50.00400000000001,0.0,0.0
1342321715,0.0,79.99199999999999,0.0,0.0
1342408879#0,0.0,50.00400000000001,0.0,0.0
1342408879#1,0.0,50.00400000000001,0.0,0.0
1342411459#0,0.0,79.99199999999999,0.0,0.0
1342411459#1,0.0,79.99199999999999,0.0,0.0
1343388383#0,0.0,50.00400000000001,0.0,0.0
1343388383#1,0.0,50.00400000000001,0.0,0.0
1344481867,0.0,60.012000000000015,0.0,0.0
1344947284#0,0.0,50.00400000000001,0.0,0.0
1344947284#1,0.0,50.00400000000001,0.0,0.0
1347533152#1,0.0,100.00800000000002,0.0,0.0
1347533152#2,0.0,100.00800000000002,0.0,0.0
1347533152#3,0.0,100.00800000000002,0.0,0.0
135461188,0.0,39.995999999999995,0.0,0.0
135461199,0.0,39.995999999999995,0.0,0.0
135461205#0,0.0,39.995999999999995,0.0,0.0
135461205#1,0.0,39.995999999999995,0.0,0.0
135461207#0,0.0,39.995999999999995,0.0,0.0
135461207#1,0.0,39.995999999999995,0.0,0.0
135461212,0.0,100.00800000000002,0.0,0.0
135461215,0.0,39.995999999999995,0.0,0.0
135461216,0.0,100.00800000000002,0.0,0.0
135461217#0,0.0,39.995999999999995,0.0,0.0
135461217#1,0.0,39.995999999999995,0.0,0.0
1364197408#0,0.0,10.007999999999997,0.0,0.0
1364197408#1,0.0,10.007999999999997,0.0,0.0
1364197409#0,0.0,10.007999999999997,0.0,0.0
1364197409#1,0.0,10.007999999999997,0.0,0.0
1373593668,0.0,100.00800000000002,0.0,0.0
1373625234,0.0,39.995999999999995,0.0,0.0
1373626750,0.0,100.00800000000002,0.0,0.0
1376079370#0,0.0,79.99199999999999,0.0,0.0
1376079370#1,0.0,79.99199999999999,0.0,0.0
1387725161#0,0.0,39.995999999999995,0.0,0.0
1387725161#1,0.0,39.995999999999995,0.0,0.0
1387728842,0.0,39.995999999999995,0.0,0.0
1387731641,0.0,100.00800000000002,0.0,0.0
1387731642,0.0,39.995999999999995,0.0,0.0
1387731643,0.0,100.00800000000002,0.0,0.0
1387731644,0.0,100.00800000000002,0.0,0.0
1388181076#0,0.0,79.99199999999999,0.0,0.0
1388181076#1,0.0,79.99199999999999,0.0,0.0
1388181076#2,0.0,79.99199999999999,0.0,0.0
1388704702,0.0,39.995999999999995,0.0,0.0
1388746868#0,0.0,100.00800000000002,0.0,0.0
1388746868#1,0.0,100.00800000000002,0.0,0.0
1388965580#0,0.0,39.995999999999995,0.0,0.0
1388965580#1,0.0,39.995999999999995,0.0,0.0
1388965580#2,0.0,39.995999999999995,0.0,0.0
1388965580#3,0.0,39.995999999999995,0.0,0.0
1389216080,0.0,39.995999999999995,0.0,0.0
1392018925,0.0,39.995999999999995,0.0,0.0
1392909746#0,0.0,39.995999999999995,0.0,0.0
1392909746#1,0.0,39.995999999999995,0.0,0.0
1392909746#2,0.0,39.995999999999995,0.0,0.0
1392909746#3,0.0,39.995999999999995,0.0,0.0
1392909746#4,0.0,39.995999999999995,0.0,0.0
1392909746#5,0.0,39.995999999999995,0.0,0.0
1392909746#6,0.0,39.995999999999995,0.0,0.0
1394144777,0.0,100.00800000000002,0.0,0.0
1394144779,0.0,100.00800000000002,0.0,0.0
1396594855,0.0,100.00800000000002,0.0,0.0
1396594856,0.0,100.00800000000002,0.0,0.0
1408487835,0.0,39.995999999999995,0.0,0.0
1408487837#0,0.0,100.00800000000002,0.0,0.0
1408487837#1,0.0,100.00800000000002,0.0,0.0
1419352711,0.0,39.995999999999995,0.0,0.0
1419352712,0.0,39.995999999999995,0.0,0.0
1419352713,0.0,100.00800000000002,0.0,0.0
1421475074#0,0.0,50.00400000000001,0.0,0.0
1421475074#1,0.0,50.00400000000001,0.0,0.0
1421475075#0,0.0,50.00400000000001,0.0,0.0
1421475075#1,0.0,50.00400000000001,0.0,0.0
1421479665#1,0.0,39.995999999999995,0.0,0.0
1421479665#2,0.0,39.995999999999995,0.0,0.0
1421479665#3,0.0,39.995999999999995,0.0,0.0
1421479665#4,0.0,39.995999999999995,0.0,0.0
1421479665#5,0.0,39.995999999999995,0.0,0.0
1421479665#6,0.0,39.995999999999995,0.0,0.0
1421479665#7,0.0,39.995999999999995,0.0,0.0
1427088654,0.0,39.995999999999995,0.0,0.0
1429472740,0.0,39.995999999999995,0.0,0.0
1433973954#0,0.0,100.00800000000002,0.0,0.0
1433973954#1,0.0,100.00800000000002,0.0,0.0
1434291944,0.0,79.99199999999999,0.0,0.0
1434292703#0,0.0,50.00400000000001,0.0,0.0
1434292703#1,0.0,50.00400000000001,0.0,0.0
1435087429#0,0.0,39.995999999999995,0.0,0.0
1435087429#1,0.0,39.995999999999995,0.0,0.0
1435087430,0.0,39.995999999999995,0.0,0.0
1452322999#0,0.0,39.995999999999995,0.0,0.0
1452322999#1,0.0,39.995999999999995,0.0,0.0
1452323647,0.0,100.00800000000002,0.0,0.0
1453839263,0.2,38.95062415731611,7656.956110744713,0.00877451878642271
1464992585,0.0,39.995999999999995,0.0,0.0
1467575441#0,0.0,39.995999999999995,0.0,0.0
1467575441#1,0.0,39.995999999999995,0.0,0.0
1476448641,0.0,79.99199999999999,0.0,0.0
1476466974,0.0,39.995999999999995,0.0,0.0
1480586115,0.0,39.995999999999995,0.0,0.0
1483305514#0,0.0,39.995999999999995,0.0,0.0
1483305514#1,0.0,39.995999999999995,0.0,0.0
1485642374#0,0.0,10.007999999999997,0.0,0.0
1485642374#1,0.0,10.007999999999997,0.0,0.0
1500294333#0,0.0,79.99199999999999,0.0,0.0
1500294333#1,0.0,79.99199999999999,0.0,0.0
1502779183,0.0,39.995999999999995,0.0,0.0
1502779184#0,0.0,39.995999999999995,0.0,0.0
1502779184#1,0.0,39.995999999999995,0.0,0.0
1505614526,0.0,39.995999999999995,0.0,0.0
1516991580#0,0.0,50.00400000000001,0.0,0.0
1516991580#1,0.0,50.00400000000001,0.0,0.0
1527718515#0,0.0,100.00800000000002,0.0,0.0
1527718515#1,0.0,100.00800000000002,0.0,0.0
1530047250#0,0.0,39.995999999999995,0.0,0.0
1530047250#1,0.0,39.995999999999995,0.0,0.0
1530047251,0.0,60.012000000000015,0.0,0.0
1530047253#0,0.0,60.012000000000015,0.0,0.0
1530047253#1,0.0,60.012000000000015,0.0,0.0
1530047254,0.0,60.012000000000015,0.0,0.0
1530047256#0,0.0,39.995999999999995,0.0,0.0
1530047256#1,0.0,39.995999999999995,0.0,0.0
1530264454,0.0,60.012000000000015,0.0,0.0
1533459316#0,0.0,50.00400000000001,0.0,0.0
1533459316#1,0.4,42.92835959901398,16854.274222328866,0.020867669442005157
204145250,0.0,39.995999999999995,0.0,0.0
204145251#0,0.0,39.995999999999995,0.0,0.0
204145251#0-AddedOffRampEdge,0.0,39.995999999999995,0.0,0.0
204145251#1,0.0,39.995999999999995,0.0,0.0
204145252,0.0,100.00800000000002,0.0,0.0
204283629,0.0,39.995999999999995,0.0,0.0
204283630,0.0,39.995999999999995,0.0,0.0
204283631#0,0.0,39.995999999999995,0.0,0.0
204283631#1,0.0,39.995999999999995,0.0,0.0
211860850#0,0.0,50.00400000000001,0.0,0.0
211860850#1,0.0,50.00400000000001,0.0,0.0
219177859,0.0,100.00800000000002,0.0,0.0
219177860#0,0.0,100.00800000000002,0.0,0.0
219177860#1,0.0,100.00800000000002,0.0,0.0
219177861,0.0,100.00800000000002,0.0,0.0
219177864#0,0.1,39.728407296830184,2967.4863319912897,0.006052454606590451
219177865,0.0,39.995999999999995,0.0,0.0
219243636#0,0.0,79.99199999999999,0.0,0.0
219243636#1,0.0,79.99199999999999,0.0,0.0
219243639#0,0.0,100.00800000000002,0.0,0.0
219246281,0.0,39.995999999999995,0.0,0.0
219246284,0.0,100.00800000000002,0.0,0.0
219246285,0.0,39.995999999999995,0.0,0.0
219246288,0.0,39.995999999999995,0.0,0.0
239266478#2,0.0,60.012000000000015,0.0,0.0
239266479#0,0.0,60.012000000000015,0.0,0.0
239266479#1,0.0,60.012000000000015,0.0,0.0
239266480,0.0,100.00800000000002,0.0,0.0
239266483,0.0,100.00800000000002,0.0,0.0
239266484#0,0.0,39.995999999999995,0.0,0.0
239266484#1,0.0,39.995999999999995,0.0,0.0
239266485#0,0.0,39.995999999999995,0.0,0.0
239266485#1,0.0,39.995999999999995,0.0,0.0
239266485#2,0.0,39.995999999999995,0.0,0.0
239266485#3,0.0,39.995999999999995,0.0,0.0
260231243#0,0.0,39.995999999999995,0.0,0.0
260231243#1,0.0,39.995999999999995,0.0,0.0
27552926#0,0.0,39.995999999999995,0.0,0.0
27552926#1,0.0,39.995999999999995,0.0,0.0
27552926#2,0.0,39.995999999999995,0.0,0.0
27553089#1,0.0,39.995999999999995,0.0,0.0
27553089#2,0.0,39.995999999999995,0.0,0.0
27553089#3,0.0,39.995999999999995,0.0,0.0
27553135#1,0.0,100.00800000000002,0.0,0.0
27553217#0,0.0,39.995999999999995,0.0,0.0
27553217#1,0.0,39.995999999999995,0.0,0.0
27553223#0,0.0,39.995999999999995,0.0,0.0
27553223#1,0.0,39.995999999999995,0.0,0.0
27553226#0,0.0,39.995999999999995,0.0,0.0
27553226#1,0.0,39.995999999999995,0.0,0.0
27553236#0,0.0,39.995999999999995,0.0,0.0
27553236#1,0.0,39.995999999999995,0.0,0.0
27553236#2,0.0,39.995999999999995,0.0,0.0
27553236#3,0.0,39.995999999999995,0.0,0.0
27553236#4,0.0,39.995999999999995,0.0,0.0
27553236#5,0.0,39.995999999999995,0.0,0.0
27553246,0.0,39.995999999999995,0.0,0.0
276767253#0,0.0,10.007999999999997,0.0,0.0
276767253#1,0.0,10.007999999999997,0.0,0.0
276777050#0,0.0,50.00400000000001,0.0,0.0
276777050#1,0.0,50.00400000000001,0.0,0.0
276778117#0,0.0,50.00400000000001,0.0,0.0
276778117#1,0.0,50.00400000000001,0.0,0.0
276814662,0.0,39.995999999999995,0.0,0.0
276814663,0.0,39.995999999999995,0.0,0.0
36920280#1,0.0,100.00800000000002,0.0,0.0
36920280#2,0.0,100.00800000000002,0.0,0.0
36920280#3,0.0,100.00800000000002,0.0,0.0
36920280#4,0.0,100.00800000000002,0.0,0.0
36920280#5,0.0,100.00800000000002,0.0,0.0
36920280#6,0.0,100.00800000000002,0.0,0.0
36920282,0.0,39.995999999999995,0.0,0.0
384345384,0.0,39.995999999999995,0.0,0.0
384345652#0,0.0,50.00400000000001,0.0,0.0
384345652#1,0.0,50.00400000000001,0.0,0.0
449263233,0.0,50.00400000000001,0.0,0.0
474276232#0,0.0,39.995999999999995,0.0,0.0
474276232#1,0.0,39.995999999999995,0.0,0.0
474276380#0,0.0,50.00400000000001,0.0,0.0
474276380#1,0.0,50.00400000000001,0.0,0.0
474277307#1,0.0,39.995999999999995,0.0,0.0
474277464#0,0.0,39.995999999999995,0.0,0.0
474277464#1,0.0,39.995999999999995,0.0,0.0
474277467#0,0.0,39.995999999999995,0.0,0.0
474277467#1,0.0,39.995999999999995,0.0,0.0
50219792#0,0.0,60.012000000000015,0.0,0.0
50219792#2,0.0,60.012000000000015,0.0,0.0
50219792#3,0.0,60.012000000000015,0.0,0.0
50219792#4,0.0,60.012000000000015,0.0,0.0
50219792#5,0.0,60.012000000000015,0.0,0.0
50219794#0,0.0,39.995999999999995,0.0,0.0
50219794#1,0.0,39.995999999999995,0.0,0.0
50219794#2,0.0,39.995999999999995,0.0,0.0
50219794#3,0.0,39.995999999999995,0.0,0.0
50219794#4,0.0,39.995999999999995,0.0,0.0
50219794#5,0.0,39.995999999999995,0.0,0.0
50219795#0,0.0,50.00400000000001,0.0,0.0
50219795#1,0.0,50.00400000000001,0.0,0.0
51766037,0.0,100.00800000000002,0.0,0.0
52085865#0,0.0,39.995999999999995,0.0,0.0
52085865#1,0.0,39.995999999999995,0.0,0.0
52085865#2,0.0,39.995999999999995,0.0,0.0
52085865#3,0.0,39.995999999999995,0.0,0.0
52085865#4,0.0,39.995999999999995,0.0,0.0
52085868#0,0.0,100.00800000000002,0.0,0.0
52085868#1,0.0,100.00800000000002,0.0,0.0
52085869#0,0.0,39.995999999999995,0.0,0.0
52085869#1,0.0,39.995999999999995,0.0,0.0
52085869#2,0.0,39.995999999999995,0.0,0.0
52087215#1,0.0,39.995999999999995,0.0,0.0
52087627#0,0.0,39.995999999999995,0.0,0.0
52087627#1,0.0,39.995999999999995,0.0,0.0
52087651#0,0.0,39.995999999999995,0.0,0.0
52087651#1,0.0,39.995999999999995,0.0,0.0
52087651#2,0.0,39.995999999999995,0.0,0.0
52087651#3,0.0,39.995999999999995,0.0,0.0
52087651#4,0.0,39.995999999999995,0.0,0.0
52088340#0,0.0,100.00800000000002,0.0,0.0
52088340#1,0.0,100.00800000000002,0.0,0.0
52097263#0,0.0,39.995999999999995,0.0,0.0
52097263#1,0.0,39.995999999999995,0.0,0.0
52097266#0,0.0,39.995999999999995,0.0,0.0
52097266#1,0.0,39.995999999999995,0.0,0.0
52097270#0,0.0,100.00800000000002,0.0,0.0
52097270#1,0.0,100.00800000000002,0.0,0.0
52097653#0,0.0,39.995999999999995,0.0,0.0
52097653#1,0.0,39.995999999999995,0.0,0.0
52097752,0.0,39.995999999999995,0.0,0.0
52097804,0.0,39.995999999999995,0.0,0.0
52097811,0.0,39.995999999999995,0.0,0.0
52097812#0,0.0,39.995999999999995,0.0,0.0
52097812#1,0.0,39.995999999999995,0.0,0.0
52097813#0,0.0,39.995999999999995,0.0,0.0
52097813#1,0.0,39.995999999999995,0.0,0.0
52097821,0.0,100.00800000000002,0.0,0.0
52097823,0.0,39.995999999999995,0.0,0.0
52152188,0.0,39.995999999999995,0.0,0.0
52152191#0,0.0,39.995999999999995,0.0,0.0
52152191#1,0.0,39.995999999999995,0.0,0.0
52152219,0.0,39.995999999999995,0.0,0.0
52152220#0,0.0,39.995999999999995,0.0,0.0
52152220#1,0.0,39.995999999999995,0.0,0.0
52152220#2,0.0,39.995999999999995,0.0,0.0
52152279,0.0,100.00800000000002,0.0,0.0
52152282#0,0.0,39.995999999999995,0.0,0.0
52152282#1,0.0,39.995999999999995,0.0,0.0
52152282#1-AddedOffRampEdge,0.0,39.995999999999995,0.0,0.0
52152282#2,0.0,39.995999999999995,0.0,0.0
52152288#0,0.0,79.99199999999999,0.0,0.0
52152288#1,0.0,79.99199999999999,0.0,0.0
52152298#0,0.0,79.99199999999999,0.0,0.0
52152298#1,0.0,79.99199999999999,0.0,0.0
52152302#1,0.0,79.99199999999999,0.0,0.0
52152302#2,0.0,79.99199999999999,0.0,0.0
52152309#0,0.0,79.99199999999999,0.0,0.0
52152309#1,0.0,79.99199999999999,0.0,0.0
52152311#0,0.0,39.995999999999995,0.0,0.0
52152311#1,0.0,39.995999999999995,0.0,0.0
52152313#0,0.0,50.00400000000001,0.0,0.0
52152313#1,0.0,50.00400000000001,0.0,0.0
52152314#0,0.0,50.00400000000001,0.0,0.0
52152314#1,0.0,50.00400000000001,0.0,0.0
52152323#0,0.0,39.995999999999995,0.0,0.0
52152323#1,0.0,39.995999999999995,0.0,0.0
52152345,0.0,100.00800000000002,0.0,0.0
52152346#0,0.0,100.00800000000002,0.0,0.0
52152346#1,0.0,100.00800000000002,0.0,0.0
52152347#0,0.0,100.00800000000002,0.0,0.0
52152347#1,0.0,100.00800000000002,0.0,0.0
52152359,0.0,50.00400000000001,0.0,0.0
52152361#0,0.0,39.995999999999995,0.0,0.0
52152361#1,0.0,39.995999999999995,0.0,0.0
52152361#2,0.0,39.995999999999995,0.0,0.0
52152366,0.2,39.92979108961792,22504.105260204276,0.0020512820512820513
52152369#0,0.0,50.00400000000001,0.0,0.0
52152369#1,0.0,50.00400000000001,0.0,0.0
52152371#0,0.0,50.00400000000001,0.0,0.0
52152371#1,0.0,50.00400000000001,0.0,0.0
52152374,0.0,39.995999999999995,0.0,0.0
52152377#0,0.0,79.99199999999999,0.0,0.0
52152377#1,0.0,79.99199999999999,0.0,0.0
52152381#0,0.0,50.00400000000001,0.0,0.0
52152381#1,0.0,50.00400000000001,0.0,0.0
52152383#0,0.0,79.99199999999999,0.0,0.0
52152383#1,0.0,79.99199999999999,0.0,0.0
52153236#0,0.0,39.995999999999995,0.0,0.0
52153236#1,0.0,39.995999999999995,0.0,0.0
52153236#2,0.0,39.995999999999995,0.0,0.0
52153236#3,0.0,39.995999999999995,0.0,0.0
52153236#4,0.0,39.995999999999995,0.0,0.0
52153238#0,0.0,39.995999999999995,0.0,0.0
52153238#1,0.0,39.995999999999995,0.0,0.0
52153242#0,0.0,50.00400000000001,0.0,0.0
52153242#1,0.0,50.00400000000001,0.0,0.0
52155433,0.0,60.012000000000015,0.0,0.0
52155529#0,0.0,39.995999999999995,0.0,0.0
52155529#1,0.0,39.995999999999995,0.0,0.0
52155571#0,0.0,39.995999999999995,0.0,0.0
52155571#1,0.0,39.995999999999995,0.0,0.0
52155574#0,0.0,39.995999999999995,0.0,0.0
52155574#1,0.0,39.995999999999995,0.0,0.0
52155575#0,0.0,39.995999999999995,0.0,0.0
52155575#1,0.0,39.995999999999995,0.0,0.0
52155576#0,0.0,39.995999999999995,0.0,0.0
52155576#1,0.0,39.995999999999995,0.0,0.0
52155579#0,0.0,39.995999999999995,0.0,0.0
52155579#1,0.0,39.995999999999995,0.0,0.0
52155735,0.0,79.99199999999999,0.0,0.0
52155736#0,0.0,50.00400000000001,0.0,0.0
52155736#1,0.0,50.00400000000001,0.0,0.0
52155737#0,0.0,50.00400000000001,0.0,0.0
52155737#1,0.0,50.00400000000001,0.0,0.0
52155743#0,0.0,79.99199999999999,0.0,0.0
52155743#1,0.0,79.99199999999999,0.0,0.0
52155750#0,0.0,50.00400000000001,0.0,0.0
52155750#1,0.0,50.00400000000001,0.0,0.0
52155752#0,0.0,50.00400000000001,0.0,0.0
52155752#1,0.0,50.00400000000001,0.0,0.0
52246276#0,0.0,39.995999999999995,0.0,0.0
52246276#1,0.0,39.995999999999995,0.0,0.0
52246282#0,0.0,39.995999999999995,0.0,0.0
52246282#1,0.0,39.995999999999995,0.0,0.0
52246283#0,0.0,50.00400000000001,0.0,0.0
52246283#1,0.0,50.00400000000001,0.0,0.0
540134654#0,0.0,79.99199999999999,0.0,0.0
540134654#1,0.0,79.99199999999999,0.0,0.0
540139649#0,0.0,79.99199999999999,0.0,0.0
540139649#1,0.0,79.99199999999999,0.0,0.0
540143493#0,0.0,10.007999999999997,0.0,0.0
540143493#1,0.0,10.007999999999997,0.0,0.0
562638719#0,0.0,39.995999999999995,0.0,0.0
562638719#1,0.0,39.995999999999995,0.0,0.0
562677714#0,0.0,79.99199999999999,0.0,0.0
562694503#0,0.0,50.00400000000001,0.0,0.0
562694503#1,0.0,50.00400000000001,0.0,0.0
562694505#0,0.0,100.00800000000002,0.0,0.0
562694505#1,0.0,100.00800000000002,0.0,0.0
562694505#2,0.0,100.00800000000002,0.0,0.0
563179860#0,0.0,39.995999999999995,0.0,0.0
563179860#1,0.0,39.995999999999995,0.0,0.0
563179860#2,0.0,39.995999999999995,0.0,0.0
563179860#3,0.0,39.995999999999995,0.0,0.0
563179860#4,0.0,39.995999999999995,0.0,0.0
563179861#0,0.0,39.995999999999995,0.0,0.0
563179861#1,0.0,39.995999999999995,0.0,0.0
563179861#2,0.0,39.995999999999995,0.0,0.0
563179862,0.0,79.99199999999999,0.0,0.0
563179863,0.0,39.995999999999995,0.0,0.0
563179864#0,0.0,39.995999999999995,0.0,0.0
563179865#0,0.0,100.00800000000002,0.0,0.0
563179865#1,0.0,100.00800000000002,0.0,0.0
563186192,0.0,100.00800000000002,0.0,0.0
563322829,0.0,39.995999999999995,0.0,0.0
563328649,0.0,39.995999999999995,0.0,0.0
563514770,0.0,100.00800000000002,0.0,0.0
563518385#0,0.0,39.995999999999995,0.0,0.0
563518385#1,0.0,39.995999999999995,0.0,0.0
61009787#0,0.0,79.99199999999999,0.0,0.0
61009787#1,0.0,79.99199999999999,0.0,0.0
647925179,0.0,39.995999999999995,0.0,0.0
647925184#0,0.0,39.995999999999995,0.0,0.0
647925184#0-AddedOffRampEdge,0.0,39.995999999999995,0.0,0.0
647925184#1,0.0,39.995999999999995,0.0,0.0
647925191,0.0,100.00800000000002,0.0,0.0
647934898#0,0.0,39.995999999999995,0.0,0.0
647934898#1,0.0,39.995999999999995,0.0,0.0
647934899,0.0,100.00800000000002,0.0,0.0
647944439,0.0,39.995999999999995,0.0,0.0
647944440,0.0,39.995999999999995,0.0,0.0
647944441,0.0,100.00800000000002,0.0,0.0
656173035#0,0.0,39.995999999999995,0.0,0.0
656173035#1,0.0,39.995999999999995,0.0,0.0
656173039#0,0.0,39.995999999999995,0.0,0.0
656173039#1,0.0,39.995999999999995,0.0,0.0
656173043#0,0.1,39.03946596408359,0.0,0.02262443438914027
656173043#1,0.0,39.995999999999995,0.0,0.0
656886144,0.0,100.00800000000002,0.0,0.0
656886145#0,0.0,39.995999999999995,0.0,0.0
656886145#1,0.0,39.995999999999995,0.0,0.0
656896103#0,0.0,50.00400000000001,0.0,0.0
656896103#1,0.0,50.00400000000001,0.0,0.0
656898093#0,0.0,79.99199999999999,0.0,0.0
656898093#1,0.0,79.99199999999999,0.0,0.0
657492311#0,0.0,50.00400000000001,0.0,0.0
657492311#1,0.0,50.00400000000001,0.0,0.0
659403198#0,0.0,50.00400000000001,0.0,0.0
659403198#1,0.0,50.00400000000001,0.0,0.0
689102809#0,0.0,50.00400000000001,0.0,0.0
689102809#1,0.0,50.00400000000001,0.0,0.0
689130935#0,0.0,50.00400000000001,0.0,0.0
689130935#1,0.0,50.00400000000001,0.0,0.0
689137124#0,0.0,50.00400000000001,0.0,0.0
689137124#1,0.0,50.00400000000001,0.0,0.0
689148362#0,0.0,50.00400000000001,0.0,0.0
689148362#1,0.0,50.00400000000001,0.0,0.0
689173399#0,0.0,50.00400000000001,0.0,0.0
689173399#1,0.0,50.00400000000001,0.0,0.0
689179814#0,0.0,50.00400000000001,0.0,0.0
689179814#1,0.0,50.00400000000001,0.0,0.0
689189834#0,0.0,50.00400000000001,0.0,0.0
689189834#1,0.0,50.00400000000001,0.0,0.0
689198100#0,0.0,100.00800000000002,0.0,0.0
689198100#1,0.0,100.00800000000002,0.0,0.0
689557739#0,0.0,79.99199999999999,0.0,0.0
689557739#1,0.0,79.99199999999999,0.0,0.0
689607708#0,0.0,50.00400000000001,0.0,0.0
689607708#1,0.0,50.00400000000001,0.0,0.0
689627819#0,0.0,50.00400000000001,0.0,0.0
689627819#1,0.0,50.00400000000001,0.0,0.0
689669925#0,0.0,50.00400000000001,0.0,0.0
689669925#1,0.0,50.00400000000001,0.0,0.0
693286158#0,0.0,50.00400000000001,0.0,0.0
693286158#1,0.0,50.00400000000001,0.0,0.0
693300896,0.0,50.00400000000001,0.0,0.0
693306850#0,0.0,50.00400000000001,0.0,0.0
693306850#1,0.0,50.00400000000001,0.0,0.0
693308751#0,0.0,50.00400000000001,0.0,0.0
693308751#1,0.0,50.00400000000001,0.0,0.0
693490018#0,0.0,50.00400000000001,0.0,0.0
693490018#1,0.0,50.00400000000001,0.0,0.0
696816224#0,0.0,50.00400000000001,0.0,0.0
696816224#1,0.0,50.00400000000001,0.0,0.0
696897743#0,0.0,39.995999999999995,0.0,0.0
696897743#1,0.0,39.995999999999995,0.0,0.0
696897744#0,0.0,39.995999999999995,0.0,0.0
696897744#1,0.0,39.995999999999995,0.0,0.0
696897744#2,0.0,39.995999999999995,0.0,0.0
696897744#3,0.0,39.995999999999995,0.0,0.0
696897745#0,0.0,100.00800000000002,0.0,0.0
696897745#1,0.0,100.00800000000002,0.0,0.0
696906710#0,0.0,10.007999999999997,0.0,0.0
696906710#1,0.1,10.027503147923117,0.0,0.009392611145898561
696915248#0,0.0,50.00400000000001,0.0,0.0
696915248#1,0.0,50.00400000000001,0.0,0.0
696915249#0,0.0,50.00400000000001,0.0,0.0
696915249#1,0.0,50.00400000000001,0.0,0.0
697059657#0,0.0,50.00400000000001,0.0,0.0
697059657#1,0.0,50.00400000000001,0.0,0.0
697059658#0,0.0,50.00400000000001,0.0,0.0
697059658#1,0.0,50.00400000000001,0.0,0.0
697065657#0,0.0,50.00400000000001,0.0,0.0
697065657#1,0.0,50.00400000000001,0.0,0.0
697065658#0,0.0,50.00400000000001,0.0,0.0
697065658#1,0.0,50.00400000000001,0.0,0.0
697098357#0,0.0,50.00400000000001,0.0,0.0
697098357#1,0.0,50.00400000000001,0.0,0.0
705714262,0.0,39.995999999999995,0.0,0.0
705716192,0.0,100.00800000000002,0.0,0.0
705716193#1,0.0,100.00800000000002,0.0,0.0
705716193#2,0.0,100.00800000000002,0.0,0.0
706569279#0,0.0,50.00400000000001,0.0,0.0
706569279#1,0.0,50.00400000000001,0.0,0.0
706569280#0,0.0,50.00400000000001,0.0,0.0
706569280#1,0.0,50.00400000000001,0.0,0.0
738394103,0.0,39.995999999999995,0.0,0.0
738394104,0.0,79.99199999999999,0.0,0.0
743189776,0.0,39.995999999999995,0.0,0.0
743189778,1.0,40.59609585221752,21127.655161850907,0.008102268635217862
749308432,0.0,100.00800000000002,0.0,0.0
749308433,0.0,39.995999999999995,0.0,0.0
749308434,0.0,39.995999999999995,0.0,0.0
749309355,0.0,100.00800000000002,0.0,0.0
749310218,0.0,100.00800000000002,0.0,0.0
749320088#0,0.0,79.99199999999999,0.0,0.0
749320088#1,0.0,79.99199999999999,0.0,0.0
749323218#1,0.0,39.995999999999995,0.0,0.0
749329481,0.0,79.99199999999999,0.0,0.0
749329938,0.0,39.995999999999995,0.0,0.0
749341589,0.0,39.995999999999995,0.0,0.0
749353221,0.0,79.99199999999999,0.0,0.0
771670219#0,0.0,50.00400000000001,0.0,0.0
771670219#1,0.0,50.00400000000001,0.0,0.0
771907007,0.0,79.99199999999999,0.0,0.0
79808866#0,0.0,39.995999999999995,0.0,0.0
79808866#1,0.0,39.995999999999995,0.0,0.0
875641791,0.0,39.995999999999995,0.0,0.0
875641792#0,0.0,100.00800000000002,0.0,0.0
875641792#1,0.0,100.00800000000002,0.0,0.0
875641793,0.0,39.995999999999995,0.0,0.0
995135242#0,0.0,10.007999999999997,0.0,0.0
995135242#1,0.0,10.007999999999997,0.0,0.0
995135243#0,0.0,10.007999999999997,0.0,0.0
995135243#1,0.0,10.007999999999997,0.0,0.0
995135244#0,0.0,50.00400000000001,0.0,0.0
995135244#1,0.0,50.00400000000001,0.0,0.0
995135248#0,0.0,50.00400000000001,0.0,0.0
995135248#1,0.0,50.00400000000001,0.0,0.0
995135250#0,0.0,50.00400000000001,0.0,0.0
995135250#1,0.0,50.00400000000001,0.0,0.0
995135254#0,0.0,10.007999999999997,0.0,0.0
995135254#1,0.0,10.007999999999997,0.0,0.0
995135255#0,0.0,50.00400000000001,0.0,0.0
995135255#1,0.0,50.00400000000001,0.0,0.0
995135256#0,0.0,10.007999999999997,0.0,0.0
995135256#1,0.0,10.007999999999997,0.0,0.0
995139901#0,0.0,50.00400000000001,0.0,0.0
995139901#1,0.0,50.00400000000001,0.0,0.0
995139903#0,0.0,10.007999999999997,0.0,0.0
995139903#1,0.0,10.007999999999997,0.0,0.0
995139905#0,0.0,50.00400000000001,0.0,0.0
995139905#1,0.0,50.00400000000001,0.0,0.0
995139906#0,0.0,50.00400000000001,0.0,0.0
995139906#1,0.0,50.00400000000001,0.0,0.0
995139933#0,0.0,50.00400000000001,0.0,0.0
995139933#1,0.0,50.00400000000001,0.0,0.0
995139934#0,0.0,50.00400000000001,0.0,0.0
995139934#1,0.0,50.00400000000001,0.0,0.0
995139936#0,0.0,50.00400000000001,0.0,0.0
995139936#1,0.0,50.00400000000001,0.0,0.0
995139938#0,0.0,50.00400000000001,0.0,0.0
995139938#1,0.0,50.00400000000001,0.0,0.0
995139946#0,0.0,10.007999999999997,0.0,0.0
995139946#1,0.0,10.007999999999997,0.0,0.0
995140650#0,0.0,10.007999999999997,0.0,0.0
995140650#1,0.0,10.007999999999997,0.0,0.0
995157448#0,0.0,10.007999999999997,0.0,0.0
995157448#1,0.0,10.007999999999997,0.0,0.0
:10057961325_0,0.0,11.664000000000001,0.0,0.0
:10057961325_1,0.0,11.664000000000001,0.0,0.0
:10057961326_0,0.0,39.995999999999995,0.0,0.0
:10057961326_10,0.0,13.14,0.0,0.0
:10057961326_2,0.0,21.491999999999997,0.0,0.0
:10057961326_3,0.0,21.491999999999997,0.0,0.0
:10057961326_4,0.0,23.04,0.0,0.0
:10057961326_5,0.0,11.664000000000001,0.0,0.0
:10057961326_6,0.0,13.14,0.0,0.0
:10057961326_7,0.0,23.04,0.0,0.0
:10057961326_8,0.0,11.664000000000001,0.0,0.0
:10057961326_9,0.0,13.14,0.0,0.0
:10092213329_0,0.0,23.220000000000002,0.0,0.0
:10092213329_1,0.0,11.664000000000001,0.0,0.0
:10092213329_2,0.0,13.14,0.0,0.0
:10092213329_3,0.0,26.172000000000004,0.0,0.0
:10092213329_4,0.0,11.664000000000001,0.0,0.0
:10092213329_5,0.0,13.14,0.0,0.0
:10092213329_6,0.0,23.003999999999994,0.0,0.0
:10092213329_7,0.0,23.003999999999994,0.0,0.0
:10092213329_8,0.0,60.012000000000015,0.0,0.0
:10092213342_0,0.0,23.04,0.0,0.0
:10092213342_1,0.0,79.99199999999999,0.0,0.0
:10092213342_10,0.0,22.860000000000003,0.0,0.0
:10092213342_11,0.0,22.860000000000003,0.0,0.0
:10092213342_12,0.0,100.00800000000002,0.0,0.0
:10092213342_14,0.0,25.92000000000001,0.0,0.0
:10092213342_15,0.0,25.92000000000001,0.0,0.0
:10092213342_16,0.0,79.99199999999999,0.0,0.0
:10092213342_17,0.0,79.99199999999999,0.0,0.0
:10092213342_18,0.0,27.324000000000005,0.0,0.0
:10092213342_19,0.0,11.664000000000001,0.0,0.0
:10092213342_2,0.0,79.99199999999999,0.0,0.0
:10092213342_20,0.0,13.14,0.0,0.0
:10092213342_21,0.0,79.99199999999999,0.0,0.0
:10092213342_22,0.0,79.99199999999999,0.0,0.0
:10092213342_23,0.0,27.324000000000005,0.0,0.0
:10092213342_24,0.0,11.664000000000001,0.0,0.0
:10092213342_25,0.0,13.14,0.0,0.0
:10092213342_3,0.0,11.664000000000001,0.0,0.0
:10092213342_4,0.0,13.14,0.0,0.0
:10092213342_5,0.0,23.04,0.0,0.0
:10092213342_6,0.0,79.99199999999999,0.0,0.0
:10092213342_7,0.0,79.99199999999999,0.0,0.0
:10092213342_8,0.0,11.664000000000001,0.0,0.0
:10092213342_9,0.0,13.14,0.0,0.0
:10171622419_0,0.0,11.664000000000001,0.0,0.0
:10171622419_1,0.2,11.156322831007873,2258.491437214689,0.18849159879494876
:10171622422_0,0.0,11.664000000000001,0.0,0.0
:10171622422_1,0.0,11.664000000000001,0.0,0.0
:10177946225_0,0.0,11.664000000000001,0.0,0.0
:10177946225_1,0.0,11.664000000000001,0.0,0.0
:10177946227_0,0.0,21.06,0.0,0.0
:10177946227_1,0.0,10.007999999999997,0.0,0.0
:10177946227_2,0.0,10.007999999999997,0.0,0.0
:10177946227_3,0.0,60.012000000000015,0.0,0.0
:10177946227_5,0.0,26.064,0.0,0.0
:10177946227_6,0.0,26.064,0.0,0.0
:10177946227_7,0.0,21.06,0.0,0.0
:10177946227_8,0.0,10.007999999999997,0.0,0.0
:10177946227_9,0.0,10.007999999999997,0.0,0.0
:10177946228_0,0.0,10.007999999999997,0.0,0.0
:10177946228_1,0.0,10.007999999999997,0.0,0.0
:10208774064_0,0.0,30.672000000000004,0.0,0.0
:10208774064_1,0.0,30.672000000000004,0.0,0.0
:10208774064_10,0.0,11.664000000000001,0.0,0.0
:10208774064_11,0.0,13.14,0.0,0.0
:10208774064_12,0.0,24.912000000000003,0.0,0.0
:10208774064_13,0.0,24.912000000000003,0.0,0.0
:10208774064_14,0.0,11.664000000000001,0.0,0.0
:10208774064_15,0.0,13.14,0.0,0.0
:10208774064_16,0.0,11.664000000000001,0.0,0.0
:10208774064_17,0.0,13.14,0.0,0.0
:10208774064_18,0.0,11.664000000000001,0.0,0.0
:10208774064_19,0.0,13.14,0.0,0.0
:10208774064_2,0.0,11.664000000000001,0.0,0.0
:10208774064_3,0.0,13.14,0.0,0.0
:10208774064_4,0.0,30.672000000000004,0.0,0.0
:10208774064_5,0.0,30.672000000000004,0.0,0.0
:10208774064_6,0.0,11.664000000000001,0.0,0.0
:10208774064_7,0.0,13.14,0.0,0.0
:10208774064_8,0.0,24.912000000000003,0.0,0.0
:10208774064_9,0.0,24.912000000000003,0.0,0.0
:10208774065_0,0.0,11.664000000000001,0.0,0.0
:10208774065_1,0.0,11.664000000000001,0.0,0.0
:10223019093_0,0.0,11.664000000000001,0.0,0.0
:10223019093_1,0.0,11.664000000000001,0.0,0.0
:10223019095_0,0.0,11.664000000000001,0.0,0.0
:10223019095_1,0.0,11.664000000000001,0.0,0.0
:10279701136_0,0.0,100.00800000000002,0.0,0.0
:10279701136_2,0.0,37.728,0.0,0.0
:10279701142_0,0.0,20.807999999999996,0.0,0.0
:10279701142_1,0.0,11.664000000000001,0.0,0.0
:10279701142_2,0.0,13.14,0.0,0.0
:10279701142_3,0.0,24.048,0.0,0.0
:10279701142_4,0.0,11.664000000000001,0.0,0.0
:10279701142_5,0.0,13.14,0.0,0.0
:10279701142_6,0.0,31.247999999999998,0.0,0.0
:10279701142_7,0.0,31.247999999999998,0.0,0.0
:10279701142_8,0.0,100.00800000000002,0.0,0.0
:10279701148_0,0.0,11.664000000000001,0.0,0.0
:10279701148_1,0.0,11.664000000000001,0.0,0.0
:10279701149_0,0.0,11.664000000000001,0.0,0.0
:10279701149_1,0.0,11.664000000000001,0.0,0.0
:10279761595_0,0.0,11.664000000000001,0.0,0.0
:10279761595_1,0.0,11.664000000000001,0.0,0.0
:10279761604_0,0.0,11.664000000000001,0.0,0.0
:10279761604_1,0.0,11.664000000000001,0.0,0.0
:10279819094_0,0.0,70.02,0.0,0.0
:10281869257_0,0.0,25.668,0.0,0.0
:10281869257_1,0.0,11.664000000000001,0.0,0.0
:10281869257_2,0.0,13.14,0.0,0.0
:10281869257_3,0.0,28.512,0.0,0.0
:10281869257_4,0.0,11.664000000000001,0.0,0.0
:10281869257_5,0.0,13.14,0.0,0.0
:10281869257_6,0.0,22.428,0.0,0.0
:10281869257_7,0.0,22.428,0.0,0.0
:10281869257_8,0.0,39.995999999999995,0.0,0.0
:10281869261_0,0.0,39.995999999999995,0.0,0.0
:10281869261_2,0.0,24.228000000000005,0.0,0.0
:10281869261_3,0.0,24.228000000000005,0.0,0.0
:10281869261_4,0.0,21.348000000000003,0.0,0.0
:10281869261_5,0.0,11.664000000000001,0.0,0.0
:10281869261_6,0.0,13.14,0.0,0.0
:10281869261_7,0.0,21.348000000000003,0.0,0.0
:10281869261_8,0.0,11.664000000000001,0.0,0.0
:10281869261_9,0.0,13.14,0.0,0.0
:10281869262_0,0.0,39.995999999999995,0.0,0.0
:10281869262_2,0.0,24.228000000000005,0.0,0.0
:10281869262_3,0.0,24.228000000000005,0.0,0.0
:10281869262_4,0.0,21.168000000000003,0.0,0.0
:10281869262_5,0.0,11.664000000000001,0.0,0.0
:10281869262_6,0.0,13.14,0.0,0.0
:10281869262_7,0.0,21.168000000000003,0.0,0.0
:10281869262_8,0.0,11.664000000000001,0.0,0.0
:10281869262_9,0.0,13.14,0.0,0.0
:10281892344_0,0.0,39.995999999999995,0.0,0.0
:10281892344_2,0.0,21.420000000000005,0.0,0.0
:10281892344_3,0.0,21.420000000000005,0.0,0.0
:10281892344_4,0.0,23.723999999999997,0.0,0.0
:10281892344_5,0.0,11.664000000000001,0.0,0.0
:10281892344_6,0.0,13.14,0.0,0.0
:10281892344_7,0.0,23.723999999999997,0.0,0.0
:10281892344_8,0.0,11.664000000000001,0.0,0.0
:10281892344_9,0.0,13.14,0.0,0.0
:10281892355_0,0.0,39.995999999999995,0.0,0.0
:10281892355_2,0.0,21.672,0.0,0.0
:10281892355_3,0.0,21.672,0.0,0.0
:10281892355_4,0.0,22.860000000000003,0.0,0.0
:10281892355_5,0.0,11.664000000000001,0.0,0.0
:10281892355_6,0.0,13.14,0.0,0.0
:10281892355_7,0.0,22.860000000000003,0.0,0.0
:10281892355_8,0.0,11.664000000000001,0.0,0.0
:10281892355_9,0.0,13.14,0.0,0.0
:10281892358_0,0.0,39.995999999999995,0.0,0.0
:10281892358_2,0.0,21.744,0.0,0.0
:10281892358_3,0.0,21.744,0.0,0.0
:10281892358_4,0.0,22.103999999999996,0.0,0.0
:10281892358_5,0.0,11.664000000000001,0.0,0.0
:10281892358_6,0.0,13.14,0.0,0.0
:10281892358_7,0.0,22.103999999999996,0.0,0.0
:10281892358_8,0.0,11.664000000000001,0.0,0.0
:10281892358_9,0.0,13.14,0.0,0.0
:10281958927_0,0.0,60.012000000000015,0.0,0.0
:10281958927_2,0.0,22.068000000000005,0.0,0.0
:10281958927_3,0.0,22.068000000000005,0.0,0.0
:10281958927_4,0.0,21.744,0.0,0.0
:10281958927_5,0.0,11.664000000000001,0.0,0.0
:10281958927_6,0.0,13.14,0.0,0.0
:10281958927_7,0.0,21.744,0.0,0.0
:10281958927_8,0.0,11.664000000000001,0.0,0.0
:10281958927_9,0.0,13.14,0.0,0.0
:10281958930_0,0.0,60.012000000000015,0.0,0.0
:10281958930_2,0.0,21.204000000000004,0.0,0.0
:10281958930_3,0.0,21.204000000000004,0.0,0.0
:10281958930_4,0.0,24.66,0.0,0.0
:10281958930_5,0.0,11.664000000000001,0.0,0.0
:10281958930_6,0.0,13.14,0.0,0.0
:10281958930_7,0.0,24.66,0.0,0.0
:10281958930_8,0.0,11.664000000000001,0.0,0.0
:10281958930_9,0.0,13.14,0.0,0.0
:10281958933_0,0.0,60.012000000000015,0.0,0.0
:10281958933_2,0.0,21.636,0.0,0.0
:10281958933_3,0.0,21.636,0.0,0.0
:10281958933_4,0.0,22.644000000000002,0.0,0.0
:10281958933_5,0.0,11.664000000000001,0.0,0.0
:10281958933_6,0.1,12.79414066773511,0.0,0.021141877645071954
:10281958933_7,0.0,22.644000000000002,0.0,0.0
:10281958933_8,0.0,11.664000000000001,0.0,0.0
:10281958933_9,0.0,13.14,0.0,0.0
:10281958935_0,0.0,23.688,0.0,0.0
:10281958935_1,0.0,39.995999999999995,0.0,0.0
:10281958935_10,0.0,25.524,0.0,0.0
:10281958935_11,0.0,39.995999999999995,0.0,0.0
:10281958935_12,0.0,39.995999999999995,0.0,0.0
:10281958935_13,0.0,27.863999999999997,0.0,0.0
:10281958935_14,0.0,11.664000000000001,0.0,0.0
:10281958935_15,0.0,13.14,0.0,0.0
:10281958935_16,0.0,39.995999999999995,0.0,0.0
:10281958935_17,0.0,39.995999999999995,0.0,0.0
:10281958935_18,0.0,27.863999999999997,0.0,0.0
:10281958935_19,0.0,11.664000000000001,0.0,0.0
:10281958935_2,0.0,39.995999999999995,0.0,0.0
:10281958935_20,0.0,13.14,0.0,0.0
:10281958935_21,0.0,23.688,0.0,0.0
:10281958935_22,0.0,39.995999999999995,0.0,0.0
:10281958935_23,0.0,39.995999999999995,0.0,0.0
:10281958935_24,0.0,11.664000000000001,0.0,0.0
:10281958935_25,0.0,13.14,0.0,0.0
:10281958935_3,0.0,11.664000000000001,0.0,0.0
:10281958935_4,0.0,13.14,0.0,0.0
:10281958935_5,0.0,23.831999999999997,0.0,0.0
:10281958935_6,0.0,23.831999999999997,0.0,0.0
:10281958935_7,0.0,60.012000000000015,0.0,0.0
:10281958935_9,0.0,25.524,0.0,0.0
:10281958936_0,0.0,60.012000000000015,0.0,0.0
:10281958936_2,0.0,26.478,0.0,0.0
:10281965681_0,0.0,70.02,0.0,0.0
:10281986035_0,0.0,21.599999999999998,0.0,0.0
:10281986035_1,0.0,11.664000000000001,0.0,0.0
:10281986035_2,0.0,13.14,0.0,0.0
:10281986035_3,0.0,21.599999999999998,0.0,0.0
:10281986035_4,0.0,11.664000000000001,0.0,0.0
:10281986035_5,0.0,13.14,0.0,0.0
:10281986035_6,0.0,80.028,0.0,0.0
:10281986035_8,0.0,22.824000000000005,0.0,0.0
:10281986035_9,0.0,22.824000000000005,0.0,0.0
:10281986037_0,0.0,20.88,0.0,0.0
:10281986037_1,0.0,11.664000000000001,0.0,0.0
:10281986037_2,0.0,13.14,0.0,0.0
:10281986037_3,0.0,20.88,0.0,0.0
:10281986037_4,0.0,11.664000000000001,0.0,0.0
:10281986037_5,0.0,13.14,0.0,0.0
:10281986037_6,0.0,60.012000000000015,0.0,0.0
:10281986037_8,0.0,34.488,0.0,0.0
:10281986037_9,0.0,34.488,0.0,0.0
:10281986039_0,0.0,29.970000000000006,0.0,0.0
:10281986039_2,0.0,60.012000000000015,0.0,0.0
:10281986041_0,0.0,43.488,0.0,0.0
:10281986041_1,0.0,43.488,0.0,0.0
:10281986041_10,0.0,31.895999999999997,0.0,0.0
:10281986041_11,0.0,47.196000000000005,0.0,0.0
:10281986041_12,0.0,47.196000000000005,0.0,0.0
:10281986041_13,0.0,11.664000000000001,0.0,0.0
:10281986041_14,0.0,13.14,0.0,0.0
:10281986041_15,0.0,31.895999999999997,0.0,0.0
:10281986041_16,0.0,47.196000000000005,0.0,0.0
:10281986041_17,0.0,47.196000000000005,0.0,0.0
:10281986041_18,0.0,11.664000000000001,0.0,0.0
:10281986041_19,0.0,13.14,0.0,0.0
:10281986041_2,0.0,31.356,0.0,0.0
:10281986041_20,0.0,19.44,0.0,0.0
:10281986041_21,0.0,19.44,0.0,0.0
:10281986041_22,0.0,60.012000000000015,0.0,0.0
:10281986041_24,0.0,25.416,0.0,0.0
:10281986041_25,0.0,24.336000000000002,0.0,0.0
:10281986041_3,0.0,11.664000000000001,0.0,0.0
:10281986041_4,0.0,13.14,0.0,0.0
:10281986041_5,0.0,43.488,0.0,0.0
:10281986041_6,0.0,43.488,0.0,0.0
:10281986041_7,0.0,31.356,0.0,0.0
:10281986041_8,0.0,11.664000000000001,0.0,0.0
:10281986041_9,0.0,13.14,0.0,0.0
:10281986044_0,0.0,45.720000000000006,0.0,0.0
:10281986044_1,0.0,11.664000000000001,0.0,0.0
:10281986044_2,0.0,13.14,0.0,0.0
:10281986044_3,0.0,48.92399999999999,0.0,0.0
:10281986044_4,0.0,11.664000000000001,0.0,0.0
:10281986044_5,0.0,13.14,0.0,0.0
:10281986044_6,0.0,18.360000000000003,0.0,0.0
:10281986044_7,0.0,18.360000000000003,0.0,0.0
:10281986044_8,0.0,60.012000000000015,0.0,0.0
:10281986058_0,0.0,60.012000000000015,0.0,0.0
:10281986058_10,0.0,21.924000000000003,0.0,0.0
:10281986058_11,0.0,11.664000000000001,0.0,0.0
:10281986058_12,0.0,13.14,0.0,0.0
:10281986058_2,0.0,50.040000000000006,0.0,0.0
:10281986058_3,0.0,50.040000000000006,0.0,0.0
:10281986058_4,0.0,21.924000000000003,0.0,0.0
:10281986058_5,0.0,11.664000000000001,0.0,0.0
:10281986058_6,0.0,13.14,0.0,0.0
:10281986058_7,0.0,21.924000000000003,0.0,0.0
:10281986058_8,0.0,11.664000000000001,0.0,0.0
:10281986058_9,0.0,13.14,0.0,0.0
:10282047620_0,0.0,24.515999999999995,0.0,0.0
:10282047620_1,0.0,50.00400000000001,0.0,0.0
:10282047620_10,0.0,23.796,0.0,0.0
:10282047620_11,0.0,23.796,0.0,0.0
:10282047620_12,0.0,39.995999999999995,0.0,0.0
:10282047620_14,0.0,34.236,0.0,0.0
:10282047620_15,0.0,34.236,0.0,0.0
:10282047620_16,0.0,50.00400000000001,0.0,0.0
:10282047620_17,0.0,50.00400000000001,0.0,0.0
:10282047620_18,0.0,24.192000000000004,0.0,0.0
:10282047620_19,0.0,11.664000000000001,0.0,0.0
:10282047620_2,0.0,50.00400000000001,0.0,0.0
:10282047620_20,0.0,13.14,0.0,0.0
:10282047620_21,0.0,50.00400000000001,0.0,0.0
:10282047620_22,0.0,50.00400000000001,0.0,0.0
:10282047620_23,0.0,24.192000000000004,0.0,0.0
:10282047620_24,0.0,11.664000000000001,0.0,0.0
:10282047620_25,0.0,13.14,0.0,0.0
:10282047620_3,0.0,11.664000000000001,0.0,0.0
:10282047620_4,0.0,13.14,0.0,0.0
:10282047620_5,0.0,24.515999999999995,0.0,0.0
:10282047620_6,0.0,50.00400000000001,0.0,0.0
:10282047620_7,0.0,50.00400000000001,0.0,0.0
:10282047620_8,0.0,11.664000000000001,0.0,0.0
:10282047620_9,0.0,13.14,0.0,0.0
:10282080262_0,0.0,23.184,0.0,0.0
:10282080262_1,0.0,11.664000000000001,0.0,0.0
:10282080262_2,0.0,13.14,0.0,0.0
:10282080262_3,0.0,26.136000000000003,0.0,0.0
:10282080262_4,0.0,11.664000000000001,0.0,0.0
:10282080262_5,0.0,13.14,0.0,0.0
:10282080262_6,0.0,23.400000000000002,0.0,0.0
:10282080262_7,0.0,23.400000000000002,0.0,0.0
:10282080262_8,0.0,100.00800000000002,0.0,0.0
:10282080268_0,0.0,79.99199999999999,0.0,0.0
:10282080268_1,0.0,79.99199999999999,0.0,0.0
:10282080268_10,0.0,30.095999999999997,0.0,0.0
:10282080268_11,0.0,27.828000000000003,0.0,0.0
:10282080268_12,0.0,79.99199999999999,0.0,0.0
:10282080268_13,0.0,79.99199999999999,0.0,0.0
:10282080268_14,0.0,11.664000000000001,0.0,0.0
:10282080268_15,0.0,13.14,0.0,0.0
:10282080268_16,0.0,79.99199999999999,0.0,0.0
:10282080268_17,0.0,79.99199999999999,0.0,0.0
:10282080268_18,0.0,11.664000000000001,0.0,0.0
:10282080268_19,0.0,13.14,0.0,0.0
:10282080268_2,0.0,11.664000000000001,0.0,0.0
:10282080268_3,0.0,13.14,0.0,0.0
:10282080268_4,0.0,79.99199999999999,0.0,0.0
:10282080268_5,0.0,79.99199999999999,0.0,0.0
:10282080268_6,0.0,11.664000000000001,0.0,0.0
:10282080268_7,0.0,13.14,0.0,0.0
:10282080268_8,0.0,22.716,0.0,0.0
:10282080268_9,0.0,22.716,0.0,0.0
:10542380576_0,0.0,100.00800000000002,0.0,0.0
:10542380576_2,0.0,20.771999999999995,0.0,0.0
:10560867452_0,0.0,31.03199999999999,0.0,0.0
:10560867452_1,0.0,39.995999999999995,0.0,0.0
:10596151235_0,0.0,28.907999999999998,0.0,0.0
:10596151235_1,0.0,28.907999999999998,0.0,0.0
:10596151235_10,0.0,11.664000000000001,0.0,0.0
:10596151235_11,0.0,13.14,0.0,0.0
:10596151235_12,0.0,28.907999999999998,0.0,0.0
:10596151235_13,0.0,28.907999999999998,0.0,0.0
:10596151235_14,0.0,11.664000000000001,0.0,0.0
:10596151235_15,0.0,13.14,0.0,0.0
:10596151235_16,0.0,11.664000000000001,0.0,0.0
:10596151235_17,0.0,13.14,0.0,0.0
:10596151235_18,0.0,11.664000000000001,0.0,0.0
:10596151235_19,0.0,13.14,0.0,0.0
:10596151235_2,0.0,11.664000000000001,0.0,0.0
:10596151235_3,0.0,13.14,0.0,0.0
:10596151235_4,0.0,23.508000000000006,0.0,0.0
:10596151235_5,0.0,23.508000000000006,0.0,0.0
:10596151235_6,0.0,11.664000000000001,0.0,0.0
:10596151235_7,0.0,13.14,0.0,0.0
:10596151235_8,0.0,23.508000000000006,0.0,0.0
:10596151235_9,0.0,23.508000000000006,0.0,0.0
:10596151236_0,0.0,50.00400000000001,0.0,0.0
:10596151236_1,0.0,50.00400000000001,0.0,0.0
:10596151236_10,0.0,11.664000000000001,0.0,0.0
:10596151236_11,0.0,13.14,0.0,0.0
:10596151236_12,0.0,50.00400000000001,0.0,0.0
:10596151236_13,0.0,50.00400000000001,0.0,0.0
:10596151236_14,0.0,11.664000000000001,0.0,0.0
:10596151236_15,0.0,13.14,0.0,0.0
:10596151236_16,0.0,11.664000000000001,0.0,0.0
:10596151236_17,0.0,13.14,0.0,0.0
:10596151236_18,0.0,11.664000000000001,0.0,0.0
:10596151236_19,0.0,13.14,0.0,0.0
:10596151236_2,0.0,11.664000000000001,0.0,0.0
:10596151236_3,0.0,13.14,0.0,0.0
:10596151236_4,0.0,50.00400000000001,0.0,0.0
:10596151236_5,0.0,50.00400000000001,0.0,0.0
:10596151236_6,0.0,11.664000000000001,0.0,0.0
:10596151236_7,0.0,13.14,0.0,0.0
:10596151236_8,0.0,50.00400000000001,0.0,0.0
:10596151236_9,0.0,50.00400000000001,0.0,0.0
:10637213200_0,0.0,11.664000000000001,0.0,0.0
:10637213200_1,0.0,11.664000000000001,0.0,0.0
:10680197926_0,0.0,11.664000000000001,0.0,0.0
:10680197926_1,0.0,11.664000000000001,0.0,0.0
:10680197927_0,0.0,22.5,0.0,0.0
:10680197927_1,0.0,22.5,0.0,0.0
:10680197927_10,0.0,11.664000000000001,0.0,0.0
:10680197927_11,0.0,13.14,0.0,0.0
:10680197927_12,0.0,28.044000000000004,0.0,0.0
:10680197927_13,0.0,28.044000000000004,0.0,0.0
:10680197927_14,0.0,11.664000000000001,0.0,0.0
:10680197927_15,0.0,13.14,0.0,0.0
:10680197927_16,0.0,11.664000000000001,0.0,0.0
:10680197927_17,0.0,13.14,0.0,0.0
:10680197927_18,0.0,11.664000000000001,0.0,0.0
:10680197927_19,0.0,13.14,0.0,0.0
:10680197927_2,0.0,11.664000000000001,0.0,0.0
:10680197927_3,0.0,13.14,0.0,0.0
:10680197927_4,0.0,22.5,0.0,0.0
:10680197927_5,0.0,22.5,0.0,0.0
:10680197927_6,0.0,11.664000000000001,0.0,0.0
:10680197927_7,0.0,13.14,0.0,0.0
:10680197927_8,0.0,28.044000000000004,0.0,0.0
:10680197927_9,0.0,28.044000000000004,0.0,0.0
:10680197930_0,0.0,11.664000000000001,0.0,0.0
:10680197930_1,0.0,11.664000000000001,0.0,0.0
:10718558838_0,0.0,10.007999999999997,0.0,0.0
:10718558838_1,0.0,10.007999999999997,0.0,0.0
:10845858074_0,0.0,11.664000000000001,0.0,0.0
:10845858074_1,0.0,11.664000000000001,0.0,0.0
:10846984351_0,0.0,11.664000000000001,0.0,0.0
:10846984351_1,0.0,11.664000000000001,0.0,0.0
:10846984353_0,0.0,11.664000000000001,0.0,0.0
:10846984353_1,0.0,11.664000000000001,0.0,0.0
:10846984365_0,0.0,10.007999999999997,0.0,0.0
:10846984365_1,0.0,10.007999999999997,0.0,0.3616892931538125
:10846984366_0,0.0,11.664000000000001,0.0,0.0
:10846984366_1,0.0,11.664000000000001,0.0,0.0
:10902044242_0,0.0,14.418000000000003,0.0,0.0
:10902044242_2,0.0,14.418000000000003,0.0,0.0
:10902054045_0,0.0,22.319999999999997,0.0,0.0
:10902054045_1,0.0,11.664000000000001,0.0,0.0
:10902054045_2,0.0,13.14,0.0,0.0
:10902054045_3,0.0,22.319999999999997,0.0,0.0
:10902054045_4,0.0,11.664000000000001,0.0,0.0
:10902054045_5,0.0,13.14,0.0,0.0
:10902054045_6,0.0,29.375999999999998,0.0,0.0
:10902054045_8,0.0,21.708000000000002,0.0,0.0
:10902054045_9,0.0,21.708000000000002,0.0,0.0
:10904684731_0,0.0,60.012000000000015,0.0,0.0
:10904684731_2,0.0,23.003999999999994,0.0,0.0
:10904684731_3,0.0,23.003999999999994,0.0,0.0
:10904684731_4,0.0,21.599999999999998,0.0,0.0
:10904684731_5,0.0,11.664000000000001,0.0,0.0
:10904684731_6,0.0,13.14,0.0,0.0
:10904684731_7,0.0,21.599999999999998,0.0,0.0
:10904684731_8,0.0,11.664000000000001,0.0,0.0
:10904684731_9,0.0,13.14,0.0,0.0
:10904695198_0,0.0,11.664000000000001,0.0,0.0
:10904695198_1,0.0,11.664000000000001,0.0,0.0
:10904707703_0,0.0,20.916,0.0,0.0
:10904707703_1,0.0,10.007999999999997,0.0,0.0
:10904707703_2,0.0,10.007999999999997,0.0,0.0
:10904707703_3,0.0,60.012000000000015,0.0,0.0
:10904707703_5,0.0,26.964000000000006,0.0,0.0
:10904707703_6,0.0,26.964000000000006,0.0,0.0
:10904707703_7,0.0,20.916,0.0,0.0
:10904707703_8,0.0,10.007999999999997,0.0,0.0
:10904707703_9,0.0,10.007999999999997,0.0,0.0
:10904707704_0,0.0,10.007999999999997,0.0,0.0
:10904707704_1,0.0,10.007999999999997,0.0,0.0
:10904760510_0,0.0,11.664000000000001,0.0,0.0
:10904760510_1,0.0,11.664000000000001,0.0,0.0
:10907356744_0,0.0,24.840000000000003,0.0,0.0
:10907356744_1,0.0,24.840000000000003,0.0,0.0
:10907356744_2,0.0,39.995999999999995,0.0,0.0
:10907356744_3,0.0,22.716,0.0,0.0
:10907356744_4,0.0,11.664000000000001,0.0,0.0
:10907356744_5,0.0,13.14,0.0,0.0
:10907356744_6,0.0,22.716,0.0,0.0
:10907356744_7,0.0,11.664000000000001,0.0,0.0
:10907356744_8,0.0,13.14,0.0,0.0
:10907806554_0,0.0,10.007999999999997,0.0,0.0
:10907806554_1,0.0,10.007999999999997,0.0,0.0
:10907898728_0,0.0,100.00800000000002,0.0,0.0
:10907898728_1,0.0,22.319999999999997,0.0,0.0
:10907898728_2,0.0,22.319999999999997,0.0,0.0
:10907898728_3,0.0,21.744,0.0,0.0
:10907898728_4,0.0,11.664000000000001,0.0,0.0
:10907898728_5,0.0,13.14,0.0,0.0
:10907898728_6,0.0,21.744,0.0,0.0
:10907898728_7,0.0,11.664000000000001,0.0,0.0
:10907898728_8,0.0,13.14,0.0,0.0
:10907898729_0,0.0,11.664000000000001,0.0,0.0
:10907898729_1,0.0,11.664000000000001,0.0,0.0
:10917616431_0,0.0,11.664000000000001,0.0,0.0
:10917616431_1,0.0,11.664000000000001,0.0,0.0
:10941696993_0,0.0,24.479999999999997,0.0,0.0
:10941696993_1,0.0,24.479999999999997,0.0,0.0
:10941696993_10,0.0,11.664000000000001,0.0,0.0
:10941696993_11,0.0,13.14,0.0,0.0
:10941696993_12,0.0,24.479999999999997,0.0,0.0
:10941696993_13,0.0,24.479999999999997,0.0,0.0
:10941696993_14,0.0,11.664000000000001,0.0,0.0
:10941696993_15,0.0,13.14,0.0,0.0
:10941696993_16,0.0,13.14,0.0,0.0
:10941696993_2,0.0,11.664000000000001,0.0,0.0
:10941696993_3,0.0,13.14,0.0,0.0
:10941696993_4,0.0,18.936000000000003,0.0,0.0
:10941696993_5,0.0,18.936000000000003,0.0,0.0
:10941696993_6,0.0,11.664000000000001,0.0,0.0
:10941696993_7,0.0,13.14,0.0,0.0
:10941696993_8,0.0,18.936000000000003,0.0,0.0
:10941696993_9,0.0,18.936000000000003,0.0,0.0
:10941696994_0,0.0,11.664000000000001,0.0,0.0
:10941696994_1,0.0,11.664000000000001,0.0,0.0
:10942043865_0,0.0,11.664000000000001,0.0,0.0
:10942043865_1,0.0,11.664000000000001,0.0,0.0
:10942043898_0,0.0,10.007999999999997,0.0,0.0
:10942043898_1,0.0,10.007999999999997,0.0,0.0
:10942043901_0,0.0,10.007999999999997,0.0,0.0
:10942043901_1,0.0,10.007999999999997,0.0,0.0
:10943277968_0,0.0,28.872000000000007,0.0,0.0
:10943277968_1,0.0,28.872000000000007,0.0,0.0
:10943277968_10,0.0,11.664000000000001,0.0,0.0
:10943277968_11,0.0,13.14,0.0,0.0
:10943277968_12,0.0,23.472,0.0,0.0
:10943277968_13,0.0,23.472,0.0,0.0
:10943277968_14,0.0,11.664000000000001,0.0,0.0
:10943277968_15,0.0,13.14,0.0,0.0
:10943277968_16,0.0,13.14,0.0,0.0
:10943277968_2,0.0,11.664000000000001,0.0,0.0
:10943277968_3,0.0,13.14,0.0,0.0
:10943277968_4,0.0,28.872000000000007,0.0,0.0
:10943277968_5,0.0,28.872000000000007,0.0,0.0
:10943277968_6,0.0,11.664000000000001,0.0,0.0
:10943277968_7,0.0,13.14,0.0,0.0
:10943277968_8,0.0,23.472,0.0,0.0
:10943277968_9,0.0,23.472,0.0,0.0
:10943433498_0,0.0,60.012000000000015,0.0,0.0
:10943433498_2,0.0,21.563999999999997,0.0,0.0
:10943433498_3,0.0,21.563999999999997,0.0,0.0
:10943433498_4,0.0,22.788000000000004,0.0,0.0
:10943433498_5,0.0,11.664000000000001,0.0,0.0
:10943433498_6,0.0,13.14,0.0,0.0
:10943433498_7,0.0,22.788000000000004,0.0,0.0
:10943433498_8,0.0,11.664000000000001,0.0,0.0
:10943433498_9,0.0,13.14,0.0,0.0
:10943433499_0,0.0,11.664000000000001,0.0,0.0
:10943433499_1,0.0,11.664000000000001,0.0,0.0
:10943433501_0,0.0,11.664000000000001,0.0,0.0
:10943433501_1,0.0,11.664000000000001,0.0,0.0
:10943433502_0,0.0,11.664000000000001,0.0,0.0
:10943433502_1,0.0,11.664000000000001,0.0,0.0
:10943433503_0,0.0,11.664000000000001,0.0,0.0
:10943433503_1,0.0,11.664000000000001,0.0,0.0
:10943435168_0,0.0,11.664000000000001,0.0,0.0
:10943435168_1,0.0,11.664000000000001,0.0,0.0
:10943435169_0,0.0,23.112,0.0,0.0
:10943435169_1,0.0,11.664000000000001,0.0,0.0
:10943435169_2,0.0,13.14,0.0,0.0
:10943435169_3,0.0,23.112,0.0,0.0
:10943435169_4,0.0,11.664000000000001,0.0,0.0
:10943435169_5,0.0,13.14,0.0,0.0
:10943435169_6,0.0,24.048,0.0,0.0
:10943435169_7,0.0,24.048,0.0,0.0
:10943435169_8,0.0,39.995999999999995,0.0,0.0
:10943456895_0,0.0,39.995999999999995,0.0,0.0
:10943456895_1,0.0,21.708000000000002,0.0,0.0
:10943456895_2,0.0,21.708000000000002,0.0,0.0
:10943456895_3,0.0,22.355999999999998,0.0,0.0
:10943456895_4,0.0,11.664000000000001,0.0,0.0
:10943456895_5,0.0,13.14,0.0,0.0
:10943456895_6,0.0,22.355999999999998,0.0,0.0
:10943456895_7,0.0,11.664000000000001,0.0,0.0
:10943456895_8,0.0,13.14,0.0,0.0
:10943456896_0,0.0,11.664000000000001,0.0,0.0
:10943456896_1,0.0,11.664000000000001,0.0,0.0
:10943484228_0,0.0,11.664000000000001,0.0,0.0
:10943484228_1,0.0,11.664000000000001,0.0,0.0
:10943484229_0,0.0,11.664000000000001,0.0,0.0
:10943484229_1,0.0,11.664000000000001,0.0,0.0
:10943490945_0,0.0,10.007999999999997,0.0,0.0
:10943490945_1,0.0,10.007999999999997,0.0,0.0
:10943490946_0,0.0,10.007999999999997,0.0,0.0
:10943490946_1,0.0,10.007999999999997,0.0,0.0
:10943498137_0,0.0,21.636,0.0,0.0
:10943498137_1,0.0,11.664000000000001,0.0,0.0
:10943498137_2,0.0,13.14,0.0,0.0
:10943498137_3,0.0,100.00800000000002,0.0,0.0
:10943498137_4,0.0,22.644000000000002,0.0,0.0
:10943498137_5,0.0,22.644000000000002,0.0,0.0
:10943498137_6,0.0,21.636,0.0,0.0
:10943498137_7,0.0,11.664000000000001,0.0,0.0
:10943498137_8,0.0,13.14,0.0,0.0
:10943498138_0,0.0,11.664000000000001,0.0,0.0
:10943498138_1,0.0,11.664000000000001,0.0,0.0
:10943498141_0,0.0,11.664000000000001,0.0,0.0
:10943498141_1,0.0,11.664000000000001,0.0,0.0
:10943498142_0,0.0,11.664000000000001,0.0,0.0
:10943498142_1,0.0,11.664000000000001,0.0,0.0
:10943518780_0,0.0,11.664000000000001,0.0,0.0
:10943518780_1,0.0,11.664000000000001,0.0,0.0
:10943518781_0,0.0,11.664000000000001,0.0,0.0
:10943518781_1,0.0,11.664000000000001,0.0,0.0
:10943522803_0,0.0,11.664000000000001,0.0,0.0
:10943522803_1,0.0,11.664000000000001,0.0,0.0
:10943522804_0,0.0,11.664000000000001,0.0,0.0
:10943522804_1,0.0,11.664000000000001,0.0,0.0
:10943558260_0,0.0,11.664000000000001,0.0,0.0
:10943558260_1,0.0,11.664000000000001,0.0,0.0
:10943558261_0,0.0,11.664000000000001,0.0,0.0
:10943558261_1,0.0,11.664000000000001,0.0,0.0
:10943564147_0,0.0,11.664000000000001,0.0,0.0
:10943564147_1,0.0,11.664000000000001,0.0,0.0
:10943564148_0,0.0,11.664000000000001,0.0,0.0
:10943564148_1,0.0,11.664000000000001,0.0,0.0
:10943566924_0,0.0,11.664000000000001,0.0,0.0
:10943566924_1,0.0,11.664000000000001,0.0,0.0
:10943566925_0,0.0,11.664000000000001,0.0,0.0
:10943566925_1,0.0,11.664000000000001,0.0,0.0
:10943566926_0,0.0,11.664000000000001,0.0,0.0
:10943566926_1,0.0,11.664000000000001,0.0,0.0
:10943595338_0,0.0,10.007999999999997,0.0,0.0
:10943595338_1,0.0,10.007999999999997,0.0,0.0
:10943689682_0,0.0,10.007999999999997,0.0,0.0
:10943689682_1,0.0,10.007999999999997,0.0,0.0
:10943717330_0,0.0,11.664000000000001,0.0,0.0
:10943717330_1,0.0,13.14,0.0,0.0
:10943717330_2,0.0,11.664000000000001,0.0,0.0
:10943717330_3,0.0,13.14,0.0,0.0
:10943717330_4,0.0,19.692000000000004,0.0,0.0
:10943717330_5,0.0,19.692000000000004,0.0,0.0
:10943762903_0,0.0,11.664000000000001,0.0,0.0
:10943762903_1,0.0,11.664000000000001,0.0,0.0
:10943832026_0,0.0,10.007999999999997,0.0,0.0
:10943832026_1,0.0,10.007999999999997,0.0,0.0
:10943859529_0,0.0,11.664000000000001,0.0,0.0
:10943859529_1,0.0,11.664000000000001,0.0,0.0
:10943859530_0,0.0,11.664000000000001,0.0,0.0
:10943859530_1,0.0,11.664000000000001,0.0,0.0
:10943859531_0,0.0,11.664000000000001,0.0,0.0
:10943859531_1,0.0,11.664000000000001,0.0,0.0
:10943925695_0,0.0,11.664000000000001,0.0,0.0
:10943925695_1,0.0,11.664000000000001,0.0,0.0
:10943928346_0,0.0,11.664000000000001,0.0,0.0
:10943928346_1,0.0,11.664000000000001,0.0,0.0
:10943928348_0,0.0,11.664000000000001,0.0,0.0
:10943928348_1,0.0,11.664000000000001,0.0,0.0
:10943970655_0,0.0,10.007999999999997,0.0,0.0
:10943970655_1,0.0,10.007999999999997,0.0,0.0
:10945281420_0,0.0,11.664000000000001,0.0,0.0
:10945281420_1,0.0,11.664000000000001,0.0,0.0
:10945465221_0,0.0,27.43200000000001,0.0,0.0
:10945465221_1,0.0,27.43200000000001,0.0,0.0
:10945465221_10,0.0,10.007999999999997,0.0,0.0
:10945465221_11,0.0,10.007999999999997,0.0,0.0
:10945465221_12,0.0,21.672,0.0,0.0
:10945465221_13,0.0,21.672,0.0,0.0
:10945465221_14,0.0,10.007999999999997,0.0,0.0
:10945465221_15,0.0,10.007999999999997,0.0,0.0
:10945465221_16,0.0,13.14,0.0,0.0
:10945465221_2,0.0,11.664000000000001,0.0,0.0
:10945465221_3,0.0,13.14,0.0,0.0
:10945465221_4,0.0,27.43200000000001,0.0,0.0
:10945465221_5,0.0,27.43200000000001,0.0,0.0
:10945465221_6,0.0,11.664000000000001,0.0,0.0
:10945465221_7,0.0,13.14,0.0,0.0
:10945465221_8,0.0,21.672,0.0,0.0
:10945465221_9,0.0,21.672,0.0,0.0
:10945465222_0,0.0,10.007999999999997,0.0,0.0
:10945465222_1,0.0,10.007999999999997,0.0,0.0
:10945545807_0,0.0,10.007999999999997,0.0,0.0
:10945545807_1,0.0,10.007999999999997,0.0,0.0
:10945550290_0,0.0,11.664000000000001,0.0,0.0
:10945550290_1,0.0,11.664000000000001,0.0,0.0
:10945561418_0,0.0,10.007999999999997,0.0,0.0
:10945561418_1,0.0,10.007999999999997,0.0,0.0
:10945581286_0,0.0,10.007999999999997,0.0,0.0
:10945581286_1,0.0,10.007999999999997,0.0,0.0
:10945606932_0,0.0,50.00400000000001,0.0,0.0
:10945606932_1,0.0,50.00400000000001,0.0,0.0
:10945606932_10,0.0,11.664000000000001,0.0,0.0
:10945606932_11,0.0,13.14,0.0,0.0
:10945606932_12,0.0,50.00400000000001,0.0,0.0
:10945606932_13,0.0,50.00400000000001,0.0,0.0
:10945606932_14,0.0,11.664000000000001,0.0,0.0
:10945606932_15,0.0,13.14,0.0,0.0
:10945606932_16,0.0,11.664000000000001,0.0,0.0
:10945606932_17,0.0,13.14,0.0,0.0
:10945606932_18,0.0,11.664000000000001,0.0,0.0
:10945606932_19,0.0,13.14,0.0,0.0
:10945606932_2,0.0,11.664000000000001,0.0,0.0
:10945606932_3,0.0,13.14,0.0,0.0
:10945606932_4,0.0,50.00400000000001,0.0,0.0
:10945606932_5,0.0,50.00400000000001,0.0,0.0
:10945606932_6,0.0,11.664000000000001,0.0,0.0
:10945606932_7,0.0,13.14,0.0,0.0
:10945606932_8,0.0,50.00400000000001,0.0,0.0
:10945606932_9,0.0,50.00400000000001,0.0,0.0
:10945606933_0,0.0,11.664000000000001,0.0,0.0
:10945606933_1,0.0,11.664000000000001,0.0,0.0
:10945608528_0,0.0,11.664000000000001,0.0,0.0
:10945608528_1,0.0,11.664000000000001,0.0,0.0
:10945608529_0,0.0,11.664000000000001,0.0,0.0
:10945608529_1,0.0,11.664000000000001,0.0,0.0
:10945619491_0,0.0,10.007999999999997,0.0,0.0
:10945619491_1,0.0,10.007999999999997,0.0,0.0
:10945619492_0,0.0,10.007999999999997,0.0,0.0
:10945619492_1,0.0,10.007999999999997,0.0,0.0
:10945625375_0,0.0,60.012000000000015,0.0,0.0
:10945625375_2,0.0,21.816,0.0,0.0
:10945625375_3,0.0,21.816,0.0,0.0
:10945625375_4,0.0,21.996000000000006,0.0,0.0
:10945625375_5,0.0,11.664000000000001,0.0,0.0
:10945625375_6,0.0,13.14,0.0,0.0
:10945625375_7,0.0,21.996000000000006,0.0,0.0
:10945625375_8,0.0,11.664000000000001,0.0,0.0
:10945625375_9,0.0,13.14,0.0,0.0
:10945627723_0,0.0,11.664000000000001,0.0,0.0
:10945627723_1,0.0,11.664000000000001,0.0,0.0
:10945628321_0,0.0,28.368000000000002,0.0,0.0
:10945628321_1,0.0,28.368000000000002,0.0,0.0
:10945628321_10,0.0,11.664000000000001,0.0,0.0
:10945628321_11,0.0,13.14,0.0,0.0
:10945628321_12,0.0,22.896000000000004,0.0,0.0
:10945628321_13,0.0,22.896000000000004,0.0,0.0
:10945628321_14,0.0,11.664000000000001,0.0,0.0
:10945628321_15,0.0,13.14,0.0,0.0
:10945628321_16,0.0,11.664000000000001,0.0,0.0
:10945628321_17,0.0,13.14,0.0,0.0
:10945628321_18,0.0,11.664000000000001,0.0,0.0
:10945628321_19,0.0,13.14,0.0,0.0
:10945628321_2,0.0,11.664000000000001,0.0,0.0
:10945628321_3,0.0,13.14,0.0,0.0
:10945628321_4,0.0,28.368000000000002,0.0,0.0
:10945628321_5,0.0,28.368000000000002,0.0,0.0
:10945628321_6,0.0,11.664000000000001,0.0,0.0
:10945628321_7,0.0,13.14,0.0,0.0
:10945628321_8,0.0,22.896000000000004,0.0,0.0
:10945628321_9,0.0,22.896000000000004,0.0,0.0
:10945669216_0,0.0,50.00400000000001,0.0,0.0
:10945669216_1,0.0,50.00400000000001,0.0,0.0
:10945669216_10,0.0,11.664000000000001,0.0,0.0
:10945669216_11,0.0,13.14,0.0,0.0
:10945669216_12,0.0,50.00400000000001,0.0,0.0
:10945669216_13,0.0,50.00400000000001,0.0,0.0
:10945669216_14,0.0,11.664000000000001,0.0,0.0
:10945669216_15,0.0,13.14,0.0,0.0
:10945669216_16,0.0,11.664000000000001,0.0,0.0
:10945669216_17,0.0,13.14,0.0,0.0
:10945669216_18,0.0,11.664000000000001,0.0,0.0
:10945669216_19,0.0,13.14,0.0,0.0
:10945669216_2,0.0,11.664000000000001,0.0,0.0
:10945669216_3,0.0,13.14,0.0,0.0
:10945669216_4,0.0,50.00400000000001,0.0,0.0
:10945669216_5,0.0,50.00400000000001,0.0,0.0
:10945669216_6,0.0,11.664000000000001,0.0,0.0
:10945669216_7,0.0,13.14,0.0,0.0
:10945669216_8,0.0,50.00400000000001,0.0,0.0
:10945669216_9,0.0,50.00400000000001,0.0,0.0
:10945681410_0,0.0,28.907999999999998,0.0,0.0
:10945681410_1,0.0,28.907999999999998,0.0,0.0
:10945681410_10,0.0,11.664000000000001,0.0,0.0
:10945681410_11,0.0,13.14,0.0,0.0
:10945681410_12,0.0,23.508000000000006,0.0,0.0
:10945681410_13,0.0,23.508000000000006,0.0,0.0
:10945681410_14,0.0,11.664000000000001,0.0,0.0
:10945681410_15,0.0,13.14,0.0,0.0
:10945681410_16,0.0,11.664000000000001,0.0,0.0
:10945681410_17,0.0,13.14,0.0,0.0
:10945681410_18,0.0,11.664000000000001,0.0,0.0
:10945681410_19,0.0,13.14,0.0,0.0
:10945681410_2,0.0,11.664000000000001,0.0,0.0
:10945681410_3,0.0,13.14,0.0,0.0
:10945681410_4,0.0,28.907999999999998,0.0,0.0
:10945681410_5,0.0,28.907999999999998,0.0,0.0
:10945681410_6,0.0,11.664000000000001,0.0,0.0
:10945681410_7,0.0,13.14,0.0,0.0
:10945681410_8,0.0,23.508000000000006,0.0,0.0
:10945681410_9,0.0,23.508000000000006,0.0,0.0
:10945682460_0,0.0,11.664000000000001,0.0,0.0
:10945682460_1,0.0,11.664000000000001,0.0,0.0
:10945682463_0,0.0,11.664000000000001,0.0,0.0
:10945682463_1,0.0,11.664000000000001,0.0,0.0
:10945682467_0,0.0,10.007999999999997,0.0,0.0
:10945682467_1,0.0,10.007999999999997,0.0,0.0
:10945708627_0,0.0,11.664000000000001,0.0,0.0
:10945708627_1,0.0,11.664000000000001,0.0,0.0
:10945817173_0,0.0,11.664000000000001,0.0,0.0
:10945817173_1,0.0,11.664000000000001,0.0,0.0
:10945870681_0,0.0,11.664000000000001,0.0,0.0
:10945870681_1,0.0,11.664000000000001,0.0,0.0
:10945870682_0,0.0,11.664000000000001,0.0,0.0
:10945870682_1,0.0,11.664000000000001,0.0,0.0
:10946014655_0,0.0,11.664000000000001,0.0,0.0
:10946014655_1,0.0,11.664000000000001,0.0,0.0
:10946014656_0,0.0,11.664000000000001,0.0,0.0
:10946014656_1,0.0,11.664000000000001,0.0,0.0
:10946152526_0,0.0,10.007999999999997,0.0,0.0
:10946152526_1,0.0,10.007999999999997,0.0,0.0
:10948381565_0,0.0,10.007999999999997,0.0,0.0
:10948381565_1,0.0,10.007999999999997,0.0,0.0
:10948381567_0,0.0,10.007999999999997,0.0,0.0
:10948381567_1,0.0,10.007999999999997,0.0,0.0
:10948410235_0,0.0,10.007999999999997,0.0,0.0
:10948410235_1,0.0,10.007999999999997,0.0,0.0
:10948419873_0,0.0,10.007999999999997,0.0,0.0
:10948419873_1,0.0,10.007999999999997,0.0,0.0
:10948748685_0,0.0,100.00800000000002,0.0,0.0
:10948748685_1,0.0,21.744,0.0,0.0
:10948748685_2,0.0,21.744,0.0,0.0
:10948748685_3,0.0,22.752000000000006,0.0,0.0
:10948748685_4,0.0,11.664000000000001,0.0,0.0
:10948748685_5,0.0,13.14,0.0,0.0
:10948748685_6,0.0,22.752000000000006,0.0,0.0
:10948748685_7,0.0,11.664000000000001,0.0,0.0
:10948748685_8,0.0,13.14,0.0,0.0
:10948748686_0,0.0,11.664000000000001,0.0,0.0
:10948748686_1,0.0,11.664000000000001,0.0,0.0
:10948755675_0,0.0,11.664000000000001,0.0,0.0
:10948755675_1,0.0,11.664000000000001,0.0,0.0
:10948757353_0,0.0,25.235999999999997,0.0,0.0
:10948757353_1,0.0,11.664000000000001,0.0,0.0
:10948757353_2,0.0,13.14,0.0,0.0
:10948757353_3,0.0,39.995999999999995,0.0,0.0
:10948757353_4,0.0,21.708000000000002,0.0,0.0
:10948757353_5,0.0,21.708000000000002,0.0,0.0
:10948757353_6,0.0,25.235999999999997,0.0,0.0
:10948757353_7,0.0,11.664000000000001,0.0,0.0
:10948757353_8,0.0,13.14,0.0,0.0
:10948757354_0,0.0,11.664000000000001,0.0,0.0
:10948757354_1,0.0,11.664000000000001,0.0,0.0
:10956492786_0,0.0,10.007999999999997,0.0,0.0
:10956492786_1,0.0,10.007999999999997,0.0,0.0
:10956492788_0,0.0,28.619999999999997,0.0,0.0
:10956492788_1,0.0,28.619999999999997,0.0,0.0
:10956492788_10,0.0,11.664000000000001,0.0,0.0
:10956492788_11,0.0,13.14,0.0,0.0
:10956492788_12,0.0,28.619999999999997,0.0,0.0
:10956492788_13,0.0,28.619999999999997,0.0,0.0
:10956492788_14,0.0,11.664000000000001,0.0,0.0
:10956492788_15,0.0,13.14,0.0,0.0
:10956492788_16,0.0,11.664000000000001,0.0,0.0
:10956492788_17,0.0,13.14,0.0,0.0
:10956492788_18,0.0,11.664000000000001,0.0,0.0
:10956492788_19,0.0,13.14,0.0,0.0
:10956492788_2,0.0,11.664000000000001,0.0,0.0
:10956492788_3,0.0,13.14,0.0,0.0
:10956492788_4,0.0,23.184,0.0,0.0
:10956492788_5,0.0,23.184,0.0,0.0
:10956492788_6,0.0,11.664000000000001,0.0,0.0
:10956492788_7,0.0,13.14,0.0,0.0
:10956492788_8,0.0,23.184,0.0,0.0
:10956492788_9,0.0,23.184,0.0,0.0
:10956492789_0,0.0,11.664000000000001,0.0,0.0
:10956492789_1,0.0,11.664000000000001,0.0,0.0
:10956618591_0,0.0,11.664000000000001,0.0,0.0
:10956618591_1,0.0,11.664000000000001,0.0,0.0
:10956622503_0,0.0,11.664000000000001,0.0,0.0
:10956622503_1,0.0,11.664000000000001,0.0,0.0
:10956622504_0,0.0,11.664000000000001,0.0,0.0
:10956622504_1,0.0,11.664000000000001,0.0,0.0
:10956632371_0,0.0,11.664000000000001,0.0,0.0
:10956632371_1,0.0,11.664000000000001,0.0,0.0
:10956637742_0,0.0,11.664000000000001,0.0,0.0
:10956637742_1,0.0,11.664000000000001,0.0,0.0
:10956637743_0,0.0,11.664000000000001,0.0,0.0
:10956637743_1,0.0,11.664000000000001,0.0,0.0
:10956637748_0,0.0,11.664000000000001,0.0,0.0
:10956637748_1,0.0,11.664000000000001,0.0,0.0
:10956637753_0,0.0,28.800000000000004,0.0,0.0
:10956637753_1,0.0,28.800000000000004,0.0,0.0
:10956637753_10,0.0,11.664000000000001,0.0,0.0
:10956637753_11,0.0,13.14,0.0,0.0
:10956637753_12,0.0,23.400000000000002,0.0,0.0
:10956637753_13,0.0,23.400000000000002,0.0,0.0
:10956637753_14,0.0,11.664000000000001,0.0,0.0
:10956637753_15,0.0,13.14,0.0,0.0
:10956637753_16,0.0,11.664000000000001,0.0,0.0
:10956637753_17,0.0,13.14,0.0,0.0
:10956637753_18,0.0,11.664000000000001,0.0,0.0
:10956637753_19,0.0,13.14,0.0,0.0
:10956637753_2,0.0,11.664000000000001,0.0,0.0
:10956637753_3,0.0,13.14,0.0,0.0
:10956637753_4,0.0,28.800000000000004,0.0,0.0
:10956637753_5,0.0,28.800000000000004,0.0,0.0
:10956637753_6,0.0,11.664000000000001,0.0,0.0
:10956637753_7,0.0,13.14,0.0,0.0
:10956637753_8,0.0,23.400000000000002,0.0,0.0
:10956637753_9,0.0,23.400000000000002,0.0,0.0
:10956637754_0,0.0,11.664000000000001,0.0,0.0
:10956637754_1,0.0,11.664000000000001,0.0,0.0
:10956644377_0,0.0,11.664000000000001,0.0,0.0
:10956644377_1,0.0,11.664000000000001,0.0,0.0
:10956644378_0,0.0,11.664000000000001,0.0,0.0
:10956644378_1,0.0,11.664000000000001,0.0,0.0
:10956848682_0,0.0,11.664000000000001,0.0,0.0
:10956848682_1,0.0,11.664000000000001,0.0,0.0
:10956848683_0,0.0,23.436000000000003,0.0,0.0
:10956848683_1,0.0,23.436000000000003,0.0,0.0
:10956848683_10,0.0,11.664000000000001,0.0,0.0
:10956848683_11,0.0,13.14,0.0,0.0
:10956848683_12,0.0,28.836000000000006,0.0,0.0
:10956848683_13,0.0,28.836000000000006,0.0,0.0
:10956848683_14,0.0,11.664000000000001,0.0,0.0
:10956848683_15,0.0,13.14,0.0,0.0
:10956848683_16,0.0,11.664000000000001,0.0,0.0
:10956848683_17,0.0,13.14,0.0,0.0
:10956848683_18,0.0,11.664000000000001,0.0,0.0
:10956848683_19,0.0,13.14,0.0,0.0
:10956848683_2,0.0,11.664000000000001,0.0,0.0
:10956848683_3,0.0,13.14,0.0,0.0
:10956848683_4,0.0,23.436000000000003,0.0,0.0
:10956848683_5,0.0,23.436000000000003,0.0,0.0
:10956848683_6,0.0,11.664000000000001,0.0,0.0
:10956848683_7,0.0,13.14,0.0,0.0
:10956848683_8,0.0,28.836000000000006,0.0,0.0
:10956848683_9,0.0,28.836000000000006,0.0,0.0
:10956848684_0,0.0,11.664000000000001,0.0,0.0
:10956848684_1,0.0,11.664000000000001,0.0,0.0
:10956848685_0,0.0,11.664000000000001,0.0,0.0
:10956848685_1,0.0,11.664000000000001,0.0,0.0
:10956848686_0,0.0,11.664000000000001,0.0,0.0
:10956848686_1,0.0,11.664000000000001,0.0,0.0
:10956863945_0,0.0,11.664000000000001,0.0,0.0
:10956863945_1,0.0,11.664000000000001,0.0,0.0
:10956863946_0,0.0,11.664000000000001,0.0,0.0
:10956863946_1,0.0,11.664000000000001,0.0,0.0
:10956863949_0,0.0,11.664000000000001,0.0,0.0
:10956863949_1,0.0,11.664000000000001,0.0,0.0
:10956863950_0,0.0,11.664000000000001,0.0,0.0
:10956863950_1,0.0,11.664000000000001,0.0,0.0
:10956863951_0,0.0,11.664000000000001,0.0,0.0
:10956863951_1,0.0,11.664000000000001,0.0,0.0
:10956883880_0,0.0,11.664000000000001,0.0,0.0
:10956883880_1,0.0,11.664000000000001,0.0,0.0
:10956883881_0,0.0,11.664000000000001,0.0,0.0
:10956883881_1,0.0,11.664000000000001,0.0,0.0
:10956883883_0,0.0,11.664000000000001,0.0,0.0
:10956883883_1,0.0,11.664000000000001,0.0,0.0
:10956883884_0,0.0,11.664000000000001,0.0,0.0
:10956883884_1,0.0,11.664000000000001,0.0,0.0
:10956906194_0,0.0,11.664000000000001,0.0,0.0
:10956906194_1,0.0,11.664000000000001,0.0,0.0
:10956906195_0,0.0,11.664000000000001,0.0,0.0
:10956906195_1,0.0,11.664000000000001,0.0,0.0
:10956934319_0,0.0,28.836000000000006,0.0,0.0
:10956934319_1,0.0,28.836000000000006,0.0,0.0
:10956934319_10,0.0,11.664000000000001,0.0,0.0
:10956934319_11,0.0,13.14,0.0,0.0
:10956934319_12,0.0,23.436000000000003,0.0,0.0
:10956934319_13,0.0,23.436000000000003,0.0,0.0
:10956934319_14,0.0,11.664000000000001,0.0,0.0
:10956934319_15,0.0,13.14,0.0,0.0
:10956934319_16,0.0,11.664000000000001,0.0,0.0
:10956934319_17,0.0,13.14,0.0,0.0
:10956934319_18,0.0,11.664000000000001,0.0,0.0
:10956934319_19,0.0,13.14,0.0,0.0
:10956934319_2,0.0,11.664000000000001,0.0,0.0
:10956934319_3,0.0,13.14,0.0,0.0
:10956934319_4,0.0,28.836000000000006,0.0,0.0
:10956934319_5,0.0,28.836000000000006,0.0,0.0
:10956934319_6,0.0,11.664000000000001,0.0,0.0
:10956934319_7,0.0,13.14,0.0,0.0
:10956934319_8,0.0,23.436000000000003,0.0,0.0
:10956934319_9,0.0,23.436000000000003,0.0,0.0
:10956934320_0,0.0,10.007999999999997,0.0,0.0
:10956934320_1,0.0,10.007999999999997,0.0,0.0
:10956934321_0,0.0,11.664000000000001,0.0,0.0
:10956934321_1,0.0,11.664000000000001,0.0,0.0
:10956954523_0,0.0,11.664000000000001,0.0,0.0
:10956954523_1,0.0,11.664000000000001,0.0,0.0
:10956954524_0,0.0,11.664000000000001,0.0,0.0
:10956954524_1,0.0,11.664000000000001,0.0,0.0
:10956954525_0,0.0,11.664000000000001,0.0,0.0
:10956954525_1,0.0,11.664000000000001,0.0,0.0
:10956954526_0,0.0,11.664000000000001,0.0,0.0
:10956954526_1,0.0,11.664000000000001,0.0,0.0
:10956954527_0,0.0,11.664000000000001,0.0,0.0
:10956954527_1,0.0,11.664000000000001,0.0,0.0
:10956954530_0,0.0,11.664000000000001,0.0,0.0
:10956954530_1,0.0,11.664000000000001,0.0,0.0
:10957036724_0,0.0,11.664000000000001,0.0,0.0
:10957036724_1,0.0,11.664000000000001,0.0,0.0
:10957036725_0,0.0,11.664000000000001,0.0,0.0
:10957036725_1,0.0,11.664000000000001,0.0,0.0
:10957036735_0,0.0,10.007999999999997,0.0,0.0
:10957036735_1,0.0,10.007999999999997,0.0,0.0
:10957036736_0,0.0,10.007999999999997,0.0,0.0
:10957036736_1,0.0,10.007999999999997,0.0,0.0
:10957036736_10,0.0,10.007999999999997,0.0,0.0
:10957036736_11,0.0,10.007999999999997,0.0,0.0
:10957036736_12,0.0,10.007999999999997,0.0,0.0
:10957036736_13,0.0,10.007999999999997,0.0,0.0
:10957036736_14,0.0,10.007999999999997,0.0,0.0
:10957036736_15,0.0,10.007999999999997,0.0,0.0
:10957036736_2,0.0,10.007999999999997,0.0,0.0
:10957036736_3,0.0,10.007999999999997,0.0,0.0
:10957036736_4,0.0,10.007999999999997,0.0,0.0
:10957036736_5,0.0,10.007999999999997,0.0,0.0
:10957036736_6,0.0,10.007999999999997,0.0,0.0
:10957036736_7,0.0,10.007999999999997,0.0,0.0
:10957036736_8,0.0,10.007999999999997,0.0,0.0
:10957036736_9,0.0,10.007999999999997,0.0,0.0
:10957036738_0,0.0,10.007999999999997,0.0,0.0
:10957036738_1,0.0,10.007999999999997,0.0,0.0
:10957036740_0,0.0,11.664000000000001,0.0,0.0
:10957036740_1,0.0,11.664000000000001,0.0,0.0
:10958924373_0,0.0,11.664000000000001,0.0,0.0
:10958924373_1,0.0,11.664000000000001,0.0,0.0
:10958924374_0,0.0,11.664000000000001,0.0,0.0
:10958924374_1,0.0,11.664000000000001,0.0,0.0
:10958967494_0,0.0,11.664000000000001,0.0,0.0
:10958967494_1,0.2,11.531850111184822,3103.593445707489,0.2285868436319925
:10958979811_0,0.0,10.007999999999997,0.0,0.0
:10958979811_1,0.0,10.007999999999997,0.0,0.0
:10958979816_0,0.0,28.836000000000006,0.0,0.0
:10958979816_1,0.0,28.836000000000006,0.0,0.0
:10958979816_10,0.0,11.664000000000001,0.0,0.0
:10958979816_11,0.0,13.14,0.0,0.0
:10958979816_12,0.0,28.836000000000006,0.0,0.0
:10958979816_13,0.0,28.836000000000006,0.0,0.0
:10958979816_14,0.0,11.664000000000001,0.0,0.0
:10958979816_15,0.0,13.14,0.0,0.0
:10958979816_16,0.0,11.664000000000001,0.0,0.0
:10958979816_17,0.0,13.14,0.0,0.0
:10958979816_18,0.0,11.664000000000001,0.0,0.0
:10958979816_19,0.0,13.14,0.0,0.0
:10958979816_2,0.0,11.664000000000001,0.0,0.0
:10958979816_3,0.0,13.14,0.0,0.0
:10958979816_4,0.0,23.436000000000003,0.0,0.0
:10958979816_5,0.0,23.436000000000003,0.0,0.0
:10958979816_6,0.0,11.664000000000001,0.0,0.0
:10958979816_7,0.0,13.14,0.0,0.0
:10958979816_8,0.0,23.436000000000003,0.0,0.0
:10958979816_9,0.0,23.436000000000003,0.0,0.0
:10958979817_0,0.0,28.368000000000002,0.0,0.0
:10958979817_1,0.0,28.368000000000002,0.0,0.0
:10958979817_10,0.0,11.664000000000001,0.0,0.0
:10958979817_11,0.0,13.14,0.0,0.0
:10958979817_12,0.0,22.896000000000004,0.0,0.0
:10958979817_13,0.0,22.896000000000004,0.0,0.0
:10958979817_14,0.0,11.664000000000001,0.0,0.0
:10958979817_15,0.0,13.14,0.0,0.0
:10958979817_16,0.0,11.664000000000001,0.0,0.0
:10958979817_17,0.0,13.14,0.0,0.0
:10958979817_18,0.0,11.664000000000001,0.0,0.0
:10958979817_19,0.0,13.14,0.0,0.0
:10958979817_2,0.0,11.664000000000001,0.0,0.0
:10958979817_3,0.0,13.14,0.0,0.0
:10958979817_4,0.0,28.368000000000002,0.0,0.0
:10958979817_5,0.0,28.368000000000002,0.0,0.0
:10958979817_6,0.0,11.664000000000001,0.0,0.0
:10958979817_7,0.0,13.14,0.0,0.0
:10958979817_8,0.0,22.896000000000004,0.0,0.0
:10958979817_9,0.0,22.896000000000004,0.0,0.0
:10959225242_0,0.0,39.995999999999995,0.0,0.0
:10959225242_2,0.0,25.955999999999996,0.0,0.0
:10959225242_3,0.0,25.955999999999996,0.0,0.0
:10959225242_4,0.0,21.024,0.0,0.0
:10959225242_5,0.0,11.664000000000001,0.0,0.0
:10959225242_6,0.0,13.14,0.0,0.0
:10959225242_7,0.0,21.024,0.0,0.0
:10959225242_8,0.0,11.664000000000001,0.0,0.0
:10959225242_9,0.0,13.14,0.0,0.0
:10959225247_0,0.0,10.007999999999997,0.0,0.0
:10959225247_1,0.0,10.007999999999997,0.0,0.0
:10959244930_0,0.0,11.664000000000001,0.0,0.0
:10959244930_1,0.0,11.664000000000001,0.0,0.0
:10959244931_0,0.0,11.664000000000001,0.0,0.0
:10959244931_1,0.0,11.664000000000001,0.0,0.0
:10959244932_0,0.0,11.664000000000001,0.0,0.0
:10959244932_1,0.0,11.664000000000001,0.0,0.0
:10959244933_0,0.0,11.664000000000001,0.0,0.0
:10959244933_1,0.0,11.664000000000001,0.0,0.0
:10959247440_0,0.0,11.664000000000001,0.0,0.0
:10959247440_1,0.0,11.664000000000001,0.0,0.0
:10959284227_0,0.0,11.664000000000001,0.0,0.0
:10959284227_1,0.0,11.664000000000001,0.0,0.0
:10959284231_0,0.0,22.392,0.0,0.0
:10959284231_1,0.0,22.392,0.0,0.0
:10959284231_2,0.0,50.00400000000001,0.0,0.0
:10959284231_3,0.0,25.416,0.0,0.0
:10959284231_4,0.0,10.007999999999997,0.0,0.0
:10959284231_5,0.0,10.007999999999997,0.0,0.0
:10959284231_6,0.0,25.416,0.0,0.0
:10959284231_7,0.0,10.007999999999997,0.0,0.0
:10959284231_8,0.0,10.007999999999997,0.0,0.0
:10959284232_0,0.0,10.007999999999997,0.0,0.0
:10959284232_1,0.0,10.007999999999997,0.0,0.0
:10959401961_0,0.0,100.00800000000002,0.0,0.0
:10959401961_2,0.0,21.672,0.0,0.0
:10959401961_3,0.0,21.672,0.0,0.0
:10959401961_4,0.0,22.536,0.0,0.0
:10959401961_5,0.0,11.664000000000001,0.0,0.0
:10959401961_6,0.0,13.14,0.0,0.0
:10959401961_7,0.0,22.536,0.0,0.0
:10959401961_8,0.0,11.664000000000001,0.0,0.0
:10959401961_9,0.0,13.14,0.0,0.0
:10959401962_0,0.0,11.664000000000001,0.0,0.0
:10959401962_1,0.0,11.664000000000001,0.0,0.0
:10959401963_0,0.0,79.99199999999999,0.0,0.0
:10959401963_1,0.0,79.99199999999999,0.0,0.0
:10959401963_10,0.0,11.664000000000001,0.0,0.0
:10959401963_11,0.0,13.14,0.0,0.0
:10959401963_12,0.0,79.99199999999999,0.0,0.0
:10959401963_13,0.0,79.99199999999999,0.0,0.0
:10959401963_14,0.0,11.664000000000001,0.0,0.0
:10959401963_15,0.0,13.14,0.0,0.0
:10959401963_16,0.0,11.664000000000001,0.0,0.0
:10959401963_17,0.0,13.14,0.0,0.0
:10959401963_18,0.0,11.664000000000001,0.0,0.0
:10959401963_19,0.0,13.14,0.0,0.0
:10959401963_2,0.0,11.664000000000001,0.0,0.0
:10959401963_3,0.0,13.14,0.0,0.0
:10959401963_4,0.0,79.99199999999999,0.0,0.0
:10959401963_5,0.0,79.99199999999999,0.0,0.0
:10959401963_6,0.0,11.664000000000001,0.0,0.0
:10959401963_7,0.0,13.14,0.0,0.0
:10959401963_8,0.0,79.99199999999999,0.0,0.0
:10959401963_9,0.0,79.99199999999999,0.0,0.0
:10959422065_0,0.0,11.664000000000001,0.0,0.0
:10959422065_1,0.0,11.664000000000001,0.0,0.0
:10959461627_0,0.0,10.007999999999997,0.0,0.0
:10959461627_1,0.0,10.007999999999997,0.0,0.0
:10960922442_0,0.0,79.99199999999999,0.0,0.0
:10960922442_1,0.0,21.599999999999998,0.0,0.0
:10960922442_2,0.0,21.599999999999998,0.0,0.0
:10960922442_3,0.0,21.816,0.0,0.0
:10960922442_4,0.0,11.664000000000001,0.0,0.0
:10960922442_5,0.0,13.14,0.0,0.0
:10960922442_6,0.0,21.816,0.0,0.0
:10960922442_7,0.0,11.664000000000001,0.0,0.0
:10960922442_8,0.0,13.14,0.0,0.0
:10960922443_0,0.0,11.664000000000001,0.0,0.0
:10960922443_1,0.0,11.664000000000001,0.0,0.0
:10964798379_0,0.0,11.664000000000001,0.0,0.0
:10964798379_1,0.0,11.664000000000001,0.0,0.0
:10970954364_0,0.0,11.664000000000001,0.0,0.0
:10970954364_1,0.0,11.664000000000001,0.0,0.0
:11078131349_0,0.0,22.536,0.0,0.0
:11078131349_1,0.0,11.664000000000001,0.0,0.0
:11078131349_10,0.0,22.536,0.0,0.0
:11078131349_11,0.0,11.664000000000001,0.0,0.0
:11078131349_12,0.0,13.14,0.0,0.0
:11078131349_2,0.0,13.14,0.0,0.0
:11078131349_3,0.0,18.828000000000003,0.0,0.0
:11078131349_4,0.0,18.828000000000003,0.0,0.0
:11078131349_5,0.0,39.995999999999995,0.0,0.0
:11078131349_7,0.0,100.00800000000002,0.0,0.0
:11078131349_8,0.0,100.00800000000002,0.0,0.0
:11078131349_9,0.0,22.211999999999996,0.0,0.0
:11078131352_0,0.0,100.00800000000002,0.0,0.0
:11078131352_1,0.0,100.00800000000002,0.0,0.0
:11078131352_10,0.0,26.496000000000002,0.0,0.0
:11078131352_11,0.0,100.00800000000002,0.0,0.0
:11078131352_12,0.0,100.00800000000002,0.0,0.0
:11078131352_13,0.0,11.664000000000001,0.0,0.0
:11078131352_14,0.0,13.14,0.0,0.0
:11078131352_15,0.0,26.496000000000002,0.0,0.0
:11078131352_16,0.0,100.00800000000002,0.0,0.0
:11078131352_17,0.0,100.00800000000002,0.0,0.0
:11078131352_18,0.0,11.664000000000001,0.0,0.0
:11078131352_19,0.0,13.14,0.0,0.0
:11078131352_2,0.0,24.552,0.0,0.0
:11078131352_20,0.0,18.791999999999998,0.0,0.0
:11078131352_21,0.0,18.791999999999998,0.0,0.0
:11078131352_22,0.0,39.995999999999995,0.0,0.0
:11078131352_24,0.0,32.61599999999999,0.0,0.0
:11078131352_25,0.0,32.61599999999999,0.0,0.0
:11078131352_3,0.0,11.664000000000001,0.0,0.0
:11078131352_4,0.0,13.14,0.0,0.0
:11078131352_5,0.0,100.00800000000002,0.0,0.0
:11078131352_6,0.0,100.00800000000002,0.0,0.0
:11078131352_7,0.0,24.552,0.0,0.0
:11078131352_8,0.0,11.664000000000001,0.0,0.0
:11078131352_9,0.0,13.14,0.0,0.0
:11078131355_0,0.0,39.995999999999995,0.0,0.0
:11078131355_2,0.0,21.348000000000003,0.0,0.0
:11078131355_3,0.0,21.348000000000003,0.0,0.0
:11078131355_4,0.0,20.556000000000004,0.0,0.0
:11078131355_5,0.0,10.007999999999997,0.0,0.0
:11078131355_6,0.0,10.007999999999997,0.0,0.0
:11078131355_7,0.0,20.556000000000004,0.0,0.0
:11078131355_8,0.0,10.007999999999997,0.0,0.0
:11078131355_9,0.0,10.007999999999997,0.0,0.0
:11078131358_0,0.0,23.364,0.0,0.0
:11078131358_1,0.0,50.00400000000001,0.0,0.0
:11078131358_10,0.0,18.720000000000002,0.0,0.0
:11078131358_11,0.0,18.720000000000002,0.0,0.0
:11078131358_12,0.0,39.995999999999995,0.0,0.0
:11078131358_14,0.0,31.752000000000002,0.0,0.0
:11078131358_15,0.0,31.752000000000002,0.0,0.0
:11078131358_16,0.0,50.00400000000001,0.0,0.0
:11078131358_17,0.0,50.00400000000001,0.0,0.0
:11078131358_18,0.0,24.876,0.0,0.0
:11078131358_19,0.0,11.664000000000001,0.0,0.0
:11078131358_2,0.0,50.00400000000001,0.0,0.0
:11078131358_20,0.0,13.14,0.0,0.0
:11078131358_21,0.0,50.00400000000001,0.0,0.0
:11078131358_22,0.0,50.00400000000001,0.0,0.0
:11078131358_23,0.0,24.876,0.0,0.0
:11078131358_24,0.0,11.664000000000001,0.0,0.0
:11078131358_25,0.0,13.14,0.0,0.0
:11078131358_3,0.0,11.664000000000001,0.0,0.0
:11078131358_4,0.0,13.14,0.0,0.0
:11078131358_5,0.0,23.364,0.0,0.0
:11078131358_6,0.0,50.00400000000001,0.0,0.0
:11078131358_7,0.0,50.00400000000001,0.0,0.0
:11078131358_8,0.0,11.664000000000001,0.0,0.0
:11078131358_9,0.0,13.14,0.0,0.0
:11078131359_0,0.0,20.124,0.0,0.0
:11078131359_1,0.0,11.664000000000001,0.0,0.0
:11078131359_2,0.0,13.14,0.0,0.0
:11078131359_3,0.0,22.896000000000004,0.0,0.0
:11078131359_4,0.0,11.664000000000001,0.0,0.0
:11078131359_5,0.0,13.14,0.0,0.0
:11078131359_6,0.0,19.044000000000004,0.0,0.0
:11078131359_7,0.0,19.044000000000004,0.0,0.0
:11078131359_8,0.0,39.995999999999995,0.0,0.0
:11078131360_0,0.0,39.995999999999995,0.0,0.0
:11078131360_2,0.0,21.024,0.0,0.0
:11078131360_3,0.0,21.024,0.0,0.0
:11078131360_4,0.0,21.455999999999996,0.0,0.0
:11078131360_5,0.0,11.664000000000001,0.0,0.0
:11078131360_6,0.0,13.14,0.0,0.0
:11078131360_7,0.0,21.455999999999996,0.0,0.0
:11078131360_8,0.0,11.664000000000001,0.0,0.0
:11078131360_9,0.0,13.14,0.0,0.0
:11078131362_0,0.0,10.007999999999997,0.0,0.0
:11078131362_1,0.0,10.007999999999997,0.0,0.0
:11078131369_0,0.0,11.664000000000001,0.0,0.0
:11078131369_1,0.0,11.664000000000001,0.0,0.0
:11082678210_0,0.0,10.007999999999997,0.0,0.0
:11082678210_1,0.0,10.007999999999997,0.0,0.0
:11083382315_0,0.0,80.028,0.0,0.0
:11121692684_0,0.0,10.007999999999997,0.0,0.0
:11121692684_1,0.0,10.007999999999997,0.0,0.0
:11125046587_0,0.0,11.664000000000001,0.0,0.0
:11125046587_1,0.0,11.664000000000001,0.0,0.0
:11125046588_0,0.0,11.664000000000001,0.0,0.0
:11125046588_1,0.0,11.664000000000001,0.0,0.0
:11125057874_0,0.0,10.007999999999997,0.0,0.0
:11125057874_1,0.0,10.007999999999997,0.0,0.0
:11126932584_0,0.0,22.608,0.0,0.0
:11126932584_1,0.0,11.664000000000001,0.0,0.0
:11126932584_2,0.0,13.14,0.0,0.0
:11126932584_3,0.0,25.056000000000004,0.0,0.0
:11126932584_4,0.0,25.056000000000004,0.0,0.0
:11126932584_5,0.0,79.99199999999999,0.0,0.0
:11126932584_6,0.0,22.608,0.0,0.0
:11126932584_7,0.0,11.664000000000001,0.0,0.0
:11126932584_8,0.0,13.14,0.0,0.0
:11126932585_0,0.0,11.664000000000001,0.0,0.0
:11126932585_1,0.0,11.664000000000001,0.0,0.0
:11133465626_0,0.0,10.007999999999997,0.0,0.0
:11133465626_1,0.0,10.007999999999997,0.0,0.0
:11135553727_0,0.0,11.664000000000001,0.0,0.0
:11135553727_1,0.0,11.664000000000001,0.0,0.0
:11135559656_0,0.0,11.664000000000001,0.0,0.0
:11135559656_1,0.0,11.664000000000001,0.0,0.0
:11135562844_0,0.0,11.664000000000001,0.0,0.0
:11135562844_1,0.0,11.664000000000001,0.0,0.0
:11135566195_0,0.0,10.007999999999997,0.0,0.0
:11135566195_1,0.0,10.007999999999997,0.0,0.0
:11135566196_0,0.0,10.007999999999997,0.0,0.0
:11135566196_1,0.0,10.007999999999997,0.0,0.0
:11135566197_0,0.0,10.007999999999997,0.0,0.0
:11135566197_1,0.0,10.007999999999997,0.0,0.0
:11135727696_0,0.0,10.007999999999997,0.0,0.0
:11135727696_1,0.0,10.007999999999997,0.0,0.0
:11135727697_0,0.0,23.472,0.0,0.0
:11135727697_1,0.0,23.472,0.0,0.0
:11135727697_10,0.0,11.664000000000001,0.0,0.0
:11135727697_11,0.0,13.14,0.0,0.0
:11135727697_12,0.0,24.984000000000005,0.0,0.0
:11135727697_13,0.0,24.984000000000005,0.0,0.0
:11135727697_14,0.0,11.664000000000001,0.0,0.0
:11135727697_15,0.0,13.14,0.0,0.0
:11135727697_16,0.0,13.14,0.0,0.0
:11135727697_2,0.0,10.007999999999997,0.0,0.0
:11135727697_3,0.0,10.007999999999997,0.0,0.0
:11135727697_4,0.0,23.472,0.0,0.0
:11135727697_5,0.0,23.472,0.0,0.0
:11135727697_6,0.0,10.007999999999997,0.0,0.0
:11135727697_7,0.0,10.007999999999997,0.0,0.0
:11135727697_8,0.0,24.984000000000005,0.0,0.0
:11135727697_9,0.0,24.984000000000005,0.0,0.0
:11135735692_0,0.0,10.007999999999997,0.0,0.2645779380556329
:11135735692_1,0.0,10.007999999999997,0.0,0.0
:11135775179_0,0.0,10.007999999999997,0.0,0.0
:11135775179_1,0.0,10.007999999999997,0.0,0.0
:11135831832_0,0.0,11.664000000000001,0.0,0.0
:11135831832_1,0.0,11.664000000000001,0.0,0.0
:11135831833_0,0.0,11.664000000000001,0.0,0.0
:11135831833_1,0.0,11.664000000000001,0.0,0.0
:11135841767_0,0.0,11.664000000000001,0.0,0.0
:11135841767_1,0.0,11.664000000000001,0.0,0.0
:11135841769_0,0.0,11.664000000000001,0.0,0.0
:11135841769_1,0.0,11.664000000000001,0.0,0.0
:11135938936_0,0.0,11.664000000000001,0.0,0.0
:11135938936_1,0.0,11.664000000000001,0.0,0.0
:11135938937_0,0.0,11.664000000000001,0.0,0.0
:11135938937_1,0.0,11.664000000000001,0.0,0.0
:11136102558_0,0.0,11.664000000000001,0.0,0.0
:11136102558_1,0.0,11.664000000000001,0.0,0.0
:11137551396_0,0.0,29.196000000000005,0.0,0.0
:11137551396_1,0.0,29.196000000000005,0.0,0.0
:11137551396_10,0.0,11.664000000000001,0.0,0.0
:11137551396_11,0.0,13.14,0.0,0.0
:11137551396_12,0.0,29.196000000000005,0.0,0.0
:11137551396_13,0.0,29.196000000000005,0.0,0.0
:11137551396_14,0.0,11.664000000000001,0.0,0.0
:11137551396_15,0.0,13.14,0.0,0.0
:11137551396_16,0.0,11.664000000000001,0.0,0.0
:11137551396_17,0.0,13.14,0.0,0.0
:11137551396_18,0.0,11.664000000000001,0.0,0.0
:11137551396_19,0.0,13.14,0.0,0.0
:11137551396_2,0.0,11.664000000000001,0.0,0.0
:11137551396_3,0.0,13.14,0.0,0.0
:11137551396_4,0.0,23.723999999999997,0.0,0.0
:11137551396_5,0.0,23.723999999999997,0.0,0.0
:11137551396_6,0.0,11.664000000000001,0.0,0.0
:11137551396_7,0.0,13.14,0.0,0.0
:11137551396_8,0.0,23.723999999999997,0.0,0.0
:11137551396_9,0.0,23.723999999999997,0.0,0.0
:11137551397_0,0.0,28.332,0.0,0.0
:11137551397_1,0.0,28.332,0.0,0.0
:11137551397_10,0.0,11.664000000000001,0.0,0.0
:11137551397_11,0.0,13.14,0.0,0.0
:11137551397_12,0.0,22.860000000000003,0.0,0.0
:11137551397_13,0.0,22.860000000000003,0.0,0.0
:11137551397_14,0.0,11.664000000000001,0.0,0.0
:11137551397_15,0.0,13.14,0.0,0.0
:11137551397_16,0.0,11.664000000000001,0.0,0.0
:11137551397_17,0.0,13.14,0.0,0.0
:11137551397_18,0.0,11.664000000000001,0.0,0.0
:11137551397_19,0.0,13.14,0.0,0.0
:11137551397_2,0.0,11.664000000000001,0.0,0.0
:11137551397_3,0.0,13.14,0.0,0.0
:11137551397_4,0.0,28.332,0.0,0.0
:11137551397_5,0.0,28.332,0.0,0.0
:11137551397_6,0.0,11.664000000000001,0.0,0.0
:11137551397_7,0.0,13.14,0.0,0.0
:11137551397_8,0.0,22.860000000000003,0.0,0.0
:11137551397_9,0.0,22.860000000000003,0.0,0.0
:11137581851_0,0.0,10.007999999999997,0.0,0.0
:11137581851_1,0.0,10.007999999999997,0.0,0.0
:11137581854_0,0.0,11.664000000000001,0.0,0.0
:11137581854_1,0.0,11.664000000000001,0.0,0.0
:11137719712_0,0.0,11.664000000000001,0.0,0.0
:11137719712_1,0.0,11.664000000000001,0.0,0.0
:11137719714_0,0.0,10.007999999999997,0.0,0.0
:11137719714_1,0.0,10.007999999999997,0.0,0.0
:11137757034_0,0.0,11.664000000000001,0.0,0.0
:11137757034_1,0.0,11.664000000000001,0.0,0.0
:11137757037_0,0.0,11.664000000000001,0.0,0.0
:11137757037_1,0.0,11.664000000000001,0.0,0.0
:11155357203_0,0.0,39.995999999999995,0.0,0.0
:11155357203_1,0.0,21.672,0.0,0.0
:11155357203_2,0.0,21.672,0.0,0.0
:11155357203_3,0.0,22.5,0.0,0.0
:11155357203_4,0.0,10.007999999999997,0.0,0.0
:11155357203_5,0.0,10.007999999999997,0.0,0.0
:11155357203_6,0.0,22.5,0.0,0.0
:11155357203_7,0.0,10.007999999999997,0.0,0.0
:11155357203_8,0.0,10.007999999999997,0.0,0.0
:11158897102_0,0.0,24.768,0.0,0.0
:11158897102_1,0.0,11.664000000000001,0.0,0.0
:11158897102_2,0.0,13.14,0.0,0.0
:11158897102_3,0.0,27.648000000000003,0.0,0.0
:11158897102_4,0.0,11.664000000000001,0.0,0.0
:11158897102_5,0.0,13.14,0.0,0.0
:11158897102_6,0.0,22.824000000000005,0.0,0.0
:11158897102_7,0.0,22.824000000000005,0.0,0.0
:11158897102_8,0.0,100.00800000000002,0.0,0.0
:11168561767_0,0.0,70.02,0.0,0.0
:11168561767_1,0.0,11.664000000000001,0.0,0.0
:11168561767_2,0.0,13.14,0.0,0.0
:11168561767_3,0.0,70.02,0.0,0.0
:11168561767_4,0.0,11.664000000000001,0.0,0.0
:11168561767_5,0.0,13.14,0.0,0.0
:11168561767_6,0.0,25.091999999999995,0.0,0.0
:11168561767_7,0.0,39.995999999999995,0.0,0.0
:11168561767_8,0.0,39.995999999999995,0.0,0.0
:11190209791_0,0.0,11.664000000000001,0.0,0.0
:11190209791_1,0.0,11.664000000000001,0.0,0.0
:11190213721_0,0.0,10.007999999999997,0.0,0.0
:11190213721_1,0.0,10.007999999999997,0.0,0.0
:11190213722_0,0.0,11.664000000000001,0.0,0.0
:11190213722_1,0.0,11.664000000000001,0.0,0.0
:11190343108_0,0.0,10.007999999999997,0.0,0.0
:11190343108_1,0.0,10.007999999999997,0.0,0.04917049880183877
:11190379186_0,0.0,11.664000000000001,0.0,0.0
:11190379186_1,0.0,11.664000000000001,0.0,0.0
:1126633510#0-AddedOffRampNode_0,0.0,39.995999999999995,0.0,0.0
:1126633510#0-AddedOnRampNode_0,0.0,39.995999999999995,0.0,0.0
:11292362813_0,0.0,11.664000000000001,0.0,0.0
:11292362813_1,0.0,11.664000000000001,0.0,0.0
:11292362814_0,0.0,11.664000000000001,0.0,0.0
:11292362814_1,0.0,11.664000000000001,0.0,0.0
:11340774007_0,0.0,11.664000000000001,0.0,0.0
:11340774007_1,0.0,11.664000000000001,0.0,0.0
:11340774008_0,0.0,11.664000000000001,0.0,0.0
:11340774008_1,0.0,11.664000000000001,0.0,0.0
:11357552199_0,0.0,11.664000000000001,0.0,0.0
:11357552199_1,0.0,11.664000000000001,0.0,0.0
:11365834337_0,0.0,11.664000000000001,0.0,0.0
:11365834337_1,0.0,11.664000000000001,0.0,0.0
:11365834339_0,0.0,10.007999999999997,0.0,0.0
:11365834339_1,0.0,10.007999999999997,0.0,0.0
:11368158957_0,0.0,10.007999999999997,0.0,0.0
:11368158957_1,0.0,10.007999999999997,0.0,0.0
:11368158959_0,0.0,10.007999999999997,0.0,0.0
:11368158959_1,0.0,10.007999999999997,0.0,0.0
:11370040891_0,0.0,10.007999999999997,0.0,0.0
:11370040891_1,0.0,10.007999999999997,0.0,0.0
:11372704310_0,0.0,11.664000000000001,0.0,0.0
:11372704310_1,0.0,11.664000000000001,0.0,0.0
:11459082940_0,0.0,11.664000000000001,0.0,0.0
:11459082940_1,0.0,11.664000000000001,0.0,0.0
:11459466330_0,0.0,11.664000000000001,0.0,0.0
:11459466330_1,0.0,11.664000000000001,0.0,0.0
:11461854359_0,0.0,23.400000000000002,0.0,0.0
:11461854359_1,0.0,10.007999999999997,0.0,0.0
:11461854359_2,0.0,10.007999999999997,0.0,0.0
:11461854359_3,0.0,23.400000000000002,0.0,0.0
:11461854359_4,0.0,10.007999999999997,0.0,0.0
:11461854359_5,0.0,10.007999999999997,0.0,0.0
:11461854359_6,0.0,23.688,0.0,0.0
:11461854359_7,0.0,23.688,0.0,0.0
:11461854359_8,0.0,39.995999999999995,0.0,0.0
:11477754989_0,0.0,10.007999999999997,0.0,0.0
:11477754989_1,0.0,10.007999999999997,0.0,0.0
:11477754990_0,0.0,11.664000000000001,0.0,0.0
:11477754990_1,0.0,11.664000000000001,0.0,0.0
:11482410458_0,0.0,10.007999999999997,0.0,0.0
:11482410458_1,0.0,10.007999999999997,0.0,0.0
:11482410459_0,0.0,10.007999999999997,0.0,0.0
:11482410459_1,0.0,10.007999999999997,0.0,0.0
:11482494022_0,0.0,10.007999999999997,0.0,0.0
:11482494022_1,0.0,10.007999999999997,0.0,0.0
:11482494022_10,0.0,10.007999999999997,0.0,0.0
:11482494022_11,0.0,10.007999999999997,0.0,0.0
:11482494022_12,0.0,10.007999999999997,0.0,0.0
:11482494022_13,0.0,10.007999999999997,0.0,0.0
:11482494022_14,0.0,10.007999999999997,0.0,0.0
:11482494022_15,0.0,10.007999999999997,0.0,0.0
:11482494022_2,0.0,10.007999999999997,0.0,0.0
:11482494022_3,0.0,10.007999999999997,0.0,0.0
:11482494022_4,0.0,10.007999999999997,0.0,0.0
:11482494022_5,0.0,10.007999999999997,0.0,0.0
:11482494022_6,0.0,10.007999999999997,0.0,0.0
:11482494022_7,0.0,10.007999999999997,0.0,0.0
:11482494022_8,0.0,10.007999999999997,0.0,0.0
:11482494022_9,0.0,10.007999999999997,0.0,0.0
:11491434390_0,0.0,11.664000000000001,0.0,0.0
:11491434390_1,0.0,11.664000000000001,0.0,0.0
:11491434391_0,0.0,20.304,0.0,0.0
:11491434391_1,0.0,11.664000000000001,0.0,0.0
:11491434391_2,0.0,13.14,0.0,0.0
:11491434391_3,0.0,20.304,0.0,0.0
:11491434391_4,0.0,11.664000000000001,0.0,0.0
:11491434391_5,0.0,13.14,0.0,0.0
:11491434391_6,0.0,39.995999999999995,0.0,0.0
:11491434391_8,0.0,24.984000000000005,0.0,0.0
:11491434391_9,0.0,24.984000000000005,0.0,0.0
:11491533038_0,0.0,10.007999999999997,0.0,0.0
:11491533038_1,0.0,10.007999999999997,0.0,0.0
:11491533039_0,0.0,10.007999999999997,0.0,0.0
:11491533039_1,0.0,10.007999999999997,0.0,0.0
:11491536787_0,0.0,10.007999999999997,0.0,0.0
:11491536787_1,0.0,10.007999999999997,0.0,0.0
:11491537407_0,0.0,11.664000000000001,0.0,0.0
:11491537407_1,0.0,11.664000000000001,0.0,0.0
:11491537408_0,0.0,39.995999999999995,0.0,0.0
:11491537408_1,0.0,23.436000000000003,0.0,0.0
:11491537408_2,0.0,23.436000000000003,0.0,0.0
:11491537408_3,0.0,23.003999999999994,0.0,0.0
:11491537408_4,0.0,11.664000000000001,0.0,0.0
:11491537408_5,0.0,13.14,0.0,0.0
:11491537408_6,0.0,23.003999999999994,0.0,0.0
:11491537408_7,0.0,11.664000000000001,0.0,0.0
:11491537408_8,0.0,13.14,0.0,0.0
:11491559873_0,0.0,10.007999999999997,0.0,0.0
:11491559873_1,0.0,10.007999999999997,0.0,0.0
:11499366762_0,0.0,11.664000000000001,0.0,0.01610043989071097
:11499366762_1,0.0,11.664000000000001,0.0,0.0
:11499691582_0,0.0,11.664000000000001,0.0,0.0
:11499691582_1,0.0,11.664000000000001,0.0,0.0
:11499691586_0,0.0,11.664000000000001,0.0,0.0
:11499691586_1,0.0,11.664000000000001,0.0,0.0
:11502623493_0,0.0,10.007999999999997,0.0,0.0
:11502623493_1,0.0,10.007999999999997,0.0,0.0
:11502623495_0,0.0,10.007999999999997,0.0,0.0
:11502623495_1,0.0,10.007999999999997,0.0,0.0
:11505839699_0,0.0,11.664000000000001,0.0,0.0
:11505839699_1,0.0,11.664000000000001,0.0,0.0
:11507268800_0,0.0,11.664000000000001,0.0,0.0
:11507268800_1,0.0,11.664000000000001,0.0,0.0
:11507593466_0,0.0,10.007999999999997,0.0,0.0
:11507593466_1,0.0,10.007999999999997,0.0,0.0
:11507657866_0,0.0,11.664000000000001,0.0,0.0
:11507657866_1,0.0,11.664000000000001,0.0,0.0
:11507726364_0,0.0,11.664000000000001,0.0,0.0
:11507726364_1,0.0,11.664000000000001,0.0,0.0
:11507813767_0,0.0,11.664000000000001,0.0,0.0
:11507813767_1,0.0,11.664000000000001,0.0,0.0
:11507880370_0,0.0,10.007999999999997,0.0,0.0
:11507880370_1,0.0,10.007999999999997,0.0,0.0
:11507880371_0,0.0,10.007999999999997,0.0,0.0
:11507880371_1,0.0,10.007999999999997,0.0,0.0
:11507880521_0,0.0,11.664000000000001,0.0,0.0
:11507880521_1,0.0,11.664000000000001,0.0,0.0
:11507899744_0,0.0,11.664000000000001,0.0,0.0
:11507899744_1,0.0,11.664000000000001,0.0,0.06508043426075018
:11507960712_0,0.0,34.12799999999999,0.0,0.0
:11507960712_1,0.0,34.12799999999999,0.0,0.0
:11507960712_10,0.0,11.664000000000001,0.0,0.0
:11507960712_11,0.0,13.14,0.0,0.0
:11507960712_12,0.0,27.684000000000005,0.0,0.0
:11507960712_13,0.0,27.684000000000005,0.0,0.0
:11507960712_14,0.0,11.664000000000001,0.0,0.0
:11507960712_15,0.0,13.14,0.0,0.0
:11507960712_16,0.0,11.664000000000001,0.0,0.0
:11507960712_17,0.0,13.14,0.0,0.0
:11507960712_18,0.0,11.664000000000001,0.0,0.0
:11507960712_19,0.0,13.14,0.0,0.0
:11507960712_2,0.0,11.664000000000001,0.0,0.0
:11507960712_3,0.0,13.14,0.0,0.0
:11507960712_4,0.0,34.12799999999999,0.0,0.0
:11507960712_5,0.0,34.12799999999999,0.0,0.0
:11507960712_6,0.0,11.664000000000001,0.0,0.0
:11507960712_7,0.0,13.14,0.0,0.0
:11507960712_8,0.0,27.684000000000005,0.0,0.0
:11507960712_9,0.0,27.684000000000005,0.0,0.0
:11507961566_0,0.0,11.664000000000001,0.0,0.0
:11507961566_1,0.0,11.664000000000001,0.0,0.0
:11507974570_0,0.0,10.007999999999997,0.0,0.0
:11507974570_1,0.0,10.007999999999997,0.0,0.0
:11508045499_0,0.0,28.115999999999993,0.0,0.0
:11508045499_1,0.0,28.115999999999993,0.0,0.0
:11508045499_10,0.0,11.664000000000001,0.0,0.0
:11508045499_11,0.0,13.14,0.0,0.0
:11508045499_12,0.0,22.572,0.0,0.0
:11508045499_13,0.0,22.572,0.0,0.0
:11508045499_14,0.0,11.664000000000001,0.0,0.0
:11508045499_15,0.0,13.14,0.0,0.0
:11508045499_16,0.0,11.664000000000001,0.0,0.0
:11508045499_17,0.0,13.14,0.0,0.0
:11508045499_18,0.0,11.664000000000001,0.0,0.0
:11508045499_19,0.0,13.14,0.0,0.0
:11508045499_2,0.0,11.664000000000001,0.0,0.0
:11508045499_3,0.0,13.14,0.0,0.0
:11508045499_4,0.0,28.115999999999993,0.0,0.0
:11508045499_5,0.0,28.115999999999993,0.0,0.0
:11508045499_6,0.0,11.664000000000001,0.0,0.0
:11508045499_7,0.0,13.14,0.0,0.0
:11508045499_8,0.0,22.572,0.0,0.0
:11508045499_9,0.0,22.572,0.0,0.0
:11508045500_0,0.0,11.664000000000001,0.0,0.0
:11508045500_1,0.0,11.664000000000001,0.0,0.0
:11508045502_0,0.0,11.664000000000001,0.0,0.0
:11508045502_1,0.0,11.664000000000001,0.0,0.0
:11508045503_0,0.0,11.664000000000001,0.0,0.0
:11508045503_1,0.0,11.664000000000001,0.0,0.0
:11508054131_0,0.0,23.364,0.0,0.0
:11508054131_1,0.0,11.664000000000001,0.0,0.0
:11508054131_10,0.0,13.14,0.0,0.0
:11508054131_2,0.0,13.14,0.0,0.0
:11508054131_3,0.0,23.508000000000006,0.0,0.0
:11508054131_4,0.0,23.508000000000006,0.0,0.0
:11508054131_5,0.0,50.00400000000001,0.0,0.0
:11508054131_6,0.0,23.364,0.0,0.0
:11508054131_7,0.0,11.664000000000001,0.0,0.0
:11508054131_8,0.0,13.14,0.0,0.0
:11508054131_9,0.0,11.664000000000001,0.0,0.0
:11508054132_0,0.0,11.664000000000001,0.0,0.0
:11508054132_1,0.0,11.664000000000001,0.0,0.0
:11508081332_0,0.0,22.5,0.0,0.0
:11508081332_1,0.0,11.664000000000001,0.0,0.0
:11508081332_2,0.0,13.14,0.0,0.0
:11508081332_3,0.0,22.5,0.0,0.0
:11508081332_4,0.0,11.664000000000001,0.0,0.0
:11508081332_5,0.0,13.14,0.0,0.0
:11508081332_6,0.0,25.343999999999998,0.0,0.0
:11508081332_7,0.0,25.343999999999998,0.0,0.0
:11508081332_8,0.0,39.995999999999995,0.0,0.0
:11508090889_0,0.0,39.995999999999995,0.0,0.0
:11508090889_1,0.0,24.696,0.0,0.0
:11508090889_2,0.0,24.696,0.0,0.0
:11508090889_3,0.0,22.860000000000003,0.0,0.0
:11508090889_4,0.0,11.664000000000001,0.0,0.0
:11508090889_5,0.0,13.14,0.0,0.0
:11508090889_6,0.0,22.860000000000003,0.0,0.0
:11508090889_7,0.0,11.664000000000001,0.0,0.0
:11508090889_8,0.0,13.14,0.0,0.0
:11508091486_0,0.0,11.664000000000001,0.0,0.0
:11508091486_1,0.0,11.664000000000001,0.0,0.0
:11508091487_0,0.0,11.664000000000001,0.0,0.0
:11508091487_1,0.0,11.664000000000001,0.0,0.0
:11508165223_0,0.0,11.664000000000001,0.0,0.0
:11508165223_1,0.0,11.664000000000001,0.0,0.0
:11508264325_0,0.0,10.007999999999997,0.0,0.0
:11508264325_1,0.0,10.007999999999997,0.0,0.0
:11629472369_0,0.0,11.664000000000001,0.0,0.0
:11629472369_1,0.0,11.664000000000001,0.0,0.0
:11629990367_0,0.0,20.843999999999998,0.0,0.0
:11629990367_1,0.0,11.664000000000001,0.0,0.0
:11629990367_2,0.0,13.14,0.0,0.0
:11629990367_3,0.0,23.796,0.0,0.0
:11629990367_4,0.0,11.664000000000001,0.0,0.0
:11629990367_5,0.0,13.14,0.0,0.0
:11629990367_6,0.0,20.412000000000003,0.0,0.0
:11629990367_7,0.0,20.412000000000003,0.0,0.0
:11629990367_8,0.0,39.995999999999995,0.0,0.0
:11630151856_0,0.0,11.664000000000001,0.0,0.0
:11630151856_1,0.0,11.664000000000001,0.0,0.0
:11644164628_0,0.0,19.259999999999994,0.0,0.0
:11644164628_1,0.0,19.259999999999994,0.0,0.0
:11644164628_11,0.0,11.664000000000001,0.0,0.0
:11644164628_12,0.0,13.14,0.0,0.0
:11644164628_2,0.0,39.995999999999995,0.0,0.0
:11644164628_6,0.0,19.476000000000003,0.0,0.0
:11644164628_7,0.0,11.664000000000001,0.0,0.0
:11644164628_8,0.0,13.14,0.0,0.0
:11644164628_9,0.0,23.741999999999997,0.0,0.0
:1174757389_0,0.0,39.995999999999995,0.0,0.0
:1174757389_2,0.0,39.995999999999995,0.0,0.0
:1174757401_0,0.0,32.940000000000005,0.0,0.0
:1174757401_1,0.0,39.995999999999995,0.0,0.0
:1174757401_2,0.0,49.392,0.0,0.0
:1174757401_3,0.0,70.02,0.0,0.0
:1174757401_4,0.0,90.0,0.0,0.0
:1174757401_5,0.0,48.959999999999994,0.0,0.0
:1174795874_0,0.0,11.664000000000001,0.0,0.0
:1174795874_1,0.0,11.664000000000001,0.0,0.0
:1174795909_0,0.0,11.664000000000001,0.0,0.0
:1174795909_1,0.0,11.664000000000001,0.0,0.0
:1174795913_0,0.0,11.664000000000001,0.0,0.0
:1174795913_1,0.0,11.664000000000001,0.0,0.0
:1174795933_0,0.0,11.664000000000001,0.0,0.0
:1174795933_1,0.0,11.664000000000001,0.0,0.0
:1174795951_0,0.0,11.664000000000001,0.0,0.0
:1174795951_1,0.0,11.664000000000001,0.0,0.0
:1174795984_0,0.0,11.664000000000001,0.0,0.0
:1174795984_1,0.0,11.664000000000001,0.0,0.0
:1174832503_0,0.0,10.007999999999997,0.0,0.0
:1174832503_1,0.0,10.007999999999997,0.0,0.0
:1174832512_0,0.0,11.664000000000001,0.0,0.0
:1174832512_1,0.0,11.664000000000001,0.0,0.0
:1174832527_0,0.0,22.572,0.0,0.0
:1174832527_1,0.0,11.664000000000001,0.0,0.0
:1174832527_2,0.0,13.14,0.0,0.0
:1174832527_3,0.0,79.99199999999999,0.0,0.0
:1174832527_4,0.0,21.708000000000002,0.0,0.0
:1174832527_5,0.0,21.708000000000002,0.0,0.0
:1174832527_6,0.0,22.572,0.0,0.0
:1174832527_7,0.0,11.664000000000001,0.0,0.0
:1174832527_8,0.0,13.14,0.0,0.0
:1174832534_0,0.0,11.664000000000001,0.0,0.0
:1174832534_1,0.0,11.664000000000001,0.0,0.0
:1174832552_0,0.0,26.351999999999997,0.0,0.0
:1174832552_1,0.0,11.664000000000001,0.0,0.0
:1174832552_2,0.0,13.14,0.0,0.0
:1174832552_3,0.0,39.995999999999995,0.0,0.0
:1174832552_4,0.0,20.988,0.0,0.0
:1174832552_5,0.0,20.988,0.0,0.0
:1174832552_6,0.0,26.351999999999997,0.0,0.0
:1174832552_7,0.0,11.664000000000001,0.0,0.0
:1174832552_8,0.0,13.14,0.0,0.0
:1174832653_0,0.0,22.284,0.0,0.0
:1174832653_1,0.0,11.664000000000001,0.0,0.0
:1174832653_2,0.0,13.14,0.0,0.0
:1174832653_3,0.0,22.284,0.0,0.0
:1174832653_4,0.0,11.664000000000001,0.0,0.0
:1174832653_5,0.0,13.14,0.0,0.0
:1174832653_6,0.0,25.524,0.0,0.0
:1174832653_7,0.0,25.524,0.0,0.0
:1174832653_8,0.0,39.995999999999995,0.0,0.0
:1174832695_0,0.0,10.007999999999997,0.0,0.0
:1174832695_1,0.0,10.007999999999997,0.0,0.0
:1174832699_0,0.0,11.664000000000001,0.0,0.0
:1174832699_1,0.0,11.664000000000001,0.0,0.0
:1174832713_0,0.0,11.664000000000001,0.0,0.0
:1174832713_1,0.0,11.664000000000001,0.0,0.0
:1174832716_0,0.0,23.544000000000004,0.0,0.0
:1174832716_1,0.0,11.664000000000001,0.0,0.0
:1174832716_2,0.0,13.14,0.0,0.0
:1174832716_3,0.0,23.436000000000003,0.0,0.0
:1174832716_4,0.0,23.436000000000003,0.0,0.0
:1174832716_5,0.0,79.99199999999999,0.0,0.0
:1174832716_6,0.0,23.544000000000004,0.0,0.0
:1174832716_7,0.0,11.664000000000001,0.0,0.0
:1174832716_8,0.0,13.14,0.0,0.0
:1174832748_0,0.0,11.664000000000001,0.0,0.0
:1174832748_1,0.0,11.664000000000001,0.0,0.0
:1174832794_0,0.0,10.007999999999997,0.0,0.0
:1174832794_1,0.0,10.007999999999997,0.0,0.0
:1174832796_0,0.0,11.664000000000001,0.0,0.0
:1174832796_1,0.0,11.664000000000001,0.0,0.0
:1174832834_0,0.0,39.995999999999995,0.0,0.0
:1174832834_1,0.0,25.488,0.0,0.0
:1174832834_2,0.0,25.488,0.0,0.0
:1174832834_3,0.0,20.988,0.0,0.0
:1174832834_4,0.0,11.664000000000001,0.0,0.0
:1174832834_5,0.0,13.14,0.0,0.0
:1174832834_6,0.0,20.988,0.0,0.0
:1174832834_7,0.0,11.664000000000001,0.0,0.0
:1174832834_8,0.0,13.14,0.0,0.0
:1174832855_0,0.0,26.711999999999996,0.0,0.0
:1174832855_1,0.0,26.711999999999996,0.0,0.0
:1174832855_10,0.0,11.664000000000001,0.0,0.0
:1174832855_11,0.0,13.14,0.0,0.0
:1174832855_12,0.0,26.711999999999996,0.0,0.0
:1174832855_13,0.0,26.711999999999996,0.0,0.0
:1174832855_14,0.0,11.664000000000001,0.0,0.0
:1174832855_15,0.0,13.14,0.0,0.0
:1174832855_16,0.0,11.664000000000001,0.0,0.0
:1174832855_17,0.0,13.14,0.0,0.0
:1174832855_18,0.0,11.664000000000001,0.0,0.0
:1174832855_19,0.0,13.14,0.0,0.0
:1174832855_2,0.0,11.664000000000001,0.0,0.0
:1174832855_3,0.0,13.14,0.0,0.0
:1174832855_4,0.0,20.520000000000003,0.0,0.0
:1174832855_5,0.0,20.520000000000003,0.0,0.0
:1174832855_6,0.0,11.664000000000001,0.0,0.0
:1174832855_7,0.0,13.14,0.0,0.0
:1174832855_8,0.0,20.520000000000003,0.0,0.0
:1174832855_9,0.0,20.520000000000003,0.0,0.0
:1174832895_0,0.0,23.184,0.0,0.0
:1174832895_1,0.0,11.664000000000001,0.0,0.0
:1174832895_2,0.0,13.14,0.0,0.0
:1174832895_3,0.0,23.184,0.0,0.0
:1174832895_4,0.0,11.664000000000001,0.0,0.0
:1174832895_5,0.0,13.14,0.0,0.0
:1174832895_6,0.0,39.995999999999995,0.0,0.0
:1174832895_8,0.0,21.384000000000004,0.0,0.0
:1174832895_9,0.0,21.384000000000004,0.0,0.0
:1174832954_0,0.0,11.664000000000001,0.0,0.0
:1174832954_1,0.0,11.664000000000001,0.0,0.0
:1174832964_0,0.0,10.007999999999997,0.0,0.0
:1174832964_1,0.0,10.007999999999997,0.0,0.0
:1174833041_0,0.0,23.220000000000002,0.0,0.0
:1174833041_1,0.0,23.220000000000002,0.0,0.0
:1174833041_10,0.0,11.664000000000001,0.0,0.0
:1174833041_11,0.0,13.14,0.0,0.0
:1174833041_12,0.0,28.619999999999997,0.0,0.0
:1174833041_13,0.0,28.619999999999997,0.0,0.0
:1174833041_14,0.0,11.664000000000001,0.0,0.0
:1174833041_15,0.0,13.14,0.0,0.0
:1174833041_16,0.0,11.664000000000001,0.0,0.0
:1174833041_17,0.0,13.14,0.0,0.0
:1174833041_18,0.0,11.664000000000001,0.0,0.0
:1174833041_19,0.0,13.14,0.0,0.0
:1174833041_2,0.0,11.664000000000001,0.0,0.0
:1174833041_3,0.0,13.14,0.0,0.0
:1174833041_4,0.0,23.220000000000002,0.0,0.0
:1174833041_5,0.0,23.220000000000002,0.0,0.0
:1174833041_6,0.0,11.664000000000001,0.0,0.0
:1174833041_7,0.0,13.14,0.0,0.0
:1174833041_8,0.0,28.619999999999997,0.0,0.0
:1174833041_9,0.0,28.619999999999997,0.0,0.0
:1174833092_0,0.0,11.664000000000001,0.0,0.0
:1174833092_1,0.0,11.664000000000001,0.0,0.0
:1174833102_0,0.0,11.664000000000001,0.0,0.0
:1174833102_1,0.0,11.664000000000001,0.0,0.0
:1174833124_0,0.0,79.99199999999999,0.0,0.0
:1174833124_1,0.0,22.284,0.0,0.0
:1174833124_2,0.0,22.284,0.0,0.0
:1174833124_3,0.0,21.744,0.0,0.0
:1174833124_4,0.0,11.664000000000001,0.0,0.0
:1174833124_5,0.0,13.14,0.0,0.0
:1174833124_6,0.0,21.744,0.0,0.0
:1174833124_7,0.0,11.664000000000001,0.0,0.0
:1174833124_8,0.0,13.14,0.0,0.0
:1174833145_0,0.0,11.664000000000001,0.0,0.0
:1174833145_1,0.0,11.664000000000001,0.0,0.0
:1174878972_0,0.0,11.664000000000001,0.0,0.0
:1174878972_1,0.0,11.664000000000001,0.0,0.0
:1174879033_0,0.0,11.664000000000001,0.0,0.0
:1174879033_1,0.0,11.664000000000001,0.0,0.0
:1176976769_0,0.0,21.816,0.0,0.0
:1176976769_1,0.0,11.664000000000001,0.0,0.0
:1176976769_2,0.0,13.14,0.0,0.0
:1176976769_3,0.0,39.995999999999995,0.0,0.0
:1176976769_5,0.0,21.960000000000004,0.0,0.0
:1176976769_6,0.0,21.960000000000004,0.0,0.0
:1176976769_7,0.0,21.816,0.0,0.0
:1176976769_8,0.0,11.664000000000001,0.0,0.0
:1176976769_9,0.0,13.14,0.0,0.0
:1176977025_0,0.0,11.664000000000001,0.0,0.0
:1176977025_1,0.0,11.664000000000001,0.0,0.0
:1176977028_0,0.0,23.436000000000003,0.0,0.0
:1176977028_1,0.0,23.436000000000003,0.0,0.0
:1176977028_10,0.0,11.664000000000001,0.0,0.0
:1176977028_11,0.0,13.14,0.0,0.0
:1176977028_12,0.0,28.800000000000004,0.0,0.0
:1176977028_13,0.0,28.800000000000004,0.0,0.0
:1176977028_14,0.0,11.664000000000001,0.0,0.0
:1176977028_15,0.0,13.14,0.0,0.0
:1176977028_16,0.0,13.14,0.0,0.0
:1176977028_2,0.0,11.664000000000001,0.0,0.0
:1176977028_3,0.0,13.14,0.0,0.0
:1176977028_4,0.0,23.436000000000003,0.0,0.0
:1176977028_5,0.0,23.436000000000003,0.0,0.0
:1176977028_6,0.0,11.664000000000001,0.0,0.0
:1176977028_7,0.0,13.14,0.0,0.0
:1176977028_8,0.0,28.800000000000004,0.0,0.0
:1176977028_9,0.0,28.800000000000004,0.0,0.0
:1176977043_0,0.0,24.515999999999995,0.0,0.0
:1176977043_1,0.0,11.664000000000001,0.0,0.0
:1176977043_2,0.0,13.14,0.0,0.0
:1176977043_3,0.0,23.148,0.0,0.0
:1176977043_4,0.0,23.148,0.0,0.0
:1176977043_5,0.0,39.995999999999995,0.0,0.0
:1176977043_6,0.0,24.515999999999995,0.0,0.0
:1176977043_7,0.0,11.664000000000001,0.0,0.0
:1176977043_8,0.0,13.14,0.0,0.0
:1176977045_0,0.0,11.664000000000001,0.0,0.0
:1176977045_1,0.0,11.664000000000001,0.0,0.0
:1176977117_0,0.0,11.664000000000001,0.0,0.0
:1176977117_1,0.0,11.664000000000001,0.0,0.0
:1176977216_0,0.0,11.664000000000001,0.0,0.0
:1176977216_1,0.0,11.664000000000001,0.0,0.0
:1176977350_0,0.0,50.00400000000001,0.0,0.0
:1176977350_1,0.0,50.00400000000001,0.0,0.0
:1176977350_10,0.0,11.664000000000001,0.0,0.0
:1176977350_11,0.0,13.14,0.0,0.0
:1176977350_12,0.0,50.00400000000001,0.0,0.0
:1176977350_13,0.0,50.00400000000001,0.0,0.0
:1176977350_14,0.0,11.664000000000001,0.0,0.0
:1176977350_15,0.0,13.14,0.0,0.0
:1176977350_16,0.0,11.664000000000001,0.0,0.0
:1176977350_17,0.0,13.14,0.0,0.0
:1176977350_18,0.0,11.664000000000001,0.0,0.0
:1176977350_19,0.0,13.14,0.0,0.0
:1176977350_2,0.0,11.664000000000001,0.0,0.0
:1176977350_3,0.0,13.14,0.0,0.0
:1176977350_4,0.0,50.00400000000001,0.0,0.0
:1176977350_5,0.0,50.00400000000001,0.0,0.0
:1176977350_6,0.0,11.664000000000001,0.0,0.0
:1176977350_7,0.0,13.14,0.0,0.0
:1176977350_8,0.0,50.00400000000001,0.0,0.0
:1176977350_9,0.0,50.00400000000001,0.0,0.0
:1176977358_0,0.0,11.664000000000001,0.0,0.0
:1176977358_1,0.0,11.664000000000001,0.0,0.0
:1176977382_0,0.0,11.664000000000001,0.0,0.0
:1176977382_1,0.0,11.664000000000001,0.0,0.0
:1176977410_0,0.0,50.00400000000001,0.0,0.0
:1176977410_1,0.0,50.00400000000001,0.0,0.0
:1176977410_10,0.0,11.664000000000001,0.0,0.0
:1176977410_11,0.0,13.14,0.0,0.0
:1176977410_12,0.0,50.00400000000001,0.0,0.0
:1176977410_13,0.0,50.00400000000001,0.0,0.0
:1176977410_14,0.0,11.664000000000001,0.0,0.0
:1176977410_15,0.0,13.14,0.0,0.0
:1176977410_16,0.0,11.664000000000001,0.0,0.0
:1176977410_17,0.0,13.14,0.0,0.0
:1176977410_18,0.0,11.664000000000001,0.0,0.0
:1176977410_19,0.0,13.14,0.0,0.0
:1176977410_2,0.0,11.664000000000001,0.0,0.0
:1176977410_3,0.0,13.14,0.0,0.0
:1176977410_4,0.0,50.00400000000001,0.0,0.0
:1176977410_5,0.0,50.00400000000001,0.0,0.0
:1176977410_6,0.0,11.664000000000001,0.0,0.0
:1176977410_7,0.0,13.14,0.0,0.0
:1176977410_8,0.0,50.00400000000001,0.0,0.0
:1176977410_9,0.0,50.00400000000001,0.0,0.0
:1176977417_0,0.0,11.664000000000001,0.0,0.0
:1176977417_1,0.0,11.664000000000001,0.0,0.0
:1176977430_0,0.0,11.664000000000001,0.0,0.0
:1176977430_1,0.0,11.664000000000001,0.0,0.0
:1176977435_0,0.0,11.664000000000001,0.0,0.0
:1176977435_1,0.0,11.664000000000001,0.0,0.0
:1176977439_0,0.0,11.664000000000001,0.0,0.0
:1176977439_1,0.0,11.664000000000001,0.0,0.0
:1176977542_0,0.0,11.664000000000001,0.0,0.0
:1176977542_1,0.0,11.664000000000001,0.0,0.0
:1176977554_0,0.0,11.664000000000001,0.0,0.0
:1176977554_1,0.0,11.664000000000001,0.0,0.0
:1176977558_0,0.0,26.46,0.0,0.0
:1176977558_1,0.0,11.664000000000001,0.0,0.0
:1176977558_2,0.0,13.14,0.0,0.0
:1176977558_3,0.0,23.472,0.0,0.0
:1176977558_4,0.0,11.664000000000001,0.0,0.0
:1176977558_5,0.0,13.14,0.0,0.0
:1176977558_6,0.0,13.14,0.0,0.0
:1176977581_0,0.0,11.664000000000001,0.0,0.0
:1176977581_1,0.0,11.664000000000001,0.0,0.0
:1176977769_0,0.0,11.664000000000001,0.0,0.0
:1176977769_1,0.0,11.664000000000001,0.0,0.0
:1176977864_0,0.0,11.664000000000001,0.0,0.0
:1176977864_1,0.0,11.664000000000001,0.0,0.0
:1176977881_0,0.0,11.664000000000001,0.0,0.0
:1176977881_1,0.0,11.664000000000001,0.0,0.0
:1176977922_0,0.0,11.664000000000001,0.0,0.0
:1176977922_1,0.0,11.664000000000001,0.0,0.0
:1176977943_0,0.0,10.007999999999997,0.0,0.0
:1176977943_1,0.0,10.007999999999997,0.0,0.0
:1176977948_0,0.0,11.664000000000001,0.0,0.0
:1176977948_1,0.0,11.664000000000001,0.0,0.0
:1176978015_0,0.0,11.664000000000001,0.0,0.0
:1176978015_1,0.0,11.664000000000001,0.0,0.0
:1176978017_0,0.0,22.464000000000002,0.0,0.0
:1176978017_1,0.0,22.464000000000002,0.0,0.0
:1176978017_2,0.0,100.00800000000002,0.0,0.0
:1176978017_4,0.0,23.220000000000002,0.0,0.0
:1176978017_5,0.0,11.664000000000001,0.0,0.0
:1176978017_6,0.0,13.14,0.0,0.0
:1176978017_7,0.0,26.172000000000004,0.0,0.0
:1176978017_8,0.0,11.664000000000001,0.0,0.0
:1176978017_9,0.0,13.14,0.0,0.0
:1176978065_0,0.0,27.684000000000005,0.0,0.0
:1176978065_1,0.0,27.684000000000005,0.0,0.0
:1176978065_10,0.0,11.664000000000001,0.0,0.0
:1176978065_11,0.0,13.14,0.0,0.0
:1176978065_12,0.0,27.684000000000005,0.0,0.0
:1176978065_13,0.0,27.684000000000005,0.0,0.0
:1176978065_14,0.0,10.007999999999997,0.0,0.0
:1176978065_15,0.0,10.007999999999997,0.0,0.0
:1176978065_16,0.0,13.14,0.0,0.0
:1176978065_2,0.0,10.007999999999997,0.0,0.0
:1176978065_3,0.0,10.007999999999997,0.0,0.0
:1176978065_4,0.0,22.032000000000004,0.0,0.0
:1176978065_5,0.0,22.032000000000004,0.0,0.0
:1176978065_6,0.0,11.664000000000001,0.0,0.0
:1176978065_7,0.0,13.14,0.0,0.0
:1176978065_8,0.0,22.032000000000004,0.0,0.0
:1176978065_9,0.0,22.032000000000004,0.0,0.0
:1176978103_0,0.0,11.664000000000001,0.0,0.0
:1176978103_1,0.0,11.664000000000001,0.0,0.0
:1176978122_0,0.0,39.995999999999995,0.0,0.0
:1176978122_2,0.0,49.32,0.0,0.0
:1176978127_0,0.0,11.664000000000001,0.0,0.0
:1176978127_1,0.0,11.664000000000001,0.0,0.0
:1176978194_0,0.0,11.664000000000001,0.0,0.0
:1176978194_1,0.0,11.664000000000001,0.0,0.0
:1176978218_0,0.0,80.028,0.0,0.0
:1176978221_0,0.0,11.664000000000001,0.0,0.0
:1176978221_1,0.0,11.664000000000001,0.0,0.0
:1176978230_0,0.0,10.007999999999997,0.0,0.0
:1176978230_1,0.0,10.007999999999997,0.0,0.0
:1176978264_0,0.0,11.664000000000001,0.0,0.0
:1176978264_1,0.0,11.664000000000001,0.0,0.0
:1176978277_0,0.0,60.012000000000015,0.0,0.0
:1176978277_2,0.0,21.960000000000004,0.0,0.0
:1176978277_3,0.0,21.960000000000004,0.0,0.0
:1176978277_4,0.0,21.852,0.0,0.0
:1176978277_5,0.0,11.664000000000001,0.0,0.0
:1176978277_6,0.0,13.14,0.0,0.0
:1176978277_7,0.0,21.852,0.0,0.0
:1176978277_8,0.0,11.664000000000001,0.0,0.0
:1176978277_9,0.0,13.14,0.0,0.0
:1176978307_0,0.0,20.916,0.0,0.0
:1176978307_1,0.0,11.664000000000001,0.0,0.0
:1176978307_2,0.0,13.14,0.0,0.0
:1176978307_3,0.0,20.916,0.0,0.0
:1176978307_4,0.0,11.664000000000001,0.0,0.0
:1176978307_5,0.0,13.14,0.0,0.0
:1176978307_6,0.0,100.00800000000002,0.0,0.0
:1176978307_7,0.0,26.928000000000004,0.0,0.0
:1176978307_8,0.0,26.928000000000004,0.0,0.0
:1176978311_0,0.0,11.664000000000001,0.0,0.0
:1176978311_1,0.0,11.664000000000001,0.0,0.0
:1176978360_0,0.0,11.664000000000001,0.0,0.0
:1176978360_1,0.0,11.664000000000001,0.0,0.0
:1176978389_0,0.0,11.664000000000001,0.0,0.0
:1176978389_1,0.0,11.664000000000001,0.0,0.0
:1176978391_0,0.0,23.003999999999994,0.0,0.0
:1176978391_1,0.0,11.664000000000001,0.0,0.0
:1176978391_2,0.0,13.14,0.0,0.0
:1176978391_3,0.0,25.991999999999997,0.0,0.0
:1176978391_4,0.0,11.664000000000001,0.0,0.0
:1176978391_5,0.0,13.14,0.0,0.0
:1176978391_6,0.0,24.12,0.0,0.0
:1176978391_7,0.0,24.12,0.0,0.0
:1176978391_8,0.0,39.995999999999995,0.0,0.0
:1176978402_0,0.0,28.151999999999994,0.0,0.0
:1176978402_1,0.0,28.151999999999994,0.0,0.0
:1176978402_10,0.0,11.664000000000001,0.0,0.0
:1176978402_11,0.0,13.14,0.0,0.0
:1176978402_12,0.0,28.151999999999994,0.0,0.0
:1176978402_13,0.0,28.151999999999994,0.0,0.0
:1176978402_14,0.0,11.664000000000001,0.0,0.0
:1176978402_15,0.0,13.14,0.0,0.0
:1176978402_16,0.0,13.14,0.0,0.0
:1176978402_2,0.0,11.664000000000001,0.0,0.0
:1176978402_3,0.0,13.14,0.0,0.0
:1176978402_4,0.0,22.644000000000002,0.0,0.0
:1176978402_5,0.0,22.644000000000002,0.0,0.0
:1176978402_6,0.0,11.664000000000001,0.0,0.0
:1176978402_7,0.0,13.14,0.0,0.0
:1176978402_8,0.0,22.644000000000002,0.0,0.0
:1176978402_9,0.0,22.644000000000002,0.0,0.0
:1176978411_0,0.0,11.664000000000001,0.0,0.0
:1176978411_1,0.0,11.664000000000001,0.0,0.0
:1176978433_0,0.0,11.664000000000001,0.0,0.0
:1176978433_1,0.0,11.664000000000001,0.0,0.0
:1176978438_0,0.0,21.924000000000003,0.0,0.0
:1176978438_1,0.0,11.664000000000001,0.0,0.0
:1176978438_2,0.0,13.14,0.0,0.0
:1176978438_3,0.0,21.924000000000003,0.0,0.0
:1176978438_4,0.0,11.664000000000001,0.0,0.0
:1176978438_5,0.0,13.14,0.0,0.0
:1176978438_6,0.0,39.995999999999995,0.0,0.0
:1176978438_8,0.0,22.319999999999997,0.0,0.0
:1176978438_9,0.0,22.319999999999997,0.0,0.0
:1177160367_0,0.0,11.664000000000001,0.0,0.0
:1177160367_1,0.0,11.664000000000001,0.0,0.0
:1177160373_0,0.0,11.664000000000001,0.0,0.0
:1177160373_1,0.0,11.664000000000001,0.0,0.0
:1177160379_0,0.0,11.664000000000001,0.0,0.0
:1177160379_1,0.0,11.664000000000001,0.0,0.0
:1177160399_0,0.0,24.048,0.0,0.0
:1177160399_1,0.0,11.664000000000001,0.0,0.0
:1177160399_2,0.0,13.14,0.0,0.0
:1177160399_3,0.0,23.112,0.0,0.0
:1177160399_4,0.0,23.112,0.0,0.0
:1177160399_5,0.0,39.995999999999995,0.0,0.0
:1177160399_6,0.0,24.048,0.0,0.0
:1177160399_7,0.0,11.664000000000001,0.0,0.0
:1177160399_8,0.0,13.14,0.0,0.0
:1177160403_0,0.0,39.995999999999995,0.0,0.0
:1177160403_1,0.0,23.291999999999998,0.0,0.0
:1177160434_0,0.0,100.00800000000002,0.0,0.0
:1177160434_1,0.0,22.644000000000002,0.0,0.0
:1177160434_2,0.0,22.644000000000002,0.0,0.0
:1177160434_3,0.0,21.599999999999998,0.0,0.0
:1177160434_4,0.0,11.664000000000001,0.0,0.0
:1177160434_5,0.0,13.14,0.0,0.0
:1177160434_6,0.0,21.599999999999998,0.0,0.0
:1177160434_7,0.0,11.664000000000001,0.0,0.0
:1177160434_8,0.0,13.14,0.0,0.0
:1177160438_0,0.0,11.664000000000001,0.0,0.0
:1177160438_1,0.0,11.664000000000001,0.0,0.0
:1177160442_0,0.0,11.664000000000001,0.0,0.0
:1177160442_1,0.0,11.664000000000001,0.0,0.0
:1177160455_0,0.0,11.664000000000001,0.0,0.0
:1177160455_1,0.0,11.664000000000001,0.0,0.0
:1177160471_0,0.0,28.836000000000006,0.0,0.0
:1177160471_1,0.0,28.836000000000006,0.0,0.0
:1177160471_10,0.0,11.664000000000001,0.0,0.0
:1177160471_11,0.0,13.14,0.0,0.0
:1177160471_12,0.0,23.436000000000003,0.0,0.0
:1177160471_13,0.0,23.436000000000003,0.0,0.0
:1177160471_14,0.0,11.664000000000001,0.0,0.0
:1177160471_15,0.0,13.14,0.0,0.0
:1177160471_16,0.0,11.664000000000001,0.0,0.0
:1177160471_17,0.0,13.14,0.0,0.0
:1177160471_18,0.0,11.664000000000001,0.0,0.0
:1177160471_19,0.0,13.14,0.0,0.0
:1177160471_2,0.0,11.664000000000001,0.0,0.0
:1177160471_3,0.0,13.14,0.0,0.0
:1177160471_4,0.0,28.836000000000006,0.0,0.0
:1177160471_5,0.0,28.836000000000006,0.0,0.0
:1177160471_6,0.0,11.664000000000001,0.0,0.0
:1177160471_7,0.0,13.14,0.0,0.0
:1177160471_8,0.0,23.436000000000003,0.0,0.0
:1177160471_9,0.0,23.436000000000003,0.0,0.0
:1177160511_0,0.0,11.664000000000001,0.0,0.0
:1177160511_1,0.0,11.664000000000001,0.0,0.0
:1177160524_0,0.0,11.664000000000001,0.0,0.0
:1177160524_1,0.0,11.664000000000001,0.0,0.0
:1177160540_0,0.0,10.007999999999997,0.0,0.0
:1177160540_1,0.0,10.007999999999997,0.0,0.0
:1177160598_0,0.0,11.664000000000001,0.0,0.0
:1177160598_1,0.0,11.664000000000001,0.0,0.0
:1177160606_0,0.0,11.664000000000001,0.0,0.0
:1177160606_1,0.0,11.664000000000001,0.0,0.0
:1177160693_0,0.0,11.664000000000001,0.0,0.0
:1177160693_1,0.0,11.664000000000001,0.0,0.0
:1177160716_0,0.0,39.995999999999995,0.0,0.0
:1177160716_1,0.0,21.599999999999998,0.0,0.0
:1177160716_2,0.0,21.599999999999998,0.0,0.0
:1177160716_3,0.0,22.752000000000006,0.0,0.0
:1177160716_4,0.0,10.007999999999997,0.0,0.0
:1177160716_5,0.0,10.007999999999997,0.0,0.0
:1177160716_6,0.0,22.752000000000006,0.0,0.0
:1177160716_7,0.0,10.007999999999997,0.0,0.0
:1177160716_8,0.0,10.007999999999997,0.0,0.0
:1177160736_0,0.0,11.664000000000001,0.0,0.0
:1177160736_1,0.0,11.664000000000001,0.0,0.0
:1177160765_0,0.0,10.007999999999997,0.0,0.0
:1177160765_1,0.0,10.007999999999997,0.0,0.0
:1177160784_0,0.0,11.664000000000001,0.0,0.0
:1177160784_1,0.0,11.664000000000001,0.0,0.01171947602651946
:1177160807_0,0.0,11.664000000000001,0.0,0.0
:1177160807_1,0.0,11.664000000000001,0.0,0.0
:1177160859_0,0.0,11.664000000000001,0.0,0.0
:1177160859_1,0.0,11.664000000000001,0.0,0.0
:1177160862_0,0.0,11.664000000000001,0.0,0.0
:1177160862_1,0.0,11.664000000000001,0.0,0.0
:1177160864_0,0.0,79.99199999999999,0.0,0.0
:1177160864_1,0.0,20.807999999999996,0.0,0.0
:1177160864_2,0.0,20.807999999999996,0.0,0.0
:1177160864_3,0.0,31.68,0.0,0.0
:1177160864_4,0.0,11.664000000000001,0.0,0.0
:1177160864_5,0.0,13.14,0.0,0.0
:1177160864_6,0.0,31.68,0.0,0.0
:1177160864_7,0.0,11.664000000000001,0.0,0.0
:1177160864_8,0.0,13.14,0.0,0.0
:1177160866_0,0.0,23.256,0.0,0.0
:1177160866_1,0.0,11.664000000000001,0.0,0.0
:1177160866_2,0.0,13.14,0.0,0.0
:1177160866_3,0.0,23.256,0.0,0.0
:1177160866_4,0.0,11.664000000000001,0.0,0.0
:1177160866_5,0.0,13.14,0.0,0.0
:1177160866_6,0.0,26.568000000000005,0.0,0.0
:1177160866_7,0.0,26.568000000000005,0.0,0.0
:1177160866_8,0.0,79.99199999999999,0.0,0.0
:1177160923_0,0.0,23.472,0.0,0.0
:1177160923_1,0.0,23.472,0.0,0.0
:1177160923_10,0.0,11.664000000000001,0.0,0.0
:1177160923_11,0.0,13.14,0.0,0.0
:1177160923_12,0.0,23.472,0.0,0.0
:1177160923_13,0.0,23.472,0.0,0.0
:1177160923_14,0.0,11.664000000000001,0.0,0.0
:1177160923_15,0.0,13.14,0.0,0.0
:1177160923_16,0.0,11.664000000000001,0.0,0.0
:1177160923_17,0.0,13.14,0.0,0.0
:1177160923_18,0.0,11.664000000000001,0.0,0.0
:1177160923_19,0.0,13.14,0.0,0.0
:1177160923_2,0.0,11.664000000000001,0.0,0.0
:1177160923_3,0.0,13.14,0.0,0.0
:1177160923_4,0.0,28.872000000000007,0.0,0.0
:1177160923_5,0.0,28.872000000000007,0.0,0.0
:1177160923_6,0.0,11.664000000000001,0.0,0.0
:1177160923_7,0.0,13.14,0.0,0.0
:1177160923_8,0.0,28.872000000000007,0.0,0.0
:1177160923_9,0.0,28.872000000000007,0.0,0.0
:1177160971_0,0.0,11.664000000000001,0.0,0.0
:1177160971_1,0.0,11.664000000000001,0.0,0.0
:1177161022_0,0.0,23.544000000000004,0.0,0.0
:1177161022_1,0.0,11.664000000000001,0.0,0.0
:1177161022_2,0.0,13.14,0.0,0.0
:1177161022_3,0.0,79.99199999999999,0.0,0.0
:1177161022_4,0.0,21.384000000000004,0.0,0.0
:1177161022_5,0.0,21.384000000000004,0.0,0.0
:1177161022_6,0.0,23.544000000000004,0.0,0.0
:1177161022_7,0.0,11.664000000000001,0.0,0.0
:1177161022_8,0.0,13.14,0.0,0.0
:1177161043_0,0.0,11.664000000000001,0.0,0.0
:1177161043_1,0.0,11.664000000000001,0.0,0.0
:1177161047_0,0.0,11.664000000000001,0.0,0.0
:1177161047_1,0.0,11.664000000000001,0.0,0.0
:1177161050_0,0.0,23.256,0.0,0.0
:1177161050_1,0.0,11.664000000000001,0.0,0.0
:1177161050_2,0.0,13.14,0.0,0.0
:1177161050_3,0.0,23.256,0.0,0.0
:1177161050_4,0.0,11.664000000000001,0.0,0.0
:1177161050_5,0.0,13.14,0.0,0.0
:1177161050_6,0.0,25.307999999999996,0.0,0.0
:1177161050_7,0.0,25.307999999999996,0.0,0.0
:1177161050_8,0.0,100.00800000000002,0.0,0.0
:1177161074_0,0.0,23.508000000000006,0.0,0.0
:1177161074_1,0.0,11.664000000000001,0.0,0.0
:1177161074_2,0.0,13.14,0.0,0.0
:1177161074_3,0.0,23.508000000000006,0.0,0.0
:1177161074_4,0.0,11.664000000000001,0.0,0.0
:1177161074_5,0.0,13.14,0.0,0.0
:1177161074_6,0.0,23.544000000000004,0.0,0.0
:1177161074_7,0.0,23.544000000000004,0.0,0.0
:1177161074_8,0.0,79.99199999999999,0.0,0.0
:1177161146_0,0.0,11.664000000000001,0.0,0.0
:1177161146_1,0.0,11.664000000000001,0.0,0.0
:1177161154_0,0.0,11.664000000000001,0.0,0.0
:1177161154_1,0.0,11.664000000000001,0.0,0.0
:1177161169_0,0.0,23.220000000000002,0.0,0.0
:1177161169_1,0.0,11.664000000000001,0.0,0.0
:1177161169_2,0.0,13.14,0.0,0.0
:1177161169_3,0.0,23.220000000000002,0.0,0.0
:1177161169_4,0.0,11.664000000000001,0.0,0.0
:1177161169_5,0.0,13.14,0.0,0.0
:1177161169_6,0.0,23.796,0.0,0.0
:1177161169_7,0.0,23.796,0.0,0.0
:1177161169_8,0.0,39.995999999999995,0.0,0.0
:1177161171_0,0.0,23.579999999999995,0.0,0.0
:1177161171_1,0.0,23.579999999999995,0.0,0.0
:1177161171_10,0.0,11.664000000000001,0.0,0.0
:1177161171_11,0.0,13.14,0.0,0.0
:1177161171_12,0.0,28.98000000000001,0.0,0.0
:1177161171_13,0.0,28.98000000000001,0.0,0.0
:1177161171_14,0.0,11.664000000000001,0.0,0.0
:1177161171_15,0.0,13.14,0.0,0.0
:1177161171_16,0.0,11.664000000000001,0.0,0.0
:1177161171_17,0.0,13.14,0.0,0.0
:1177161171_18,0.0,11.664000000000001,0.0,0.0
:1177161171_19,0.0,13.14,0.0,0.0
:1177161171_2,0.0,11.664000000000001,0.0,0.0
:1177161171_3,0.0,13.14,0.0,0.0
:1177161171_4,0.0,23.579999999999995,0.0,0.0
:1177161171_5,0.0,23.579999999999995,0.0,0.0
:1177161171_6,0.0,11.664000000000001,0.0,0.0
:1177161171_7,0.0,13.14,0.0,0.0
:1177161171_8,0.0,28.98000000000001,0.0,0.0
:1177161171_9,0.0,28.98000000000001,0.0,0.0
:1177161219_0,0.0,22.176,0.0,0.0
:1177161219_1,0.0,79.99199999999999,0.0,0.0
:1177161219_2,0.0,100.00800000000002,0.0,0.0
:1177161219_3,0.0,22.5,0.0,0.0
:1177161329_0,0.0,11.664000000000001,0.0,0.0
:1177161329_1,0.0,11.664000000000001,0.0,0.0
:1177161339_0,0.0,11.664000000000001,0.0,0.0
:1177161339_1,0.0,11.664000000000001,0.0,0.0
:1177161371_0,0.0,11.664000000000001,0.0,0.0
:1177161371_1,0.0,11.664000000000001,0.0,0.0
:1177161408_0,0.0,22.536,0.0,0.0
:1177161408_1,0.0,100.00800000000002,0.0,0.0
:1177161428_0,0.0,11.664000000000001,0.0,0.0
:1177161428_1,0.0,11.664000000000001,0.0,0.0
:1177161432_0,0.0,39.995999999999995,0.0,0.0
:1177161432_1,0.0,21.708000000000002,0.0,0.0
:1177161432_2,0.0,21.708000000000002,0.0,0.0
:1177161432_3,0.0,22.428,0.0,0.0
:1177161432_4,0.0,10.007999999999997,0.0,0.0
:1177161432_5,0.0,10.007999999999997,0.0,0.0
:1177161432_6,0.0,22.428,0.0,0.0
:1177161432_7,0.0,10.007999999999997,0.0,0.0
:1177161432_8,0.0,10.007999999999997,0.0,0.0
:1177161441_0,0.0,22.860000000000003,0.0,0.0
:1177161441_1,0.0,11.664000000000001,0.0,0.0
:1177161441_2,0.0,13.14,0.0,0.0
:1177161441_3,0.0,22.860000000000003,0.0,0.0
:1177161441_4,0.0,11.664000000000001,0.0,0.0
:1177161441_5,0.0,13.14,0.0,0.0
:1177161441_6,0.0,25.307999999999996,0.0,0.0
:1177161441_7,0.0,25.307999999999996,0.0,0.0
:1177161441_8,0.0,79.99199999999999,0.0,0.0
:1177161508_0,0.0,11.664000000000001,0.0,0.0
:1177161508_1,0.0,11.664000000000001,0.0,0.0
:1177161553_0,0.0,10.007999999999997,0.0,0.0
:1177161553_1,0.0,10.007999999999997,0.0,0.0
:1177161647_0,0.0,11.664000000000001,0.0,0.0
:1177161647_1,0.0,11.664000000000001,0.0,0.0
:1177161715_0,0.0,11.664000000000001,0.0,0.0
:1177161715_1,0.0,11.664000000000001,0.0,0.0
:1177161721_0,0.0,10.007999999999997,0.0,0.0
:1177161721_1,0.0,10.007999999999997,0.0,0.0
:1177211300_0,0.0,11.664000000000001,0.0,0.0
:1177211300_1,0.0,11.664000000000001,0.0,0.0
:1177211317_0,0.0,28.115999999999993,0.0,0.0
:1177211317_1,0.0,28.115999999999993,0.0,0.0
:1177211317_10,0.0,11.664000000000001,0.0,0.0
:1177211317_11,0.0,13.14,0.0,0.0
:1177211317_12,0.0,28.115999999999993,0.0,0.0
:1177211317_13,0.0,28.115999999999993,0.0,0.0
:1177211317_14,0.0,11.664000000000001,0.0,0.0
:1177211317_15,0.0,13.14,0.0,0.0
:1177211317_16,0.0,11.664000000000001,0.0,0.0
:1177211317_17,0.0,13.14,0.0,0.0
:1177211317_18,0.0,11.664000000000001,0.0,0.0
:1177211317_19,0.0,13.14,0.0,0.0
:1177211317_2,0.0,11.664000000000001,0.0,0.0
:1177211317_3,0.0,13.14,0.0,0.0
:1177211317_4,0.0,22.572,0.0,0.0
:1177211317_5,0.0,22.572,0.0,0.0
:1177211317_6,0.0,11.664000000000001,0.0,0.0
:1177211317_7,0.0,13.14,0.0,0.0
:1177211317_8,0.0,22.572,0.0,0.0
:1177211317_9,0.0,22.572,0.0,0.0
:1177211336_0,0.0,11.664000000000001,0.0,0.0
:1177211336_1,0.0,11.664000000000001,0.0,0.0
:1177211345_0,0.0,26.532000000000004,0.0,0.0
:1177211345_1,0.0,39.995999999999995,0.0,0.0
:1177211353_0,0.0,10.007999999999997,0.0,0.0
:1177211353_1,0.0,10.007999999999997,0.0,0.0
:1177211361_0,0.0,23.328000000000003,0.0,0.0
:1177211361_1,0.0,23.328000000000003,0.0,0.0
:1177211361_10,0.0,11.664000000000001,0.0,0.0
:1177211361_11,0.0,13.14,0.0,0.0
:1177211361_12,0.0,28.728,0.0,0.0
:1177211361_13,0.0,28.728,0.0,0.0
:1177211361_14,0.0,11.664000000000001,0.0,0.0
:1177211361_15,0.0,13.14,0.0,0.0
:1177211361_16,0.0,11.664000000000001,0.0,0.0
:1177211361_17,0.0,13.14,0.0,0.0
:1177211361_18,0.0,11.664000000000001,0.0,0.0
:1177211361_19,0.0,13.14,0.0,0.0
:1177211361_2,0.0,11.664000000000001,0.0,0.0
:1177211361_3,0.0,13.14,0.0,0.0
:1177211361_4,0.0,23.328000000000003,0.0,0.0
:1177211361_5,0.0,23.328000000000003,0.0,0.0
:1177211361_6,0.0,11.664000000000001,0.0,0.0
:1177211361_7,0.0,13.14,0.0,0.0
:1177211361_8,0.0,28.728,0.0,0.0
:1177211361_9,0.0,28.728,0.0,0.0
:1177211367_0,0.0,11.664000000000001,0.0,0.0
:1177211367_1,0.0,11.664000000000001,0.0,0.0
:1177211396_0,0.0,28.368000000000002,0.0,0.0
:1177211396_1,0.0,28.368000000000002,0.0,0.0
:1177211396_10,0.0,11.664000000000001,0.0,0.0
:1177211396_11,0.0,13.14,0.0,0.0
:1177211396_12,0.0,28.368000000000002,0.0,0.0
:1177211396_13,0.0,28.368000000000002,0.0,0.0
:1177211396_14,0.0,11.664000000000001,0.0,0.0
:1177211396_15,0.0,13.14,0.0,0.0
:1177211396_16,0.0,11.664000000000001,0.0,0.0
:1177211396_17,0.0,13.14,0.0,0.0
:1177211396_18,0.0,11.664000000000001,0.0,0.0
:1177211396_19,0.0,13.14,0.0,0.0
:1177211396_2,0.0,11.664000000000001,0.0,0.0
:1177211396_3,0.0,13.14,0.0,0.0
:1177211396_4,0.0,22.932000000000006,0.0,0.0
:1177211396_5,0.0,22.932000000000006,0.0,0.0
:1177211396_6,0.0,11.664000000000001,0.0,0.0
:1177211396_7,0.0,13.14,0.0,0.0
:1177211396_8,0.0,22.932000000000006,0.0,0.0
:1177211396_9,0.0,22.932000000000006,0.0,0.0
:1177211398_0,0.0,11.664000000000001,0.0,0.0
:1177211398_1,0.0,11.664000000000001,0.0,0.0
:1177211402_0,0.0,26.928000000000004,0.0,0.0
:1177211402_1,0.0,26.928000000000004,0.0,0.0
:1177211402_10,0.0,11.664000000000001,0.0,0.0
:1177211402_11,0.0,13.14,0.0,0.0
:1177211402_12,0.0,26.928000000000004,0.0,0.0
:1177211402_13,0.0,26.928000000000004,0.0,0.0
:1177211402_14,0.0,11.664000000000001,0.0,0.0
:1177211402_15,0.0,13.14,0.0,0.0
:1177211402_16,0.0,13.14,0.0,0.0
:1177211402_2,0.0,11.664000000000001,0.0,0.0
:1177211402_3,0.0,13.14,0.0,0.0
:1177211402_4,0.0,20.952,0.0,0.0
:1177211402_5,0.0,20.952,0.0,0.0
:1177211402_6,0.0,11.664000000000001,0.0,0.0
:1177211402_7,0.0,13.14,0.0,0.0
:1177211402_8,0.0,20.952,0.0,0.0
:1177211402_9,0.0,20.952,0.0,0.0
:1177211428_0,0.0,11.664000000000001,0.0,0.0
:1177211428_1,0.0,11.664000000000001,0.0,0.0
:1177211461_0,0.0,11.664000000000001,0.0,0.0
:1177211461_1,0.0,11.664000000000001,0.0,0.0
:1177211462_0,0.0,11.664000000000001,0.0,0.0
:1177211462_1,0.0,11.664000000000001,0.0,0.0
:1177211471_0,0.0,22.680000000000003,0.0,0.0
:1177211471_1,0.0,10.007999999999997,0.0,0.0
:1177211471_2,0.0,10.007999999999997,0.0,0.0
:1177211471_3,0.0,22.680000000000003,0.0,0.0
:1177211471_4,0.0,10.007999999999997,0.0,0.0
:1177211471_5,0.0,10.007999999999997,0.0,0.0
:1177211471_6,0.0,24.984000000000005,0.0,0.0
:1177211471_7,0.0,24.984000000000005,0.0,0.0
:1177211471_8,0.0,39.995999999999995,0.0,0.0
:1177211474_0,0.0,11.664000000000001,0.0,0.0
:1177211474_1,0.0,11.664000000000001,0.0,0.0
:1177211489_0,0.0,11.664000000000001,0.0,0.0
:1177211489_1,0.0,11.664000000000001,0.0,0.0
:1177211492_0,0.0,11.664000000000001,0.0,0.0
:1177211492_1,0.0,11.664000000000001,0.0,0.0
:1177211515_0,0.0,11.664000000000001,0.0,0.0
:1177211515_1,0.0,11.664000000000001,0.0,0.0
:1177211518_0,0.0,10.007999999999997,0.0,0.0
:1177211518_1,0.0,10.007999999999997,0.0,0.0
:1177211521_0,0.0,25.343999999999998,0.0,0.0
:1177211521_1,0.0,11.664000000000001,0.0,0.0
:1177211521_2,0.0,13.14,0.0,0.0
:1177211521_3,0.0,25.020000000000003,0.0,0.0
:1177211521_4,0.0,25.020000000000003,0.0,0.0
:1177211521_5,0.0,39.995999999999995,0.0,0.0
:1177211521_6,0.0,25.343999999999998,0.0,0.0
:1177211521_7,0.0,11.664000000000001,0.0,0.0
:1177211521_8,0.0,13.14,0.0,0.013786908414812957
:1177211545_0,0.0,11.664000000000001,0.0,0.0
:1177211545_1,0.0,11.664000000000001,0.0,0.0
:1177211571_0,0.0,11.664000000000001,0.0,0.0
:1177211571_1,0.0,11.664000000000001,0.0,0.0
:1177211639_0,0.0,11.664000000000001,0.0,0.0
:1177211639_1,0.0,11.664000000000001,0.0,0.0
:1177211656_0,0.0,11.664000000000001,0.0,0.0
:1177211656_1,0.0,11.664000000000001,0.0,0.0
:1177211665_0,0.0,11.664000000000001,0.0,0.0
:1177211665_1,0.0,11.664000000000001,0.0,0.0
:1177211690_0,0.0,11.664000000000001,0.0,0.0
:1177211690_1,0.0,11.664000000000001,0.0,0.0
:1177211693_0,0.0,21.563999999999997,0.0,0.0
:1177211693_1,0.0,10.007999999999997,0.0,0.0
:1177211693_2,0.0,10.007999999999997,0.0,0.0
:1177211693_3,0.0,39.995999999999995,0.0,0.0
:1177211693_4,0.0,23.04,0.0,0.05403359520761063
:1177211693_5,0.0,23.04,0.0,0.0
:1177211693_6,0.0,21.563999999999997,0.0,0.054348587414984786
:1177211693_7,0.0,10.007999999999997,0.0,0.0
:1177211693_8,0.0,10.007999999999997,0.0,0.0
:1177211711_0,0.0,11.664000000000001,0.0,0.0
:1177211711_1,0.0,11.664000000000001,0.0,0.0
:1177211721_0,0.0,23.075999999999997,0.0,0.0
:1177211721_1,0.0,23.075999999999997,0.0,0.0
:1177211721_10,0.0,11.664000000000001,0.0,0.0
:1177211721_11,0.0,13.14,0.0,0.0
:1177211721_12,0.0,23.075999999999997,0.0,0.0
:1177211721_13,0.0,23.075999999999997,0.0,0.0
:1177211721_14,0.0,11.664000000000001,0.0,0.0
:1177211721_15,0.0,13.14,0.0,0.0
:1177211721_16,0.0,11.664000000000001,0.0,0.0
:1177211721_17,0.0,13.14,0.0,0.0
:1177211721_18,0.0,11.664000000000001,0.0,0.0
:1177211721_19,0.0,13.14,0.0,0.0
:1177211721_2,0.0,11.664000000000001,0.0,0.0
:1177211721_3,0.0,13.14,0.0,0.0
:1177211721_4,0.0,28.512,0.0,0.0
:1177211721_5,0.0,28.512,0.0,0.0
:1177211721_6,0.0,11.664000000000001,0.0,0.0
:1177211721_7,0.0,13.14,0.0,0.0
:1177211721_8,0.0,28.512,0.0,0.0
:1177211721_9,0.0,28.512,0.0,0.0
:1177211724_0,0.0,23.184,0.0,0.0
:1177211724_1,0.0,11.664000000000001,0.0,0.0
:1177211724_2,0.0,13.14,0.0,0.0
:1177211724_3,0.0,23.184,0.0,0.0
:1177211724_4,0.0,11.664000000000001,0.0,0.0
:1177211724_5,0.0,13.14,0.0,0.0
:1177211724_6,0.0,23.796,0.0,0.0
:1177211724_7,0.0,23.796,0.0,0.0
:1177211724_8,0.0,79.99199999999999,0.0,0.0
:1177211734_0,0.0,11.664000000000001,0.0,0.0
:1177211734_1,0.0,11.664000000000001,0.0,0.0
:1177211744_0,0.0,10.007999999999997,0.0,0.0
:1177211744_1,0.0,10.007999999999997,0.0,0.0
:1177211747_0,0.0,10.007999999999997,0.0,0.0
:1177211747_1,0.0,10.007999999999997,0.0,0.0
:1177211760_0,0.0,10.007999999999997,0.0,0.0
:1177211760_1,0.0,10.007999999999997,0.0,0.0
:1177211764_0,0.0,11.664000000000001,0.0,0.0
:1177211764_1,0.0,11.664000000000001,0.0,0.0
:1177211768_0,0.0,11.664000000000001,0.0,0.0
:1177211768_1,0.0,11.664000000000001,0.0,0.0
:1177211769_0,0.0,11.664000000000001,0.0,0.0
:1177211769_1,0.0,11.664000000000001,0.0,0.0
:1177211771_0,0.0,27.18,0.0,0.0
:1177211771_1,0.0,27.18,0.0,0.0
:1177211771_10,0.0,11.664000000000001,0.0,0.0
:1177211771_11,0.0,13.14,0.0,0.0
:1177211771_12,0.0,21.348000000000003,0.0,0.0
:1177211771_13,0.0,21.348000000000003,0.0,0.0
:1177211771_14,0.0,11.664000000000001,0.0,0.0
:1177211771_15,0.0,13.14,0.0,0.0
:1177211771_16,0.0,11.664000000000001,0.0,0.0
:1177211771_17,0.0,13.14,0.0,0.0
:1177211771_18,0.0,11.664000000000001,0.0,0.0
:1177211771_19,0.0,13.14,0.0,0.0
:1177211771_2,0.0,11.664000000000001,0.0,0.0
:1177211771_3,0.0,13.14,0.0,0.0
:1177211771_4,0.0,27.18,0.0,0.0
:1177211771_5,0.0,27.18,0.0,0.0
:1177211771_6,0.0,11.664000000000001,0.0,0.0
:1177211771_7,0.0,13.14,0.0,0.0
:1177211771_8,0.0,21.348000000000003,0.0,0.0
:1177211771_9,0.0,21.348000000000003,0.0,0.0
:1177211787_0,0.0,39.995999999999995,0.0,0.0
:1177211787_1,0.0,25.307999999999996,0.0,0.0
:1177211791_0,0.0,39.995999999999995,0.0,0.0
:1177211791_1,0.0,21.852,0.0,0.0
:1177211791_2,0.0,21.852,0.0,0.0
:1177211791_3,0.0,22.032000000000004,0.0,0.0
:1177211791_4,0.0,10.007999999999997,0.0,0.0
:1177211791_5,0.0,10.007999999999997,0.0,0.0
:1177211791_6,0.0,22.032000000000004,0.0,0.0
:1177211791_7,0.0,10.007999999999997,0.0,0.0
:1177211791_8,0.0,10.007999999999997,0.0,0.0
:1177211802_0,0.0,11.664000000000001,0.0,0.0
:1177211802_1,0.0,11.664000000000001,0.0,0.0
:1177211805_0,0.0,11.664000000000001,0.0,0.0
:1177211805_1,0.0,11.664000000000001,0.0,0.0
:1177211818_0,0.0,11.664000000000001,0.0,0.0
:1177211818_1,0.0,11.664000000000001,0.0,0.0
:1177211824_0,0.0,10.007999999999997,0.0,0.0
:1177211824_1,0.0,10.007999999999997,0.0,0.0
:1177211865_0,0.0,22.967999999999996,0.0,0.0
:1177211865_1,0.0,39.995999999999995,0.0,0.0
:1177211875_0,0.0,11.664000000000001,0.0,0.0
:1177211875_1,0.0,11.664000000000001,0.0,0.0
:1177211887_0,0.0,11.664000000000001,0.0,0.0
:1177211887_1,0.0,11.664000000000001,0.0,0.0
:1177211892_0,0.0,11.664000000000001,0.0,0.0
:1177211892_1,0.0,11.664000000000001,0.0,0.0
:1177211896_0,0.0,11.664000000000001,0.0,0.0
:1177211896_1,0.0,11.664000000000001,0.0,0.0
:1177211991_0,0.0,10.007999999999997,0.0,0.0
:1177211991_1,0.0,10.007999999999997,0.0,0.0
:1177211994_0,0.0,11.664000000000001,0.0,0.0
:1177211994_1,0.0,11.664000000000001,0.0,0.0
:1177212010_0,0.0,10.007999999999997,0.0,0.0
:1177212010_1,0.0,10.007999999999997,0.0,0.0
:1177212052_0,0.0,23.148,0.0,0.0
:1177212052_1,0.0,23.148,0.0,0.0
:1177212052_10,0.0,11.664000000000001,0.0,0.0
:1177212052_11,0.0,13.14,0.0,0.0
:1177212052_12,0.0,28.584000000000003,0.0,0.0
:1177212052_13,0.0,28.584000000000003,0.0,0.0
:1177212052_14,0.0,11.664000000000001,0.0,0.0
:1177212052_15,0.0,13.14,0.0,0.0
:1177212052_16,0.0,11.664000000000001,0.0,0.0
:1177212052_17,0.0,13.14,0.0,0.0
:1177212052_18,0.0,11.664000000000001,0.0,0.0
:1177212052_19,0.0,13.14,0.0,0.0
:1177212052_2,0.0,11.664000000000001,0.0,0.0
:1177212052_3,0.0,13.14,0.0,0.0
:1177212052_4,0.0,23.148,0.0,0.0
:1177212052_5,0.0,23.148,0.0,0.0
:1177212052_6,0.0,11.664000000000001,0.0,0.0
:1177212052_7,0.0,13.14,0.0,0.0
:1177212052_8,0.0,28.584000000000003,0.0,0.0
:1177212052_9,0.0,28.584000000000003,0.0,0.0
:1177212061_0,0.0,10.007999999999997,0.0,0.0
:1177212061_1,0.0,10.007999999999997,0.0,0.0
:1177212073_0,0.0,11.664000000000001,0.0,0.0
:1177212073_1,0.0,11.664000000000001,0.0,0.0
:1177212102_0,0.0,11.664000000000001,0.0,0.0
:1177212102_1,0.0,11.664000000000001,0.0,0.0
:1177212108_0,0.0,11.664000000000001,0.0,0.0
:1177212108_1,0.0,11.664000000000001,0.0,0.0
:1177212113_0,0.0,27.324000000000005,0.0,0.0
:1177212131_0,0.0,11.664000000000001,0.0,0.0
:1177212131_1,0.0,11.664000000000001,0.0,0.0
:1177212135_0,0.0,29.016000000000002,0.0,0.0
:1177212135_1,0.0,29.016000000000002,0.0,0.0
:1177212135_10,0.0,11.664000000000001,0.0,0.0
:1177212135_11,0.0,13.14,0.0,0.0
:1177212135_12,0.0,23.579999999999995,0.0,0.0
:1177212135_13,0.0,23.579999999999995,0.0,0.0
:1177212135_14,0.0,11.664000000000001,0.0,0.0
:1177212135_15,0.0,13.14,0.0,0.0
:1177212135_16,0.0,13.14,0.0,0.0
:1177212135_2,0.0,11.664000000000001,0.0,0.0
:1177212135_3,0.0,13.14,0.0,0.0
:1177212135_4,0.0,29.016000000000002,0.0,0.0
:1177212135_5,0.0,29.016000000000002,0.0,0.0
:1177212135_6,0.0,11.664000000000001,0.0,0.0
:1177212135_7,0.0,13.14,0.0,0.0
:1177212135_8,0.0,23.579999999999995,0.0,0.0
:1177212135_9,0.0,23.579999999999995,0.0,0.0
:1177212155_0,0.0,11.664000000000001,0.0,0.0
:1177212155_1,0.0,11.664000000000001,0.0,0.0
:1177531793_0,0.0,10.007999999999997,0.0,0.0
:1177531793_1,0.0,10.007999999999997,0.0,0.0
:1177531809_0,0.0,26.964000000000006,0.0,0.0
:1177531809_1,0.0,26.964000000000006,0.0,0.0
:1177531809_10,0.0,10.007999999999997,0.0,0.0
:1177531809_11,0.0,10.007999999999997,0.0,0.0
:1177531809_12,0.0,21.168000000000003,0.0,0.0
:1177531809_13,0.0,21.168000000000003,0.0,0.0
:1177531809_14,0.0,10.007999999999997,0.0,0.0
:1177531809_15,0.0,10.007999999999997,0.0,0.0
:1177531809_16,0.0,13.14,0.0,0.0
:1177531809_2,0.0,11.664000000000001,0.0,0.0
:1177531809_3,0.0,13.14,0.0,0.0
:1177531809_4,0.0,26.964000000000006,0.0,0.0
:1177531809_5,0.0,26.964000000000006,0.0,0.0
:1177531809_6,0.0,11.664000000000001,0.0,0.0
:1177531809_7,0.0,13.14,0.0,0.0
:1177531809_8,0.0,21.168000000000003,0.0,0.0
:1177531809_9,0.0,21.168000000000003,0.0,0.0
:1177531831_0,0.0,10.007999999999997,0.0,0.0
:1177531831_1,0.0,10.007999999999997,0.0,0.0
:1177654022_0,0.0,11.664000000000001,0.0,0.0
:1177654022_1,0.0,11.664000000000001,0.0,0.0
:1177654091_0,0.0,22.788000000000004,0.0,0.0
:1177654091_1,0.0,22.788000000000004,0.0,0.0
:1177654091_10,0.0,11.664000000000001,0.0,0.0
:1177654091_11,0.0,13.14,0.0,0.0
:1177654091_12,0.0,22.788000000000004,0.0,0.0
:1177654091_13,0.0,22.788000000000004,0.0,0.0
:1177654091_14,0.0,10.007999999999997,0.0,0.0
:1177654091_15,0.0,10.007999999999997,0.0,0.0
:1177654091_16,0.0,13.14,0.0,0.0
:1177654091_2,0.0,10.007999999999997,0.0,0.0
:1177654091_3,0.0,10.007999999999997,0.0,0.0
:1177654091_4,0.0,28.259999999999998,0.0,0.0
:1177654091_5,0.0,28.259999999999998,0.0,0.0
:1177654091_6,0.0,11.664000000000001,0.0,0.0
:1177654091_7,0.0,13.14,0.0,0.0
:1177654091_8,0.0,28.259999999999998,0.0,0.0
:1177654091_9,0.0,28.259999999999998,0.0,0.0
:1177654105_0,0.1,11.365457728341452,0.0,0.036980779296728494
:1177654105_1,0.0,11.664000000000001,0.0,0.07496202174581076
:1177654184_0,0.0,11.664000000000001,0.0,0.0
:1177654184_1,0.0,11.664000000000001,0.0,0.0
:1177654292_0,0.0,11.664000000000001,0.0,0.0
:1177654292_1,0.0,11.664000000000001,0.0,0.0
:1177654315_0,0.0,11.664000000000001,0.0,0.0
:1177654315_1,0.0,11.664000000000001,0.0,0.0
:1177654381_0,0.0,11.664000000000001,0.0,0.0
:1177654381_1,0.0,11.664000000000001,0.0,0.0
:1177654386_0,0.0,100.00800000000002,0.0,0.0
:1177654386_2,0.0,22.284,0.0,0.0
:1177654386_3,0.0,22.284,0.0,0.0
:1177654386_4,0.0,21.744,0.0,0.0
:1177654386_5,0.0,10.007999999999997,0.0,0.0
:1177654386_6,0.0,10.007999999999997,0.0,0.0
:1177654386_7,0.0,21.744,0.0,0.0
:1177654386_8,0.0,10.007999999999997,0.0,0.0
:1177654386_9,0.0,10.007999999999997,0.0,0.0
:1177654389_0,0.0,100.00800000000002,0.0,0.0
:1177654389_2,0.0,22.752000000000006,0.0,0.0
:1177654389_3,0.0,22.752000000000006,0.0,0.0
:1177654389_4,0.0,21.528,0.0,0.0
:1177654389_5,0.0,11.664000000000001,0.0,0.0
:1177654389_6,0.0,13.14,0.0,0.0
:1177654389_7,0.0,21.528,0.0,0.0
:1177654389_8,0.0,11.664000000000001,0.0,0.0
:1177654389_9,0.0,13.14,0.0,0.0
:1177654436_0,0.0,11.664000000000001,0.0,0.0
:1177654436_1,0.0,11.664000000000001,0.0,0.0
:1177654514_0,0.0,11.664000000000001,0.0,0.0
:1177654514_1,0.0,11.664000000000001,0.0,0.0
:1177654551_0,0.0,11.664000000000001,0.0,0.0
:1177654551_1,0.0,11.664000000000001,0.0,0.0
:1177654555_0,0.0,11.664000000000001,0.0,0.0
:1177654555_1,0.0,11.664000000000001,0.0,0.0
:1177654638_0,0.0,10.007999999999997,0.0,0.0
:1177654638_1,0.0,10.007999999999997,0.0,0.0
:1177654657_0,0.0,11.664000000000001,0.0,0.0
:1177654657_1,0.0,11.664000000000001,0.0,0.0
:1177654695_0,0.0,28.115999999999993,0.0,0.0
:1177654695_1,0.0,28.115999999999993,0.0,0.0
:1177654695_10,0.0,11.664000000000001,0.0,0.06069215958661667
:1177654695_11,0.0,13.14,0.0,0.0
:1177654695_12,0.1,27.692308838595835,3442.872853014024,0.028835510532004217
:1177654695_13,0.0,28.115999999999993,0.0,0.0
:1177654695_14,0.0,11.664000000000001,0.0,0.0
:1177654695_15,0.0,13.14,0.0,0.0
:1177654695_16,0.0,11.664000000000001,0.0,0.0
:1177654695_17,0.0,13.14,0.0,0.0
:1177654695_18,0.0,11.664000000000001,0.0,0.0
:1177654695_19,0.0,13.14,0.0,0.0
:1177654695_2,0.0,11.664000000000001,0.0,0.0
:1177654695_3,0.0,13.14,0.0,0.0
:1177654695_4,0.0,22.608,0.0,0.0
:1177654695_5,0.1,22.234852212034145,0.0,0.049325401889306654
:1177654695_6,0.0,11.664000000000001,0.0,0.0
:1177654695_7,0.0,13.14,0.0,0.0
:1177654695_8,0.0,22.608,0.0,0.003848444454350554
:1177654695_9,0.0,22.608,0.0,0.0
:1177654861_0,0.0,21.312000000000005,0.0,0.0
:1177654861_1,0.0,11.664000000000001,0.0,0.0
:1177654861_2,0.0,13.14,0.0,0.0
:1177654861_3,0.0,39.995999999999995,0.0,0.0
:1177654861_5,0.0,23.759999999999994,0.0,0.0
:1177654861_6,0.0,23.759999999999994,0.0,0.0
:1177654861_7,0.0,21.312000000000005,0.0,0.0
:1177654861_8,0.0,11.664000000000001,0.0,0.0
:1177654861_9,0.0,13.14,0.0,0.0
:1177654924_0,0.0,11.664000000000001,0.0,0.10834564139060392
:1177654924_1,0.0,11.664000000000001,0.0,0.0
:1177654943_0,0.1,11.433650760869744,0.0,0.037648913895155345
:1177654943_1,0.0,11.664000000000001,0.0,0.0
:1177655100_0,0.0,23.579999999999995,0.0,0.0
:1177655100_1,0.0,23.579999999999995,0.0,0.0
:1177655100_10,0.0,13.14,0.0,0.0
:1177655100_11,0.0,79.99199999999999,0.0,0.0
:1177655100_12,0.0,79.99199999999999,0.0,0.0
:1177655100_13,0.0,25.848000000000006,0.0,0.0
:1177655100_14,0.0,11.664000000000001,0.0,0.0
:1177655100_15,0.0,13.14,0.0,0.0
:1177655100_16,0.0,23.04,0.0,0.0
:1177655100_17,0.0,79.99199999999999,0.0,0.0
:1177655100_18,0.0,79.99199999999999,0.0,0.0
:1177655100_19,0.0,11.664000000000001,0.0,0.0
:1177655100_2,0.0,100.00800000000002,0.0,0.0
:1177655100_20,0.0,13.14,0.0,0.0
:1177655100_21,0.0,23.04,0.0,0.0
:1177655100_22,0.0,79.99199999999999,0.0,0.0
:1177655100_23,0.0,79.99199999999999,0.0,0.0
:1177655100_24,0.0,11.664000000000001,0.0,0.0
:1177655100_25,0.0,13.14,0.0,0.0
:1177655100_4,0.0,27.936,0.0,0.0
:1177655100_5,0.0,27.936,0.0,0.0
:1177655100_6,0.0,79.99199999999999,0.0,0.0
:1177655100_7,0.0,79.99199999999999,0.0,0.0
:1177655100_8,0.0,25.848000000000006,0.0,0.0
:1177655100_9,0.0,11.664000000000001,0.0,0.0
:1177655173_0,0.0,11.664000000000001,0.0,0.0
:1177655173_1,0.0,11.664000000000001,0.0,0.0
:1177655232_0,0.0,79.99199999999999,0.0,0.0
:1177655232_1,0.0,79.99199999999999,0.0,0.0
:1177655232_10,0.0,20.952,0.0,0.0
:1177655232_11,0.0,79.99199999999999,0.0,0.0
:1177655232_12,0.0,79.99199999999999,0.0,0.0
:1177655232_13,0.0,11.664000000000001,0.0,0.0
:1177655232_14,0.0,13.14,0.0,0.0
:1177655232_15,0.0,20.952,0.0,0.0
:1177655232_16,0.0,79.99199999999999,0.0,0.0
:1177655232_17,0.0,79.99199999999999,0.0,0.0
:1177655232_18,0.0,11.664000000000001,0.0,0.0
:1177655232_19,0.0,13.14,0.0,0.0
:1177655232_2,0.0,25.92000000000001,0.0,0.0
:1177655232_20,0.0,19.008000000000006,0.0,0.0
:1177655232_21,0.0,19.008000000000006,0.0,0.0
:1177655232_22,0.0,39.995999999999995,0.0,0.0
:1177655232_24,0.0,27.612000000000002,0.0,0.0
:1177655232_25,0.0,27.612000000000002,0.0,0.0
:1177655232_3,0.0,11.664000000000001,0.0,0.0
:1177655232_4,0.0,13.14,0.0,0.0
:1177655232_5,0.0,79.99199999999999,0.0,0.0
:1177655232_6,0.0,79.99199999999999,0.0,0.0
:1177655232_7,0.0,25.92000000000001,0.0,0.0
:1177655232_8,0.0,11.664000000000001,0.0,0.0
:1177655232_9,0.0,13.14,0.0,0.0
:1177655241_0,0.0,39.276,0.0,0.0
:1177655241_1,0.0,39.276,0.0,0.0
:1177655241_10,0.0,11.664000000000001,0.0,0.0
:1177655241_11,0.0,13.14,0.0,0.0
:1177655241_12,0.0,39.276,0.0,0.0
:1177655241_13,0.0,39.276,0.0,0.0
:1177655241_14,0.0,11.664000000000001,0.0,0.0
:1177655241_15,0.0,13.14,0.0,0.0
:1177655241_16,0.0,11.664000000000001,0.0,0.0
:1177655241_17,0.0,13.14,0.0,0.0
:1177655241_18,0.0,11.664000000000001,0.0,0.0
:1177655241_19,0.0,13.14,0.0,0.0
:1177655241_2,0.0,11.664000000000001,0.0,0.0
:1177655241_3,0.0,13.14,0.0,0.0
:1177655241_4,0.0,32.904,0.0,0.0
:1177655241_5,0.0,32.904,0.0,0.0
:1177655241_6,0.0,11.664000000000001,0.0,0.0
:1177655241_7,0.0,13.14,0.0,0.0
:1177655241_8,0.0,32.904,0.0,0.0
:1177655241_9,0.0,32.904,0.0,0.0
:1177655325_0,0.0,10.007999999999997,0.0,0.0
:1177655325_1,0.0,10.007999999999997,0.0,0.0
:1177655329_0,0.0,39.995999999999995,0.0,0.0
:1177655329_2,0.0,23.04,0.0,0.0
:1177725462_0,0.0,24.732,0.0,0.0
:1177725462_2,0.0,100.00800000000002,0.0,0.0
:1177725562_0,0.0,21.599999999999998,0.0,0.0
:1177725562_1,0.0,21.599999999999998,0.0,0.0
:1177725562_2,0.0,11.664000000000001,0.0,0.0
:1177725562_3,0.0,13.14,0.0,0.0
:1177725562_4,0.0,11.664000000000001,0.0,0.0
:1177725562_5,0.0,13.14,0.0,0.0
:1177725774_0,0.0,10.007999999999997,0.0,0.0
:1177725774_1,0.0,10.007999999999997,0.0,0.0
:1177726486_0,0.0,26.711999999999996,0.0,0.0
:1177726486_1,0.0,45.93599999999999,0.0,0.0
:1177726558_0,0.0,28.764000000000003,0.0,0.0
:1177726558_1,0.0,11.664000000000001,0.0,0.0
:1177726558_2,0.0,13.14,0.0,0.0
:1177726558_3,0.0,20.771999999999995,0.0,0.0
:1177726558_4,0.0,20.771999999999995,0.0,0.0
:1177726558_5,0.0,100.00800000000002,0.0,0.0
:1177726558_6,0.0,28.764000000000003,0.0,0.0
:1177726558_7,0.0,11.664000000000001,0.0,0.0
:1177726558_8,0.0,13.14,0.0,0.0
:1177726558_9,0.0,13.14,0.0,0.0
:1177815033_0,0.0,30.024,0.0,0.0
:1177815033_1,0.0,30.024,0.0,0.0
:1177815033_10,0.0,11.664000000000001,0.0,0.0
:1177815033_11,0.0,13.14,0.0,0.0
:1177815033_12,0.0,20.735999999999997,0.0,0.0
:1177815033_13,0.0,20.735999999999997,0.0,0.0
:1177815033_14,0.0,31.788000000000004,0.0,0.0
:1177815033_15,0.0,31.788000000000004,0.0,0.0
:1177815033_16,0.0,11.664000000000001,0.0,0.0
:1177815033_17,0.0,13.14,0.0,0.0
:1177815033_18,0.0,26.892000000000003,0.0,0.0
:1177815033_19,0.0,26.892000000000003,0.0,0.0
:1177815033_2,0.0,26.639999999999993,0.0,0.0
:1177815033_20,0.0,30.024,0.0,0.0
:1177815033_21,0.0,30.024,0.0,0.0
:1177815033_22,0.0,11.664000000000001,0.0,0.0
:1177815033_23,0.0,13.14,0.0,0.0
:1177815033_24,0.0,26.892000000000003,0.0,0.0
:1177815033_25,0.0,26.892000000000003,0.0,0.0
:1177815033_26,0.0,30.024,0.0,0.0
:1177815033_27,0.0,30.024,0.0,0.0
:1177815033_28,0.0,11.664000000000001,0.0,0.0
:1177815033_29,0.0,13.14,0.0,0.0
:1177815033_3,0.0,26.639999999999993,0.0,0.0
:1177815033_30,0.0,30.024,0.0,0.0
:1177815033_31,0.0,30.024,0.0,0.0
:1177815033_32,0.0,26.639999999999993,0.0,0.0
:1177815033_33,0.0,26.639999999999993,0.0,0.0
:1177815033_34,0.0,10.007999999999997,0.0,0.0
:1177815033_35,0.0,10.007999999999997,0.0,0.0
:1177815033_36,0.0,13.14,0.0,0.0
:1177815033_4,0.0,10.007999999999997,0.0,0.0
:1177815033_5,0.0,10.007999999999997,0.0,0.0
:1177815033_6,0.0,20.735999999999997,0.0,0.0
:1177815033_7,0.0,20.735999999999997,0.0,0.0
:1177815033_8,0.0,31.788000000000004,0.0,0.0
:1177815033_9,0.0,31.788000000000004,0.0,0.0
:1177815039_0,0.0,31.607999999999997,0.0,0.0
:1177815039_1,0.0,70.02,0.0,0.0
:1177815039_10,0.0,11.664000000000001,0.0,0.0
:1177815039_11,0.0,13.14,0.0,0.0
:1177815039_12,0.0,21.455999999999996,0.0,0.0
:1177815039_13,0.0,21.455999999999996,0.0,0.0
:1177815039_14,0.0,100.00800000000002,0.0,0.0
:1177815039_15,0.0,34.95600000000001,0.0,0.0
:1177815039_16,0.0,34.95600000000001,0.0,0.0
:1177815039_17,0.0,70.02,0.0,0.0
:1177815039_18,0.0,70.02,0.0,0.0
:1177815039_20,0.0,27.612000000000002,0.0,0.0
:1177815039_21,0.0,11.664000000000001,0.0,0.0
:1177815039_22,0.0,13.14,0.0,0.0
:1177815039_23,0.0,70.02,0.0,0.0
:1177815039_24,0.0,70.02,0.0,0.0
:1177815039_26,0.0,27.612000000000002,0.0,0.0
:1177815039_27,0.0,11.664000000000001,0.0,0.0
:1177815039_28,0.0,13.14,0.0,0.0
:1177815039_29,0.0,13.14,0.0,0.0
:1177815039_3,0.0,70.02,0.0,0.0
:1177815039_4,0.0,11.664000000000001,0.0,0.0
:1177815039_5,0.0,13.14,0.0,0.0
:1177815039_6,0.0,31.607999999999997,0.0,0.0
:1177815039_7,0.0,70.02,0.0,0.0
:1177815039_9,0.0,70.02,0.0,0.0
:1177815046_0,0.0,10.007999999999997,0.0,0.0
:1177815046_1,0.0,10.007999999999997,0.0,0.0
:1177815075_0,0.0,11.664000000000001,0.0,0.0
:1177815075_1,0.0,11.664000000000001,0.0,0.0
:1177815263_0,0.0,11.664000000000001,0.0,0.0
:1177815263_1,0.0,11.664000000000001,0.0,0.0
:1177815291_0,0.0,11.664000000000001,0.0,0.0
:1177815291_1,0.0,11.664000000000001,0.0,0.0
:1177815295_0,0.0,11.664000000000001,0.0,0.0
:1177815295_1,0.0,11.664000000000001,0.0,0.0
:1177815337_0,0.0,29.916000000000004,0.0,0.0
:1177815337_1,0.0,29.916000000000004,0.0,0.0
:1177815337_10,0.0,11.664000000000001,0.0,0.0
:1177815337_11,0.0,13.14,0.0,0.0
:1177815337_12,0.0,23.759999999999994,0.0,0.0
:1177815337_13,0.0,23.759999999999994,0.0,0.0
:1177815337_14,0.0,11.664000000000001,0.0,0.0
:1177815337_15,0.0,13.14,0.0,0.0
:1177815337_16,0.0,11.664000000000001,0.0,0.0
:1177815337_17,0.0,13.14,0.0,0.0
:1177815337_18,0.0,11.664000000000001,0.0,0.0
:1177815337_19,0.0,13.14,0.0,0.0
:1177815337_2,0.0,11.664000000000001,0.0,0.0
:1177815337_3,0.0,13.14,0.0,0.0
:1177815337_4,0.0,29.916000000000004,0.0,0.0
:1177815337_5,0.0,29.916000000000004,0.0,0.0
:1177815337_6,0.0,11.664000000000001,0.0,0.0
:1177815337_7,0.0,13.14,0.0,0.0
:1177815337_8,0.0,23.759999999999994,0.0,0.0
:1177815337_9,0.0,23.759999999999994,0.0,0.0
:1177815360_0,0.0,11.664000000000001,0.0,0.0
:1177815360_1,0.0,11.664000000000001,0.0,0.0
:1177815361_0,0.0,11.664000000000001,0.0,0.0
:1177815361_1,0.0,11.664000000000001,0.0,0.0
:1177815390_0,0.0,11.664000000000001,0.0,0.0
:1177815390_1,0.0,11.664000000000001,0.0,0.0
:1177815395_0,0.0,11.664000000000001,0.0,0.0
:1177815395_1,0.0,11.664000000000001,0.0,0.0
:1177815412_0,0.0,23.364,0.0,0.0
:1177815412_1,0.0,11.664000000000001,0.0,0.0
:1177815412_2,0.0,13.14,0.0,0.0
:1177815412_3,0.0,23.651999999999997,0.0,0.0
:1177815412_4,0.0,23.651999999999997,0.0,0.0
:1177815412_5,0.0,100.00800000000002,0.0,0.0
:1177815412_6,0.0,23.364,0.0,0.0
:1177815412_7,0.0,11.664000000000001,0.0,0.0
:1177815412_8,0.0,13.14,0.0,0.0
:1177815447_0,0.0,24.192000000000004,0.0,0.0
:1177815447_1,0.0,11.664000000000001,0.0,0.0
:1177815447_2,0.0,13.14,0.0,0.0
:1177815447_3,0.0,18.756,0.0,0.0
:1177815447_4,0.0,18.756,0.0,0.0
:1177815447_5,0.0,39.995999999999995,0.0,0.0
:1177815447_7,0.0,21.348000000000003,0.0,0.0
:1177815447_8,0.0,11.664000000000001,0.0,0.0
:1177815447_9,0.0,13.14,0.0,0.0
:1177815490_0,0.0,11.664000000000001,0.0,0.0
:1177815490_1,0.0,11.664000000000001,0.0,0.0
:1177815505_0,0.0,11.664000000000001,0.0,0.0
:1177815505_1,0.0,11.664000000000001,0.0,0.0
:1177815561_0,0.0,29.52,0.0,0.0
:1177815561_1,0.0,25.668,0.0,0.0
:1177815561_2,0.0,25.668,0.0,0.0
:1177815561_3,0.0,79.99199999999999,0.0,0.0
:1177815561_4,0.0,11.664000000000001,0.0,0.0
:1177815561_5,0.0,13.14,0.0,0.0
:1177815561_6,0.0,79.99199999999999,0.0,0.0
:1177815561_7,0.0,11.664000000000001,0.0,0.0
:1177815561_8,0.0,13.14,0.0,0.0
:1177815561_9,0.0,13.14,0.0,0.0
:1177815572_0,0.0,28.223999999999997,0.0,0.0
:1177815572_1,0.0,28.223999999999997,0.0,0.0
:1177815572_10,0.0,10.007999999999997,0.0,0.0
:1177815572_11,0.0,10.007999999999997,0.0,0.0
:1177815572_12,0.0,22.716,0.0,0.0
:1177815572_13,0.0,22.716,0.0,0.0
:1177815572_14,0.0,10.007999999999997,0.0,0.0
:1177815572_15,0.0,10.007999999999997,0.0,0.0
:1177815572_16,0.0,13.14,0.0,0.0
:1177815572_2,0.0,11.664000000000001,0.0,0.0
:1177815572_3,0.0,13.14,0.0,0.0
:1177815572_4,0.0,28.223999999999997,0.0,0.0
:1177815572_5,0.0,28.223999999999997,0.0,0.0
:1177815572_6,0.0,11.664000000000001,0.0,0.0
:1177815572_7,0.0,13.14,0.0,0.0
:1177815572_8,0.0,22.716,0.0,0.0
:1177815572_9,0.0,22.716,0.0,0.0
:1177815588_0,0.0,11.664000000000001,0.0,0.0
:1177815588_1,0.0,11.664000000000001,0.0,0.0
:1177815602_0,0.0,11.664000000000001,0.0,0.0
:1177815602_1,0.0,11.664000000000001,0.0,0.0
:1177815626_0,0.0,10.007999999999997,0.0,0.0
:1177815626_1,0.0,10.007999999999997,0.0,0.0
:1177815647_0,0.0,11.664000000000001,0.0,0.0
:1177815647_1,0.0,11.664000000000001,0.0,0.0
:1177815652_0,0.0,11.664000000000001,0.0,0.0
:1177815652_1,0.0,11.664000000000001,0.0,0.0
:1177815761_0,0.0,11.664000000000001,0.0,0.0
:1177815761_1,0.0,11.664000000000001,0.0,0.0
:1177815769_0,0.0,11.664000000000001,0.0,0.0
:1177815769_1,0.1,11.573694791584384,0.0,0.08261681302148449
:1177815792_0,0.0,35.42399999999999,0.0,0.0
:1177815792_1,0.0,35.42399999999999,0.0,0.0
:1177815792_10,0.0,62.315999999999995,0.0,0.0
:1177815792_11,0.0,62.315999999999995,0.0,0.0
:1177815792_12,0.0,26.639999999999993,0.0,0.0
:1177815792_13,0.0,26.639999999999993,0.0,0.0
:1177815792_14,0.0,11.664000000000001,0.0,0.0
:1177815792_15,0.0,13.14,0.0,0.0
:1177815792_16,0.0,20.340000000000003,0.0,0.0
:1177815792_17,0.0,20.340000000000003,0.0,0.0
:1177815792_18,0.0,30.024,0.0,0.0
:1177815792_19,0.0,30.024,0.0,0.0
:1177815792_2,0.0,62.315999999999995,0.0,0.0
:1177815792_20,0.0,30.276000000000003,0.0,0.0
:1177815792_21,0.0,30.276000000000003,0.0,0.0
:1177815792_22,0.0,10.007999999999997,0.0,0.0
:1177815792_23,0.0,10.007999999999997,0.0,0.0
:1177815792_24,0.0,20.340000000000003,0.0,0.0
:1177815792_25,0.0,20.340000000000003,0.0,0.0
:1177815792_26,0.0,30.024,0.0,0.0
:1177815792_27,0.0,30.024,0.0,0.0
:1177815792_28,0.0,30.276000000000003,0.0,0.0
:1177815792_29,0.0,30.276000000000003,0.0,0.0
:1177815792_3,0.0,62.315999999999995,0.0,0.0
:1177815792_30,0.0,10.007999999999997,0.0,0.0
:1177815792_31,0.0,10.007999999999997,0.0,0.0
:1177815792_32,0.0,25.235999999999997,0.0,0.0
:1177815792_33,0.0,25.235999999999997,0.0,0.0
:1177815792_34,0.0,59.004000000000005,0.0,0.0
:1177815792_35,0.0,59.004000000000005,0.0,0.0
:1177815792_36,0.0,29.663999999999994,0.0,0.0
:1177815792_37,0.0,29.663999999999994,0.0,0.0
:1177815792_38,0.0,11.664000000000001,0.0,0.0
:1177815792_39,0.0,13.14,0.0,0.0
:1177815792_4,0.0,26.639999999999993,0.0,0.0
:1177815792_40,0.0,25.235999999999997,0.0,0.0
:1177815792_41,0.0,25.235999999999997,0.0,0.0
:1177815792_42,0.0,59.004000000000005,0.0,0.0
:1177815792_43,0.0,59.004000000000005,0.0,0.0
:1177815792_44,0.0,29.663999999999994,0.0,0.0
:1177815792_45,0.0,29.663999999999994,0.0,0.0
:1177815792_46,0.0,11.664000000000001,0.0,0.0
:1177815792_47,0.0,13.14,0.0,0.0
:1177815792_48,0.0,24.443999999999996,0.0,0.0
:1177815792_49,0.0,24.443999999999996,0.0,0.0
:1177815792_5,0.0,26.639999999999993,0.0,0.0
:1177815792_50,0.0,30.024,0.0,0.0
:1177815792_51,0.0,30.024,0.0,0.0
:1177815792_52,0.0,39.45600000000001,0.0,0.0
:1177815792_53,0.0,39.45600000000001,0.0,0.0
:1177815792_54,0.0,11.664000000000001,0.0,0.0
:1177815792_55,0.0,13.14,0.0,0.0
:1177815792_56,0.0,24.443999999999996,0.0,0.0
:1177815792_57,0.0,24.443999999999996,0.0,0.0
:1177815792_58,0.0,30.024,0.0,0.0
:1177815792_59,0.0,30.024,0.0,0.0
:1177815792_6,0.0,11.664000000000001,0.0,0.0
:1177815792_60,0.0,39.45600000000001,0.0,0.0
:1177815792_61,0.0,39.45600000000001,0.0,0.0
:1177815792_62,0.0,11.664000000000001,0.0,0.0
:1177815792_63,0.0,13.14,0.0,0.0
:1177815792_64,0.0,26.639999999999993,0.0,0.0
:1177815792_65,0.0,26.639999999999993,0.0,0.0
:1177815792_66,0.0,11.664000000000001,0.0,0.0
:1177815792_67,0.0,13.14,0.0,0.0
:1177815792_68,0.0,29.663999999999994,0.0,0.0
:1177815792_69,0.0,29.663999999999994,0.0,0.0
:1177815792_7,0.0,13.14,0.0,0.0
:1177815792_70,0.0,11.664000000000001,0.0,0.0
:1177815792_71,0.0,13.14,0.0,0.0
:1177815792_8,0.0,35.42399999999999,0.0,0.0
:1177815792_9,0.0,35.42399999999999,0.0,0.0
:1177815793_0,0.0,11.664000000000001,0.0,0.0
:1177815793_1,0.0,11.664000000000001,0.0,0.0
:1177815797_0,0.0,100.00800000000002,0.0,0.0
:1177815797_1,0.0,22.860000000000003,0.0,0.0
:1177815797_2,0.0,22.860000000000003,0.0,0.0
:1177815797_3,0.0,21.563999999999997,0.0,0.0
:1177815797_4,0.0,11.664000000000001,0.0,0.0
:1177815797_5,0.0,13.14,0.0,0.0
:1177815797_6,0.0,21.563999999999997,0.0,0.0
:1177815797_7,0.0,11.664000000000001,0.0,0.0
:1177815797_8,0.0,13.14,0.0,0.0
:1177815798_0,0.0,11.664000000000001,0.0,0.0
:1177815798_1,0.0,11.664000000000001,0.0,0.0
:1177815815_0,0.0,11.664000000000001,0.0,0.0
:1177815815_1,0.0,11.664000000000001,0.0,0.0
:1177815849_0,0.0,11.664000000000001,0.0,0.0
:1177815849_1,0.0,11.664000000000001,0.0,0.0
:1177815874_0,0.0,11.664000000000001,0.0,0.0
:1177815874_1,0.1,11.549866404367702,0.0,0.2785319294241891
:1177815881_0,0.0,11.664000000000001,0.0,0.0
:1177815881_1,0.0,11.664000000000001,0.0,0.0
:1177815886_0,0.0,10.007999999999997,0.0,0.0
:1177815886_1,0.0,10.007999999999997,0.0,0.0
:1177815931_0,0.0,28.836000000000006,0.0,0.0
:1177815931_1,0.0,28.836000000000006,0.0,0.0
:1177815931_10,0.0,11.664000000000001,0.0,0.0
:1177815931_11,0.0,13.14,0.0,0.0
:1177815931_12,0.0,28.836000000000006,0.0,0.0
:1177815931_13,0.0,28.836000000000006,0.0,0.0
:1177815931_14,0.0,11.664000000000001,0.0,0.0
:1177815931_15,0.0,13.14,0.0,0.0
:1177815931_16,0.0,11.664000000000001,0.0,0.0
:1177815931_17,0.0,13.14,0.0,0.0
:1177815931_18,0.0,11.664000000000001,0.0,0.0
:1177815931_19,0.0,13.14,0.0,0.0
:1177815931_2,0.0,11.664000000000001,0.0,0.0
:1177815931_3,0.0,13.14,0.0,0.0
:1177815931_4,0.0,23.436000000000003,0.0,0.0
:1177815931_5,0.0,23.436000000000003,0.0,0.0
:1177815931_6,0.0,11.664000000000001,0.0,0.0
:1177815931_7,0.0,13.14,0.0,0.0
:1177815931_8,0.0,23.436000000000003,0.0,0.0
:1177815931_9,0.0,23.436000000000003,0.0,0.0
:1177815933_0,0.0,23.472,0.0,0.0
:1177815933_1,0.0,11.664000000000001,0.0,0.0
:1177815933_2,0.0,13.14,0.0,0.0
:1177815933_3,0.0,23.472,0.0,0.0
:1177815933_4,0.0,11.664000000000001,0.0,0.0
:1177815933_5,0.0,13.14,0.0,0.0
:1177815933_6,0.0,13.14,0.0,0.0
:1177815939_0,0.0,100.00800000000002,0.0,0.0
:1177815939_2,0.0,22.464000000000002,0.0,0.0
:1177815939_3,0.0,22.464000000000002,0.0,0.0
:1177815939_4,0.0,21.491999999999997,0.0,0.0
:1177815939_5,0.0,11.664000000000001,0.0,0.0
:1177815939_6,0.0,13.14,0.0,0.0
:1177815939_7,0.0,21.491999999999997,0.0,0.0
:1177815939_8,0.0,11.664000000000001,0.0,0.0
:1177815939_9,0.0,13.14,0.0,0.0
:1177815969_0,0.0,11.664000000000001,0.0,0.0
:1177815969_1,0.0,11.664000000000001,0.0,0.0
:1177815977_0,0.0,64.98,0.0,0.0
:1177815977_1,0.0,64.98,0.0,0.0
:1177815977_10,0.0,11.664000000000001,0.0,0.0
:1177815977_11,0.0,13.14,0.0,0.0
:1177815977_12,0.0,64.98,0.0,0.0
:1177815977_13,0.0,64.98,0.0,0.0
:1177815977_14,0.0,11.664000000000001,0.0,0.0
:1177815977_15,0.0,13.14,0.0,0.0
:1177815977_16,0.0,13.14,0.0,0.0
:1177815977_2,0.0,11.664000000000001,0.0,0.0
:1177815977_3,0.0,13.14,0.0,0.0
:1177815977_4,0.0,64.98,0.0,0.0
:1177815977_5,0.0,64.98,0.0,0.0
:1177815977_6,0.0,11.664000000000001,0.0,0.0
:1177815977_7,0.0,13.14,0.0,0.0
:1177815977_8,0.0,64.98,0.0,0.0
:1177815977_9,0.0,64.98,0.0,0.0
:1177815999_0,0.0,11.664000000000001,0.0,0.0
:1177815999_1,0.0,11.664000000000001,0.0,0.0
:1177816016_0,0.0,10.007999999999997,0.0,0.0
:1177816016_1,0.0,10.007999999999997,0.0,0.0
:1177816023_0,0.0,50.00400000000001,0.0,0.0
:1177816023_1,0.0,50.00400000000001,0.0,0.0
:1177816023_10,0.0,11.664000000000001,0.0,0.0
:1177816023_11,0.0,13.14,0.0,0.0
:1177816023_12,0.0,50.00400000000001,0.0,0.0
:1177816023_13,0.0,50.00400000000001,0.0,0.0
:1177816023_14,0.0,11.664000000000001,0.0,0.0
:1177816023_15,0.0,13.14,0.0,0.0
:1177816023_16,0.0,11.664000000000001,0.0,0.0
:1177816023_17,0.0,13.14,0.0,0.0
:1177816023_18,0.0,11.664000000000001,0.0,0.0
:1177816023_19,0.0,13.14,0.0,0.0
:1177816023_2,0.0,11.664000000000001,0.0,0.0
:1177816023_3,0.0,13.14,0.0,0.0
:1177816023_4,0.0,50.00400000000001,0.0,0.0
:1177816023_5,0.0,50.00400000000001,0.0,0.0
:1177816023_6,0.0,11.664000000000001,0.0,0.0
:1177816023_7,0.0,13.14,0.0,0.0
:1177816023_8,0.0,50.00400000000001,0.0,0.0
:1177816023_9,0.0,50.00400000000001,0.0,0.0
:1177816038_0,0.0,100.00800000000002,0.0,0.0
:1177816038_2,0.0,25.668,0.0,0.0
:1177816040_0,0.0,11.664000000000001,0.0,0.0
:1177816040_1,0.0,11.664000000000001,0.0,0.0
:1177816046_0,0.0,10.007999999999997,0.0,0.0
:1177816046_1,0.0,10.007999999999997,0.0,0.0
:1177816048_0,0.0,28.404000000000003,0.0,0.0
:1177816048_1,0.0,28.404000000000003,0.0,0.0
:1177816048_10,0.0,11.664000000000001,0.0,0.0
:1177816048_11,0.0,13.14,0.0,0.0
:1177816048_12,0.0,28.404000000000003,0.0,0.0
:1177816048_13,0.0,28.404000000000003,0.0,0.0
:1177816048_14,0.0,11.664000000000001,0.0,0.0
:1177816048_15,0.0,13.14,0.0,0.0
:1177816048_16,0.0,11.664000000000001,0.0,0.0
:1177816048_17,0.0,13.14,0.0,0.0
:1177816048_18,0.0,11.664000000000001,0.0,0.0
:1177816048_19,0.0,13.14,0.0,0.0
:1177816048_2,0.0,11.664000000000001,0.0,0.0
:1177816048_3,0.0,13.14,0.0,0.0
:1177816048_4,0.0,22.932000000000006,0.0,0.0
:1177816048_5,0.0,22.932000000000006,0.0,0.0
:1177816048_6,0.0,11.664000000000001,0.0,0.0
:1177816048_7,0.0,13.14,0.0,0.0
:1177816048_8,0.0,22.932000000000006,0.0,0.0
:1177816048_9,0.0,22.932000000000006,0.0,0.0
:1177816052_0,0.0,11.664000000000001,0.0,0.0
:1177816052_1,0.0,11.664000000000001,0.0,0.0
:1177816071_0,0.0,28.692,0.0,0.0
:1177816071_1,0.0,28.692,0.0,0.0
:1177816071_10,0.0,11.664000000000001,0.0,0.0
:1177816071_11,0.0,13.14,0.0,0.0
:1177816071_12,0.0,28.692,0.0,0.0
:1177816071_13,0.0,28.692,0.0,0.0
:1177816071_14,0.0,11.664000000000001,0.0,0.0
:1177816071_15,0.0,13.14,0.0,0.0
:1177816071_16,0.0,11.664000000000001,0.0,0.0
:1177816071_17,0.0,13.14,0.0,0.0
:1177816071_18,0.0,11.664000000000001,0.0,0.0
:1177816071_19,0.0,13.14,0.0,0.0
:1177816071_2,0.0,11.664000000000001,0.0,0.0
:1177816071_3,0.0,13.14,0.0,0.0
:1177816071_4,0.0,23.291999999999998,0.0,0.0
:1177816071_5,0.0,23.291999999999998,0.0,0.0
:1177816071_6,0.0,11.664000000000001,0.0,0.0
:1177816071_7,0.0,13.14,0.0,0.0
:1177816071_8,0.0,23.291999999999998,0.0,0.0
:1177816071_9,0.0,23.291999999999998,0.0,0.0
:1177816086_0,0.0,50.00400000000001,0.0,0.0
:1177816086_1,0.0,50.00400000000001,0.0,0.0
:1177816086_10,0.0,11.664000000000001,0.0,0.0
:1177816086_11,0.0,13.14,0.0,0.0
:1177816086_12,0.0,50.00400000000001,0.0,0.0
:1177816086_13,0.0,50.00400000000001,0.0,0.0
:1177816086_14,0.0,11.664000000000001,0.0,0.0
:1177816086_15,0.0,13.14,0.0,0.0
:1177816086_16,0.0,50.00400000000001,0.0,0.0
:1177816086_17,0.0,50.00400000000001,0.0,0.0
:1177816086_18,0.0,11.664000000000001,0.0,0.0
:1177816086_19,0.0,13.14,0.0,0.0
:1177816086_2,0.0,11.664000000000001,0.0,0.0
:1177816086_3,0.0,13.14,0.0,0.0
:1177816086_4,0.0,25.271999999999995,0.0,0.0
:1177816086_5,0.0,25.271999999999995,0.0,0.0
:1177816086_6,0.0,22.896000000000004,0.0,0.0
:1177816086_7,0.0,22.896000000000004,0.0,0.0
:1177816086_8,0.0,50.00400000000001,0.0,0.0
:1177816086_9,0.0,50.00400000000001,0.0,0.0
:1177816087_0,0.0,11.664000000000001,0.0,0.0
:1177816087_1,0.0,11.664000000000001,0.0,0.0
:1177816123_0,0.0,10.007999999999997,0.0,0.0
:1177816123_1,0.0,10.007999999999997,0.0,0.0
:1177816130_0,0.0,25.56,0.0,0.0
:1177816130_1,0.0,11.664000000000001,0.0,0.0
:1177816130_2,0.0,13.14,0.0,0.0
:1177816130_3,0.0,25.56,0.0,0.0
:1177816130_4,0.0,11.664000000000001,0.0,0.0
:1177816130_5,0.0,13.14,0.0,0.0
:1177816130_6,0.0,22.139999999999997,0.0,0.0
:1177816130_7,0.0,22.139999999999997,0.0,0.0
:1177816130_8,0.0,100.00800000000002,0.0,0.0
:1177816190_0,0.0,11.664000000000001,0.0,0.0
:1177816190_1,0.0,11.664000000000001,0.0,0.0
:1177816221_0,0.0,11.664000000000001,0.0,0.0
:1177816221_1,0.0,11.664000000000001,0.0,0.0
:1177816223_0,0.0,10.007999999999997,0.0,0.0
:1177816223_1,0.0,10.007999999999997,0.0,0.0
:1177816223_10,0.0,10.007999999999997,0.0,0.0
:1177816223_11,0.0,10.007999999999997,0.0,0.0
:1177816223_12,0.0,10.007999999999997,0.0,0.0
:1177816223_13,0.0,10.007999999999997,0.0,0.0
:1177816223_14,0.0,10.007999999999997,0.0,0.0
:1177816223_15,0.0,10.007999999999997,0.0,0.0
:1177816223_2,0.0,10.007999999999997,0.0,0.0
:1177816223_3,0.0,10.007999999999997,0.0,0.0
:1177816223_4,0.0,10.007999999999997,0.0,0.0
:1177816223_5,0.0,10.007999999999997,0.0,0.0
:1177816223_6,0.0,10.007999999999997,0.0,0.0
:1177816223_7,0.0,10.007999999999997,0.0,0.0
:1177816223_8,0.0,10.007999999999997,0.0,0.0
:1177816223_9,0.0,10.007999999999997,0.0,0.0
:1177816227_0,0.0,10.007999999999997,0.0,0.0
:1177816227_1,0.0,10.007999999999997,0.0,0.0
:1177867338_0,0.0,39.995999999999995,0.0,0.0
:1177867338_1,0.0,39.88799999999999,0.0,0.0
:1177867350_0,0.0,11.664000000000001,0.0,0.0
:1177867350_1,0.0,11.664000000000001,0.0,0.0
:1177867415_0,0.0,11.664000000000001,0.0,0.0
:1177867415_1,0.0,11.664000000000001,0.0,0.0
:1179407902_0,0.0,23.868,0.0,0.0
:1179407902_1,0.0,11.664000000000001,0.0,0.0
:1179407902_10,0.0,11.664000000000001,0.0,0.0
:1179407902_11,0.0,13.14,0.0,0.0
:1179407902_2,0.0,13.14,0.0,0.0
:1179407902_3,0.0,23.328000000000003,0.0,0.0
:1179407902_4,0.0,23.328000000000003,0.0,0.0
:1179407902_5,0.0,39.995999999999995,0.0,0.0
:1179407902_6,0.0,64.98,0.0,0.0
:1179407902_7,0.0,64.98,0.0,0.0
:1179407902_8,0.0,24.515999999999995,0.0,0.0
:1179407902_9,0.0,23.868,0.0,0.0
:11830238780_0,0.0,11.664000000000001,0.0,0.0
:11830238780_1,0.0,11.664000000000001,0.0,0.0
:11843376611_0,0.0,11.664000000000001,0.0,0.0
:11843376611_1,0.0,11.664000000000001,0.0,0.0
:11843639555_0,0.0,10.007999999999997,0.0,0.0
:11843639555_1,0.0,10.007999999999997,0.0,0.0
:11843831118_0,0.0,39.995999999999995,0.0,0.0
:11843831118_2,0.0,20.304,0.0,0.0
:11843831118_3,0.0,20.304,0.0,0.0
:11843831118_4,0.0,20.699999999999996,0.0,0.0
:11843831118_5,0.0,11.664000000000001,0.0,0.0
:11843831118_6,0.0,13.14,0.0,0.0
:11843831118_7,0.0,20.699999999999996,0.0,0.0
:11843831118_8,0.0,11.664000000000001,0.0,0.0
:11843831118_9,0.0,13.14,0.0,0.0
:1185643004_0,0.0,10.007999999999997,0.0,0.0
:1185643004_1,0.0,10.007999999999997,0.0,0.0
:1185643009_0,0.0,10.007999999999997,0.0,0.0
:1185643009_1,0.0,10.007999999999997,0.0,0.0
:1186025302_0,0.0,11.664000000000001,0.0,0.0
:1186025302_1,0.0,11.664000000000001,0.0,0.0
:1186025327_0,0.0,10.007999999999997,0.0,0.0
:1186025327_1,0.0,10.007999999999997,0.0,0.0
:1186025330_0,0.0,22.176,0.0,0.0
:1186025330_1,0.0,11.664000000000001,0.0,0.0
:1186025330_10,0.0,11.664000000000001,0.0,0.0
:1186025330_11,0.0,13.14,0.0,0.0
:1186025330_2,0.0,13.14,0.0,0.0
:1186025330_3,0.0,22.176,0.0,0.0
:1186025330_4,0.0,11.664000000000001,0.0,0.0
:1186025330_5,0.0,13.14,0.0,0.0
:1186025330_6,0.0,79.99199999999999,0.0,0.0
:1186025330_7,0.0,21.78,0.0,0.0
:1186025330_8,0.0,21.78,0.0,0.0
:1186025330_9,0.0,22.176,0.0,0.0
:1186025344_0,0.0,11.664000000000001,0.0,0.0
:1186025344_1,0.0,11.664000000000001,0.0,0.0
:1187083490_0,0.0,59.976,0.0,0.0
:1187133850_0,0.0,28.476000000000006,0.0,0.0
:1187133850_1,0.0,28.476000000000006,0.0,0.0
:1187133850_10,0.0,11.664000000000001,0.0,0.0
:1187133850_11,0.0,13.14,0.0,0.0
:1187133850_12,0.0,28.476000000000006,0.0,0.0
:1187133850_13,0.0,28.476000000000006,0.0,0.0
:1187133850_14,0.0,11.664000000000001,0.0,0.0
:1187133850_15,0.0,13.14,0.0,0.0
:1187133850_16,0.0,13.14,0.0,0.0
:1187133850_2,0.0,11.664000000000001,0.0,0.0
:1187133850_3,0.0,13.14,0.0,0.0
:1187133850_4,0.0,23.003999999999994,0.0,0.0
:1187133850_5,0.0,23.003999999999994,0.0,0.0
:1187133850_6,0.0,11.664000000000001,0.0,0.0
:1187133850_7,0.0,13.14,0.0,0.0
:1187133850_8,0.0,23.003999999999994,0.0,0.0
:1187133850_9,0.0,23.003999999999994,0.0,0.0
:1187133858_0,0.0,10.007999999999997,0.0,0.0
:1187133858_1,0.0,10.007999999999997,0.0,0.0
:1187133861_0,0.0,39.995999999999995,0.0,0.0
:1187133861_2,0.0,21.708000000000002,0.0,0.0
:1187133861_3,0.0,21.708000000000002,0.0,0.0
:1187133861_4,0.0,21.708000000000002,0.0,0.0
:1187133861_5,0.0,10.007999999999997,0.0,0.0
:1187133861_6,0.0,10.007999999999997,0.0,0.0
:1187133861_7,0.0,21.708000000000002,0.0,0.0
:1187133861_8,0.0,10.007999999999997,0.0,0.0
:1187133861_9,0.0,10.007999999999997,0.0,0.0
:1187133864_0,0.0,11.664000000000001,0.0,0.0
:1187133864_1,0.0,11.664000000000001,0.0,0.0
:1187402704_0,0.0,10.007999999999997,0.0,0.0
:1187402704_1,0.0,10.007999999999997,0.0,0.0
:1187402802_0,0.0,10.007999999999997,0.0,0.0
:1187402802_1,0.0,10.007999999999997,0.0,0.0
:1187402815_0,0.0,10.007999999999997,0.0,0.0
:1187402815_1,0.0,10.007999999999997,0.0,0.0
:1187402827_0,0.0,11.664000000000001,0.0,0.0
:1187402827_1,0.0,11.664000000000001,0.0,0.0
:1187402851_0,0.0,23.615999999999996,0.0,0.0
:1187402851_1,0.0,23.615999999999996,0.0,0.0
:1187402851_10,0.0,11.664000000000001,0.0,0.0
:1187402851_11,0.0,13.14,0.0,0.0
:1187402851_12,0.0,29.016000000000002,0.0,0.0
:1187402851_13,0.0,29.016000000000002,0.0,0.0
:1187402851_14,0.0,11.664000000000001,0.0,0.0
:1187402851_15,0.0,13.14,0.0,0.0
:1187402851_16,0.0,13.14,0.0,0.0
:1187402851_2,0.0,10.007999999999997,0.0,0.0
:1187402851_3,0.0,10.007999999999997,0.0,0.0
:1187402851_4,0.0,23.615999999999996,0.0,0.0
:1187402851_5,0.0,23.615999999999996,0.0,0.0
:1187402851_6,0.0,10.007999999999997,0.0,0.0
:1187402851_7,0.0,10.007999999999997,0.0,0.0
:1187402851_8,0.0,29.016000000000002,0.0,0.0
:1187402851_9,0.0,29.016000000000002,0.0,0.0
:1187402854_0,0.0,10.007999999999997,0.0,0.0
:1187402854_1,0.0,10.007999999999997,0.0,0.0
:1187402862_0,0.0,10.007999999999997,0.0,0.0
:1187402862_1,0.0,10.007999999999997,0.0,0.0
:1187402880_0,0.0,11.664000000000001,0.0,0.0
:1187402880_1,0.0,11.664000000000001,0.0,0.0
:1187402891_0,0.0,10.007999999999997,0.0,0.0
:1187402891_1,0.0,10.007999999999997,0.0,0.0
:1187402891_10,0.0,10.007999999999997,0.0,0.0
:1187402891_11,0.0,10.007999999999997,0.0,0.0
:1187402891_12,0.0,10.007999999999997,0.0,0.0
:1187402891_13,0.0,10.007999999999997,0.0,0.0
:1187402891_14,0.0,10.007999999999997,0.0,0.0
:1187402891_15,0.0,10.007999999999997,0.0,0.0
:1187402891_2,0.0,10.007999999999997,0.0,0.0
:1187402891_3,0.0,10.007999999999997,0.0,0.0
:1187402891_4,0.0,10.007999999999997,0.0,0.0
:1187402891_5,0.0,10.007999999999997,0.0,0.0
:1187402891_6,0.0,10.007999999999997,0.0,0.0
:1187402891_7,0.0,10.007999999999997,0.0,0.0
:1187402891_8,0.0,10.007999999999997,0.0,0.0
:1187402891_9,0.0,10.007999999999997,0.0,0.0
:1187402919_0,0.0,10.007999999999997,0.0,0.0
:1187402919_1,0.0,10.007999999999997,0.0,0.0
:1187402947_0,0.0,10.007999999999997,0.0,0.0
:1187402947_1,0.0,10.007999999999997,0.0,0.0
:1187402950_0,0.0,10.007999999999997,0.0,0.0
:1187402950_1,0.0,10.007999999999997,0.0,0.0
:1187402964_0,0.0,10.007999999999997,0.0,0.0
:1187402964_1,0.0,10.007999999999997,0.0,0.0
:1187403000_0,0.0,50.00400000000001,0.0,0.0
:1187403000_1,0.0,50.00400000000001,0.0,0.0
:1187403000_10,0.0,11.664000000000001,0.0,0.0
:1187403000_11,0.0,13.14,0.0,0.0
:1187403000_12,0.0,50.00400000000001,0.0,0.0
:1187403000_13,0.0,50.00400000000001,0.0,0.0
:1187403000_14,0.0,11.664000000000001,0.0,0.0
:1187403000_15,0.0,13.14,0.0,0.0
:1187403000_16,0.0,11.664000000000001,0.0,0.0
:1187403000_17,0.0,13.14,0.0,0.0
:1187403000_18,0.0,11.664000000000001,0.0,0.0
:1187403000_19,0.0,13.14,0.0,0.0
:1187403000_2,0.0,11.664000000000001,0.0,0.0
:1187403000_3,0.0,13.14,0.0,0.0
:1187403000_4,0.0,50.00400000000001,0.0,0.0
:1187403000_5,0.0,50.00400000000001,0.0,0.0
:1187403000_6,0.0,11.664000000000001,0.0,0.0
:1187403000_7,0.0,13.14,0.0,0.0
:1187403000_8,0.0,50.00400000000001,0.0,0.0
:1187403000_9,0.0,50.00400000000001,0.0,0.0
:1187403027_0,0.0,28.547999999999995,0.0,0.0
:1187403027_1,0.0,28.547999999999995,0.0,0.0
:1187403027_10,0.0,10.007999999999997,0.0,0.0
:1187403027_11,0.0,10.007999999999997,0.0,0.0
:1187403027_12,0.0,28.547999999999995,0.0,0.0
:1187403027_13,0.0,28.547999999999995,0.0,0.0
:1187403027_14,0.0,11.664000000000001,0.0,0.0
:1187403027_15,0.0,13.14,0.0,0.0
:1187403027_16,0.0,13.14,0.0,0.0
:1187403027_2,0.0,11.664000000000001,0.0,0.0
:1187403027_3,0.0,13.14,0.0,0.0
:1187403027_4,0.0,23.148,0.0,0.0
:1187403027_5,0.0,23.148,0.0,0.0
:1187403027_6,0.0,10.007999999999997,0.0,0.0
:1187403027_7,0.0,10.007999999999997,0.0,0.0
:1187403027_8,0.0,23.148,0.0,0.0
:1187403027_9,0.0,23.148,0.0,0.0
:1188832432_0,0.0,30.024,0.0,0.0
:1188832432_1,0.0,30.024,0.0,0.0
:1188832432_10,0.0,11.664000000000001,0.0,0.0
:1188832432_11,0.0,13.14,0.0,0.0
:1188832432_12,0.0,30.024,0.0,0.0
:1188832432_13,0.0,30.024,0.0,0.0
:1188832432_14,0.0,10.007999999999997,0.0,0.0
:1188832432_15,0.0,10.007999999999997,0.0,0.0
:1188832432_16,0.0,13.14,0.0,0.0
:1188832432_2,0.0,10.007999999999997,0.0,0.0
:1188832432_3,0.0,10.007999999999997,0.0,0.0
:1188832432_4,0.0,30.024,0.0,0.0
:1188832432_5,0.0,30.024,0.0,0.0
:1188832432_6,0.0,11.664000000000001,0.0,0.0
:1188832432_7,0.0,13.14,0.0,0.0
:1188832432_8,0.0,30.024,0.0,0.0
:1188832432_9,0.0,30.024,0.0,0.0
:1188832434_0,0.0,11.664000000000001,0.0,0.0
:1188832434_1,0.0,11.664000000000001,0.0,0.0
:1188832441_0,0.0,27.972,0.0,0.0
:1188832441_1,0.0,27.972,0.0,0.0
:1188832441_10,0.0,11.664000000000001,0.0,0.0
:1188832441_11,0.0,13.14,0.0,0.0
:1188832441_12,0.0,27.972,0.0,0.0
:1188832441_13,0.0,27.972,0.0,0.0
:1188832441_14,0.0,11.664000000000001,0.0,0.0
:1188832441_15,0.0,13.14,0.0,0.0
:1188832441_16,0.0,11.664000000000001,0.0,0.0
:1188832441_17,0.0,13.14,0.0,0.0
:1188832441_18,0.0,11.664000000000001,0.0,0.0
:1188832441_19,0.0,13.14,0.0,0.0
:1188832441_2,0.0,11.664000000000001,0.0,0.0
:1188832441_3,0.0,13.14,0.0,0.0
:1188832441_4,0.0,22.392,0.0,0.0
:1188832441_5,0.0,22.392,0.0,0.0
:1188832441_6,0.0,11.664000000000001,0.0,0.0
:1188832441_7,0.0,13.14,0.0,0.0
:1188832441_8,0.0,22.392,0.0,0.0
:1188832441_9,0.0,22.392,0.0,0.0
:1188832446_0,0.0,10.007999999999997,0.0,0.0
:1188832446_1,0.0,10.007999999999997,0.0,0.0
:1188832446_10,0.0,10.007999999999997,0.0,0.0
:1188832446_11,0.0,10.007999999999997,0.0,0.0
:1188832446_12,0.0,10.007999999999997,0.0,0.0
:1188832446_13,0.0,10.007999999999997,0.0,0.0
:1188832446_14,0.0,10.007999999999997,0.0,0.0
:1188832446_15,0.0,10.007999999999997,0.0,0.0
:1188832446_2,0.0,10.007999999999997,0.0,0.0
:1188832446_3,0.0,10.007999999999997,0.0,0.0
:1188832446_4,0.0,10.007999999999997,0.0,0.0
:1188832446_5,0.0,10.007999999999997,0.0,0.0
:1188832446_6,0.0,10.007999999999997,0.0,0.0
:1188832446_7,0.0,10.007999999999997,0.0,0.0
:1188832446_8,0.0,10.007999999999997,0.0,0.0
:1188832446_9,0.0,10.007999999999997,0.0,0.0
:1188832447_0,0.0,28.907999999999998,0.0,0.0
:1188832447_1,0.0,28.907999999999998,0.0,0.0
:1188832447_10,0.0,11.664000000000001,0.0,0.0
:1188832447_11,0.0,13.14,0.0,0.0
:1188832447_12,0.0,23.508000000000006,0.0,0.0
:1188832447_13,0.0,23.508000000000006,0.0,0.0
:1188832447_14,0.0,11.664000000000001,0.0,0.0
:1188832447_15,0.0,13.14,0.0,0.0
:1188832447_16,0.0,13.14,0.0,0.0
:1188832447_2,0.0,10.007999999999997,0.0,0.0
:1188832447_3,0.0,10.007999999999997,0.0,0.0
:1188832447_4,0.0,28.907999999999998,0.0,0.0
:1188832447_5,0.0,28.907999999999998,0.0,0.0
:1188832447_6,0.0,10.007999999999997,0.0,0.0
:1188832447_7,0.0,10.007999999999997,0.0,0.0
:1188832447_8,0.0,23.508000000000006,0.0,0.0
:1188832447_9,0.0,23.508000000000006,0.0,0.0
:1188832448_0,0.0,11.664000000000001,0.0,0.0
:1188832448_1,0.0,11.664000000000001,0.0,0.0
:1188832450_0,0.0,11.664000000000001,0.0,0.0
:1188832450_1,0.0,11.664000000000001,0.0,0.0
:1188832451_0,0.0,10.007999999999997,0.0,0.0
:1188832451_1,0.0,10.007999999999997,0.0,0.0
:1188832454_0,0.0,11.664000000000001,0.0,0.0
:1188832454_1,0.0,11.664000000000001,0.0,0.0
:1188832463_0,0.0,11.664000000000001,0.0,0.0
:1188832463_1,0.0,11.664000000000001,0.0,0.0
:1188948061_0,0.0,11.664000000000001,0.0,0.0
:1188948061_1,0.0,11.664000000000001,0.0,0.0
:1188948088_0,0.0,11.664000000000001,0.0,0.0
:1188948088_1,0.0,11.664000000000001,0.0,0.0
:1188948105_0,0.0,11.664000000000001,0.0,0.0
:1188948105_1,0.0,11.664000000000001,0.0,0.0
:1188948127_0,0.0,10.007999999999997,0.0,0.0
:1188948127_1,0.0,10.007999999999997,0.0,0.0
:1188948137_0,0.0,10.007999999999997,0.0,0.0
:1188948137_1,0.0,10.007999999999997,0.0,0.0
:1188948177_0,0.0,10.007999999999997,0.0,0.0
:1188948177_1,0.0,10.007999999999997,0.0,0.0
:1188948177_10,0.0,10.007999999999997,0.0,0.0
:1188948177_11,0.0,10.007999999999997,0.0,0.0
:1188948177_12,0.0,10.007999999999997,0.0,0.0
:1188948177_13,0.0,10.007999999999997,0.0,0.0
:1188948177_14,0.0,10.007999999999997,0.0,0.0
:1188948177_15,0.0,10.007999999999997,0.0,0.0
:1188948177_2,0.0,10.007999999999997,0.0,0.0
:1188948177_3,0.0,10.007999999999997,0.0,0.0
:1188948177_4,0.0,10.007999999999997,0.0,0.0
:1188948177_5,0.0,10.007999999999997,0.0,0.0
:1188948177_6,0.0,10.007999999999997,0.0,0.0
:1188948177_7,0.0,10.007999999999997,0.0,0.0
:1188948177_8,0.0,10.007999999999997,0.0,0.0
:1188948177_9,0.0,10.007999999999997,0.0,0.0
:1188948184_0,0.0,11.664000000000001,0.0,0.0
:1188948184_1,0.0,11.664000000000001,0.0,0.0
:1188948226_0,0.0,10.007999999999997,0.0,0.0
:1188948226_1,0.0,10.007999999999997,0.0,0.0
:1188948250_0,0.0,10.007999999999997,0.0,0.0
:1188948250_1,0.0,10.007999999999997,0.0,0.0
:1188948251_0,0.0,11.664000000000001,0.0,0.0
:1188948251_1,0.0,11.664000000000001,0.0,0.0
:1188948254_0,0.0,10.007999999999997,0.0,0.0
:1188948254_1,0.0,10.007999999999997,0.0,0.0
:1188948255_0,0.0,10.007999999999997,0.0,0.0
:1188948255_1,0.0,10.007999999999997,0.0,0.0
:1188948263_0,0.0,27.0,0.0,0.0
:1188948263_1,0.0,27.0,0.0,0.0
:1188948263_10,0.0,11.664000000000001,0.0,0.0
:1188948263_11,0.0,13.14,0.0,0.0
:1188948263_12,0.0,21.240000000000006,0.0,0.0
:1188948263_13,0.0,21.240000000000006,0.0,0.0
:1188948263_14,0.0,11.664000000000001,0.0,0.0
:1188948263_15,0.0,13.14,0.0,0.0
:1188948263_16,0.0,13.14,0.0,0.0
:1188948263_2,0.0,11.664000000000001,0.0,0.0
:1188948263_3,0.0,13.14,0.0,0.0
:1188948263_4,0.0,27.0,0.0,0.0
:1188948263_5,0.0,27.0,0.0,0.0
:1188948263_6,0.0,11.664000000000001,0.0,0.0
:1188948263_7,0.0,13.14,0.0,0.0
:1188948263_8,0.0,21.240000000000006,0.0,0.0
:1188948263_9,0.0,21.240000000000006,0.0,0.0
:1188948265_0,0.0,11.664000000000001,0.0,0.0
:1188948265_1,0.0,11.664000000000001,0.0,0.0
:1188948273_0,0.0,11.664000000000001,0.0,0.0
:1188948273_1,0.0,11.664000000000001,0.0,0.0
:1188948292_0,0.0,10.007999999999997,0.0,0.0
:1188948292_1,0.1,9.996360648515365,0.0,0.0808298525901903
:1188948293_0,0.0,10.007999999999997,0.0,0.0
:1188948293_1,0.0,10.007999999999997,0.0,0.0
:1188948297_0,0.0,10.007999999999997,0.0,0.0
:1188948297_1,0.0,10.007999999999997,0.0,0.0
:1188948335_0,0.0,10.007999999999997,0.0,0.0
:1188948335_1,0.0,10.007999999999997,0.0,0.0
:1188948337_0,0.0,39.995999999999995,0.0,0.0
:1188948337_1,0.0,21.852,0.0,0.0
:1188948337_2,0.0,21.852,0.0,0.0
:1188948337_3,0.0,22.032000000000004,0.0,0.0
:1188948337_4,0.0,10.007999999999997,0.0,0.0
:1188948337_5,0.0,10.007999999999997,0.0,0.0
:1188948337_6,0.0,22.032000000000004,0.0,0.0
:1188948337_7,0.0,10.007999999999997,0.0,0.0
:1188948337_8,0.0,10.007999999999997,0.0,0.0
:1188948345_0,0.0,10.007999999999997,0.0,0.0
:1188948345_1,0.0,10.007999999999997,0.0,0.0
:1188948376_0,0.0,10.007999999999997,0.0,0.0
:1188948376_1,0.0,10.007999999999997,0.0,0.0
:1189036452_0,0.0,23.04,0.0,0.0
:1189036452_1,0.0,11.664000000000001,0.0,0.0
:1189036452_2,0.0,13.14,0.0,0.0
:1189036452_3,0.0,23.04,0.0,0.0
:1189036452_4,0.0,11.664000000000001,0.0,0.0
:1189036452_5,0.0,13.14,0.0,0.0
:1189036452_6,0.0,23.075999999999997,0.0,0.0
:1189036452_7,0.0,23.075999999999997,0.0,0.0
:1189036452_8,0.0,39.995999999999995,0.0,0.0
:1189036471_0,0.0,10.007999999999997,0.0,0.0
:1189036471_1,0.0,10.007999999999997,0.0,0.0
:1189036489_0,0.0,50.00400000000001,0.0,0.0
:1189036489_1,0.0,50.00400000000001,0.0,0.0
:1189036489_10,0.0,11.664000000000001,0.0,0.0
:1189036489_11,0.0,13.14,0.0,0.0
:1189036489_12,0.0,50.00400000000001,0.0,0.0
:1189036489_13,0.0,50.00400000000001,0.0,0.0
:1189036489_14,0.0,11.664000000000001,0.0,0.0
:1189036489_15,0.0,13.14,0.0,0.0
:1189036489_16,0.0,11.664000000000001,0.0,0.0
:1189036489_17,0.0,13.14,0.0,0.0
:1189036489_18,0.0,11.664000000000001,0.0,0.0
:1189036489_19,0.0,13.14,0.0,0.0
:1189036489_2,0.0,11.664000000000001,0.0,0.0
:1189036489_3,0.0,13.14,0.0,0.0
:1189036489_4,0.0,50.00400000000001,0.0,0.0
:1189036489_5,0.0,50.00400000000001,0.0,0.0
:1189036489_6,0.0,11.664000000000001,0.0,0.0
:1189036489_7,0.0,13.14,0.0,0.0
:1189036489_8,0.0,50.00400000000001,0.0,0.0
:1189036489_9,0.0,50.00400000000001,0.0,0.0
:1189036539_0,0.0,50.00400000000001,0.0,0.0
:1189036539_1,0.0,50.00400000000001,0.0,0.0
:1189036539_10,0.0,11.664000000000001,0.0,0.0
:1189036539_11,0.0,13.14,0.0,0.0
:1189036539_12,0.0,50.00400000000001,0.0,0.0
:1189036539_13,0.0,50.00400000000001,0.0,0.0
:1189036539_14,0.0,11.664000000000001,0.0,0.0
:1189036539_15,0.0,13.14,0.0,0.0
:1189036539_16,0.0,11.664000000000001,0.0,0.0
:1189036539_17,0.0,13.14,0.0,0.0
:1189036539_18,0.0,11.664000000000001,0.0,0.0
:1189036539_19,0.0,13.14,0.0,0.0
:1189036539_2,0.0,11.664000000000001,0.0,0.0
:1189036539_3,0.0,13.14,0.0,0.0
:1189036539_4,0.0,50.00400000000001,0.0,0.0
:1189036539_5,0.0,50.00400000000001,0.0,0.0
:1189036539_6,0.0,11.664000000000001,0.0,0.0
:1189036539_7,0.0,13.14,0.0,0.0
:1189036539_8,0.0,50.00400000000001,0.0,0.0
:1189036539_9,0.0,50.00400000000001,0.0,0.0
:1189036584_0,0.0,11.664000000000001,0.0,0.0
:1189036584_1,0.0,11.664000000000001,0.0,0.0
:1189036586_0,0.0,11.664000000000001,0.0,0.0
:1189036586_1,0.0,11.664000000000001,0.0,0.0
:1189036717_0,0.0,60.012000000000015,0.0,0.0
:1189036717_2,0.0,22.428,0.0,0.0
:1189036717_3,0.0,22.428,0.0,0.0
:1189036717_4,0.0,21.744,0.0,0.0
:1189036717_5,0.0,11.664000000000001,0.0,0.0
:1189036717_6,0.0,13.14,0.0,0.0
:1189036717_7,0.0,21.744,0.0,0.0
:1189036717_8,0.0,11.664000000000001,0.0,0.0
:1189036717_9,0.0,13.14,0.0,0.0
:1189036766_0,0.0,11.664000000000001,0.0,0.0
:1189036766_1,0.0,11.664000000000001,0.0,0.0
:1189036797_0,0.0,11.664000000000001,0.0,0.0
:1189036797_1,0.0,11.664000000000001,0.0,0.0
:1189036901_0,0.0,11.664000000000001,0.0,0.0
:1189036901_1,0.0,11.664000000000001,0.0,0.0
:1189036929_0,0.0,11.664000000000001,0.0,0.0
:1189036929_1,0.0,11.664000000000001,0.0,0.0
:1189036932_0,0.0,11.664000000000001,0.0,0.0
:1189036932_1,0.0,11.664000000000001,0.0,0.0
:1189036957_0,0.0,11.664000000000001,0.0,0.0
:1189036957_1,0.0,11.664000000000001,0.0,0.0
:1189457840_0,0.0,10.007999999999997,0.0,0.0
:1189457840_1,0.0,10.007999999999997,0.0,0.0
:1189457853_0,0.0,10.007999999999997,0.0,0.0
:1189457853_1,0.0,10.007999999999997,0.0,0.0
:1189569396_0,0.0,10.007999999999997,0.0,0.0
:1189569396_1,0.0,10.007999999999997,0.0,0.0
:1189569404_0,0.0,10.007999999999997,0.0,0.0
:1189569404_1,0.0,10.007999999999997,0.0,0.0
:1189868543_0,0.0,11.664000000000001,0.0,0.0
:1189868543_1,0.0,11.664000000000001,0.0,0.0
:1189868546_0,0.0,11.664000000000001,0.0,0.0
:1189868546_1,0.0,11.664000000000001,0.0,0.0
:1189868548_0,0.0,21.06,0.0,0.0
:1189868548_1,0.0,11.664000000000001,0.0,0.0
:1189868548_2,0.0,13.14,0.0,0.0
:1189868548_3,0.0,21.06,0.0,0.0
:1189868548_4,0.0,11.664000000000001,0.0,0.0
:1189868548_5,0.0,13.14,0.0,0.0
:1189868548_6,0.0,100.00800000000002,0.0,0.0
:1189868548_8,0.0,38.303999999999995,0.0,0.0
:1189868548_9,0.0,38.303999999999995,0.0,0.0
:1189868557_0,0.0,11.664000000000001,0.0,0.0
:1189868557_1,0.0,11.664000000000001,0.0,0.0
:1189868579_0,0.0,11.664000000000001,0.0,0.0
:1189868579_1,0.0,11.664000000000001,0.0,0.0
:1189868580_0,0.0,11.664000000000001,0.0,0.0
:1189868580_1,0.0,11.664000000000001,0.0,0.0
:1189868590_0,0.0,11.664000000000001,0.0,0.0
:1189868590_1,0.0,11.664000000000001,0.0,0.0
:1189868591_0,0.0,10.007999999999997,0.0,0.0
:1189868591_1,0.0,10.007999999999997,0.0,0.0
:1190100038_0,0.0,11.664000000000001,0.0,0.0
:1190100038_1,0.0,11.664000000000001,0.0,0.0
:1190100044_0,0.0,11.664000000000001,0.0,0.0
:1190100044_1,0.0,11.664000000000001,0.0,0.0
:1190100058_0,0.0,11.664000000000001,0.0,0.0
:1190100058_1,0.0,11.664000000000001,0.0,0.0
:1190100120_0,0.0,70.02,0.0,0.0
:1190100135_0,0.0,70.02,0.0,0.0
:1190100136_0,0.0,70.02,0.0,0.0
:1190100166_0,0.0,28.404000000000003,0.0,0.0
:1190100166_1,0.0,11.664000000000001,0.0,0.0
:1190100166_2,0.0,13.14,0.0,0.0
:1190100166_3,0.0,28.404000000000003,0.0,0.0
:1190100166_4,0.0,11.664000000000001,0.0,0.0
:1190100166_5,0.0,13.14,0.0,0.0
:1190100192_0,0.0,29.412,0.0,0.0
:1190100192_1,0.0,29.412,0.0,0.0
:1190100192_10,0.0,11.664000000000001,0.0,0.0
:1190100192_11,0.0,13.14,0.0,0.0
:1190100192_12,0.0,23.904,0.0,0.0
:1190100192_13,0.0,23.904,0.0,0.0
:1190100192_14,0.0,11.664000000000001,0.0,0.0
:1190100192_15,0.0,13.14,0.0,0.0
:1190100192_16,0.0,11.664000000000001,0.0,0.0
:1190100192_17,0.0,13.14,0.0,0.0
:1190100192_18,0.0,11.664000000000001,0.0,0.0
:1190100192_19,0.0,13.14,0.0,0.0
:1190100192_2,0.0,11.664000000000001,0.0,0.0
:1190100192_3,0.0,13.14,0.0,0.0
:1190100192_4,0.0,29.412,0.0,0.0
:1190100192_5,0.0,29.412,0.0,0.0
:1190100192_6,0.0,11.664000000000001,0.0,0.0
:1190100192_7,0.0,13.14,0.0,0.0
:1190100192_8,0.0,23.904,0.0,0.0
:1190100192_9,0.0,23.904,0.0,0.0
:1190100213_0,0.0,11.664000000000001,0.0,0.0
:1190100213_1,0.0,11.664000000000001,0.0,0.0
:1190100234_0,0.0,50.00400000000001,0.0,0.0
:1190100234_1,0.0,50.00400000000001,0.0,0.0
:1190100234_10,0.0,11.664000000000001,0.0,0.0
:1190100234_11,0.0,13.14,0.0,0.0
:1190100234_12,0.0,50.00400000000001,0.0,0.0
:1190100234_13,0.0,50.00400000000001,0.0,0.0
:1190100234_14,0.0,11.664000000000001,0.0,0.0
:1190100234_15,0.0,13.14,0.0,0.0
:1190100234_16,0.0,11.664000000000001,0.0,0.0
:1190100234_17,0.0,13.14,0.0,0.0
:1190100234_18,0.0,11.664000000000001,0.0,0.0
:1190100234_19,0.0,13.14,0.0,0.0
:1190100234_2,0.0,11.664000000000001,0.0,0.0
:1190100234_3,0.0,13.14,0.0,0.0
:1190100234_4,0.0,50.00400000000001,0.0,0.0
:1190100234_5,0.0,50.00400000000001,0.0,0.0
:1190100234_6,0.0,11.664000000000001,0.0,0.0
:1190100234_7,0.0,13.14,0.0,0.0
:1190100234_8,0.0,50.00400000000001,0.0,0.0
:1190100234_9,0.0,50.00400000000001,0.0,0.0
:1190100245_0,0.0,11.664000000000001,0.0,0.0
:1190100245_1,0.0,11.664000000000001,0.0,0.0
:1190100266_0,0.0,11.664000000000001,0.0,0.0
:1190100266_1,0.0,11.664000000000001,0.0,0.0
:1190100298_0,0.0,11.664000000000001,0.0,0.0
:1190100298_1,0.0,11.664000000000001,0.0,0.0
:1190100379_0,0.0,11.664000000000001,0.0,0.0
:1190100379_1,0.0,11.664000000000001,0.0,0.0
:1190100404_0,0.0,39.995999999999995,0.0,0.0
:1190100404_1,0.0,22.5,0.0,0.0
:1190100404_2,0.0,22.5,0.0,0.0
:1190100404_3,0.0,21.563999999999997,0.0,0.0
:1190100404_4,0.0,11.664000000000001,0.0,0.0
:1190100404_5,0.0,13.14,0.0,0.0
:1190100404_6,0.0,21.563999999999997,0.0,0.0
:1190100404_7,0.0,11.664000000000001,0.0,0.0
:1190100404_8,0.0,13.14,0.0,0.0
:1190100439_0,0.0,11.664000000000001,0.0,0.0
:1190100439_1,0.0,11.664000000000001,0.0,0.0
:1190100514_0,0.0,11.664000000000001,0.0,0.0
:1190100514_1,0.0,11.664000000000001,0.0,0.0
:1190128194_0,0.0,11.664000000000001,0.0,0.0
:1190128194_1,0.0,11.664000000000001,0.0,0.0
:1190128202_0,0.0,11.664000000000001,0.0,0.0
:1190128202_1,0.0,11.664000000000001,0.0,0.0
:1190128212_0,0.0,11.664000000000001,0.0,0.0
:1190128212_1,0.0,11.664000000000001,0.0,0.0
:1190128222_0,0.0,23.291999999999998,0.0,0.0
:1190128222_1,0.0,23.291999999999998,0.0,0.0
:1190128222_10,0.0,11.664000000000001,0.0,0.0
:1190128222_11,0.0,13.14,0.0,0.0
:1190128222_12,0.0,23.291999999999998,0.0,0.0
:1190128222_13,0.0,23.291999999999998,0.0,0.0
:1190128222_14,0.0,11.664000000000001,0.0,0.0
:1190128222_15,0.0,13.14,0.0,0.0
:1190128222_16,0.0,11.664000000000001,0.0,0.0
:1190128222_17,0.0,13.14,0.0,0.0
:1190128222_18,0.0,11.664000000000001,0.0,0.0
:1190128222_19,0.0,13.14,0.0,0.0
:1190128222_2,0.0,11.664000000000001,0.0,0.0
:1190128222_3,0.0,13.14,0.0,0.0
:1190128222_4,0.0,28.692,0.0,0.0
:1190128222_5,0.0,28.692,0.0,0.0
:1190128222_6,0.0,11.664000000000001,0.0,0.0
:1190128222_7,0.0,13.14,0.0,0.0
:1190128222_8,0.0,28.692,0.0,0.0
:1190128222_9,0.0,28.692,0.0,0.0
:1190128225_0,0.0,10.007999999999997,0.0,0.0
:1190128225_1,0.0,10.007999999999997,0.0,0.0
:1190128228_0,0.0,14.580000000000002,0.0,0.0
:1190128228_1,0.0,14.580000000000002,0.0,0.0
:1190128241_0,0.0,11.664000000000001,0.0,0.0
:1190128241_1,0.0,11.664000000000001,0.0,0.0
:1190128242_0,0.0,11.664000000000001,0.0,0.0
:1190128242_1,0.0,11.664000000000001,0.0,0.0
:1190128257_0,0.0,23.148,0.0,0.0
:1190128257_1,0.0,23.148,0.0,0.0
:1190128257_10,0.0,11.664000000000001,0.0,0.0
:1190128257_11,0.0,13.14,0.0,0.0
:1190128257_12,0.0,50.00400000000001,0.0,0.0
:1190128257_13,0.0,50.00400000000001,0.0,0.0
:1190128257_14,0.0,29.556000000000004,0.0,0.0
:1190128257_15,0.0,29.556000000000004,0.0,0.0
:1190128257_16,0.0,11.664000000000001,0.0,0.0
:1190128257_17,0.0,13.14,0.0,0.0
:1190128257_18,0.0,50.00400000000001,0.0,0.0
:1190128257_19,0.0,50.00400000000001,0.0,0.0
:1190128257_2,0.0,50.00400000000001,0.0,0.0
:1190128257_20,0.0,29.556000000000004,0.0,0.0
:1190128257_21,0.0,29.556000000000004,0.0,0.0
:1190128257_22,0.0,11.664000000000001,0.0,0.0
:1190128257_23,0.0,13.14,0.0,0.0
:1190128257_24,0.0,24.336000000000002,0.0,0.0
:1190128257_25,0.0,24.336000000000002,0.0,0.0
:1190128257_26,0.0,28.584000000000003,0.0,0.0
:1190128257_27,0.0,28.584000000000003,0.0,0.0
:1190128257_28,0.0,11.664000000000001,0.0,0.0
:1190128257_29,0.0,13.14,0.0,0.0
:1190128257_3,0.0,50.00400000000001,0.0,0.0
:1190128257_30,0.0,24.336000000000002,0.0,0.0
:1190128257_31,0.0,24.336000000000002,0.0,0.0
:1190128257_32,0.0,28.584000000000003,0.0,0.0
:1190128257_33,0.0,28.584000000000003,0.0,0.0
:1190128257_34,0.0,11.664000000000001,0.0,0.0
:1190128257_35,0.0,13.14,0.0,0.0
:1190128257_36,0.0,11.664000000000001,0.0,0.0
:1190128257_37,0.0,13.14,0.0,0.0
:1190128257_38,0.0,29.556000000000004,0.0,0.0
:1190128257_39,0.0,29.556000000000004,0.0,0.0
:1190128257_4,0.0,11.664000000000001,0.0,0.0
:1190128257_40,0.0,11.664000000000001,0.0,0.0
:1190128257_41,0.0,13.14,0.0,0.0
:1190128257_5,0.0,13.14,0.0,0.0
:1190128257_6,0.0,23.148,0.0,0.0
:1190128257_7,0.0,23.148,0.0,0.0
:1190128257_8,0.0,50.00400000000001,0.0,0.0
:1190128257_9,0.0,50.00400000000001,0.0,0.0
:1190128270_0,0.0,11.664000000000001,0.0,0.0
:1190128270_1,0.0,11.664000000000001,0.0,0.0
:1190128277_0,0.0,11.664000000000001,0.0,0.0
:1190128277_1,0.0,11.664000000000001,0.0,0.0
:1190128289_0,0.0,10.007999999999997,0.0,0.0
:1190128289_1,0.0,10.007999999999997,0.0,0.0
:1190128291_0,0.0,11.664000000000001,0.0,0.0
:1190128291_1,0.0,11.664000000000001,0.0,0.0
:1190128302_0,0.0,11.664000000000001,0.0,0.0
:1190128302_1,0.0,11.664000000000001,0.0,0.0
:1190128304_0,0.0,10.007999999999997,0.0,0.0
:1190128304_1,0.0,10.007999999999997,0.0,0.0
:1190128324_0,0.0,10.007999999999997,0.0,0.0
:1190128324_1,0.0,10.007999999999997,0.0,0.0
:1190128328_0,0.0,11.664000000000001,0.0,0.0
:1190128328_1,0.0,11.664000000000001,0.0,0.0
:1190128330_0,0.0,10.007999999999997,0.0,0.0
:1190128330_1,0.0,10.007999999999997,0.0,0.0
:1190128337_0,0.0,10.007999999999997,0.0,0.0
:1190128337_1,0.0,10.007999999999997,0.0,0.0
:1190128344_0,0.0,10.007999999999997,0.0,0.0
:1190128344_1,0.0,10.007999999999997,0.0,0.0
:1190128349_0,0.0,10.007999999999997,0.0,0.0
:1190128349_1,0.0,10.007999999999997,0.0,0.0
:1190128349_10,0.0,10.007999999999997,0.0,0.0
:1190128349_11,0.0,10.007999999999997,0.0,0.0
:1190128349_12,0.0,10.007999999999997,0.0,0.0
:1190128349_13,0.0,10.007999999999997,0.0,0.0
:1190128349_14,0.0,10.007999999999997,0.0,0.0
:1190128349_15,0.0,10.007999999999997,0.0,0.0
:1190128349_2,0.0,10.007999999999997,0.0,0.0
:1190128349_3,0.0,10.007999999999997,0.0,0.0
:1190128349_4,0.0,10.007999999999997,0.0,0.0
:1190128349_5,0.0,10.007999999999997,0.0,0.0
:1190128349_6,0.0,10.007999999999997,0.0,0.0
:1190128349_7,0.0,10.007999999999997,0.0,0.0
:1190128349_8,0.0,10.007999999999997,0.0,0.0
:1190128349_9,0.0,10.007999999999997,0.0,0.0
:1190128353_0,0.0,21.816,0.0,0.0
:1190128353_1,0.0,11.664000000000001,0.0,0.0
:1190128353_2,0.0,13.14,0.0,0.0
:1190128353_3,0.0,39.995999999999995,0.0,0.0
:1190128353_4,0.0,22.319999999999997,0.0,0.0
:1190128353_5,0.0,22.319999999999997,0.0,0.0
:1190128353_6,0.0,21.816,0.0,0.0
:1190128353_7,0.0,11.664000000000001,0.0,0.0
:1190128353_8,0.0,13.14,0.0,0.0
:1190128355_0,0.0,11.664000000000001,0.0,0.0
:1190128355_1,0.0,11.664000000000001,0.0,0.0
:1190128363_0,0.0,11.664000000000001,0.0,0.0
:1190128363_1,0.0,11.664000000000001,0.0,0.0
:1191714258_0,0.1,29.040185393820217,3597.591307338299,0.031712473572938694
:1191714258_1,0.0,28.800000000000004,0.0,0.0
:1191714258_10,0.0,11.664000000000001,0.0,0.0
:1191714258_11,0.0,13.14,0.0,0.0
:1191714258_12,0.0,28.800000000000004,0.0,0.0
:1191714258_13,0.0,28.800000000000004,0.0,0.0
:1191714258_14,0.0,11.664000000000001,0.0,0.0
:1191714258_15,0.0,13.14,0.0,0.0
:1191714258_16,0.0,11.664000000000001,0.0,0.0
:1191714258_17,0.0,13.14,0.0,0.0
:1191714258_18,0.0,11.664000000000001,0.0,0.0
:1191714258_19,0.0,13.14,0.0,0.0
:1191714258_2,0.0,11.664000000000001,0.0,0.0
:1191714258_3,0.0,13.14,0.0,0.0
:1191714258_4,0.0,23.436000000000003,0.0,0.0
:1191714258_5,0.0,23.436000000000003,0.0,0.0
:1191714258_6,0.0,11.664000000000001,0.0,0.0
:1191714258_7,0.0,13.14,0.0,0.0
:1191714258_8,0.0,23.436000000000003,0.0,0.0
:1191714258_9,0.0,23.436000000000003,0.0,0.0
:1191714278_0,0.0,11.664000000000001,0.0,0.0
:1191714278_1,0.0,11.664000000000001,0.0,0.0
:1191714279_0,0.0,11.664000000000001,0.0,0.0
:1191714279_1,0.0,11.664000000000001,0.0,0.0
:1191714281_0,0.0,11.664000000000001,0.0,0.0
:1191714281_1,0.0,11.664000000000001,0.0,0.0
:1191714294_0,0.0,11.664000000000001,0.0,0.0
:1191714294_1,0.0,11.664000000000001,0.0,0.0
:1191714300_0,0.0,11.664000000000001,0.0,0.0
:1191714300_1,0.0,11.664000000000001,0.0,0.0
:1191714317_0,0.0,10.007999999999997,0.0,0.0
:1191714317_1,0.0,10.007999999999997,0.0,0.0
:1191714317_10,0.0,10.007999999999997,0.0,0.0
:1191714317_11,0.0,10.007999999999997,0.0,0.0
:1191714317_12,0.0,10.007999999999997,0.0,0.0
:1191714317_13,0.0,10.007999999999997,0.0,0.0
:1191714317_14,0.0,10.007999999999997,0.0,0.0
:1191714317_15,0.0,10.007999999999997,0.0,0.0
:1191714317_2,0.0,10.007999999999997,0.0,0.0
:1191714317_3,0.0,10.007999999999997,0.0,0.0
:1191714317_4,0.0,10.007999999999997,0.0,0.0
:1191714317_5,0.0,10.007999999999997,0.0,0.0
:1191714317_6,0.0,10.007999999999997,0.0,0.0
:1191714317_7,0.0,10.007999999999997,0.0,0.0
:1191714317_8,0.0,10.007999999999997,0.0,0.0
:1191714317_9,0.0,10.007999999999997,0.0,0.0
:1191714320_0,0.0,10.007999999999997,0.0,0.0
:1191714320_1,0.0,10.007999999999997,0.0,0.0
:1191714325_0,0.0,10.007999999999997,0.0,0.0
:1191714325_1,0.0,10.007999999999997,0.0,0.0
:1191714332_0,0.0,28.907999999999998,0.0,0.0
:1191714332_1,0.0,28.907999999999998,0.0,0.0
:1191714332_10,0.0,11.664000000000001,0.0,0.0
:1191714332_11,0.0,13.14,0.0,0.0
:1191714332_12,0.0,23.508000000000006,0.0,0.0
:1191714332_13,0.0,23.508000000000006,0.0,0.0
:1191714332_14,0.0,11.664000000000001,0.0,0.0
:1191714332_15,0.0,13.14,0.0,0.0
:1191714332_16,0.0,11.664000000000001,0.0,0.0
:1191714332_17,0.0,13.14,0.0,0.0
:1191714332_18,0.0,11.664000000000001,0.0,0.0
:1191714332_19,0.0,13.14,0.0,0.0
:1191714332_2,0.0,11.664000000000001,0.0,0.0
:1191714332_3,0.0,13.14,0.0,0.0
:1191714332_4,0.0,28.907999999999998,0.0,0.0
:1191714332_5,0.0,28.907999999999998,0.0,0.0
:1191714332_6,0.0,11.664000000000001,0.0,0.0
:1191714332_7,0.0,13.14,0.0,0.0
:1191714332_8,0.0,23.508000000000006,0.0,0.0
:1191714332_9,0.0,23.508000000000006,0.0,0.0
:1191714336_0,0.0,10.007999999999997,0.0,0.0
:1191714336_1,0.0,10.007999999999997,0.0,0.0
:1191714339_0,0.0,11.664000000000001,0.0,0.0
:1191714339_1,0.0,11.664000000000001,0.0,0.0
:1191714350_0,0.0,10.007999999999997,0.0,0.0
:1191714350_1,0.0,10.007999999999997,0.0,0.0
:1191714356_0,0.0,11.664000000000001,0.0,0.0
:1191714356_1,0.0,11.664000000000001,0.0,0.0
:1191714362_0,0.0,11.664000000000001,0.0,0.0
:1191714362_1,0.0,11.664000000000001,0.0,0.0
:1191714383_0,0.0,10.007999999999997,0.0,0.0
:1191714383_1,0.0,10.007999999999997,0.0,0.0
:1191714385_0,0.0,10.007999999999997,0.0,0.0
:1191714385_1,0.0,10.007999999999997,0.0,0.0
:1191714393_0,0.0,11.664000000000001,0.0,0.0
:1191714393_1,0.0,11.664000000000001,0.0,0.0
:1191714399_0,0.0,10.007999999999997,0.0,0.0
:1191714399_1,0.0,10.007999999999997,0.0,0.0
:1191714425_0,0.0,11.664000000000001,0.0,0.0
:1191714425_1,0.0,11.664000000000001,0.0,0.0
:1191714428_0,0.0,22.752000000000006,0.0,0.0
:1191714428_1,0.0,22.752000000000006,0.0,0.0
:1191714428_10,0.0,11.664000000000001,0.0,0.0
:1191714428_11,0.0,13.14,0.0,0.0
:1191714428_12,0.0,28.259999999999998,0.0,0.0
:1191714428_13,0.0,28.259999999999998,0.0,0.0
:1191714428_14,0.0,11.664000000000001,0.0,0.0
:1191714428_15,0.0,13.14,0.0,0.0
:1191714428_16,0.0,11.664000000000001,0.0,0.0
:1191714428_17,0.0,13.14,0.0,0.0
:1191714428_18,0.0,11.664000000000001,0.0,0.0
:1191714428_19,0.0,13.14,0.0,0.0
:1191714428_2,0.0,11.664000000000001,0.0,0.0
:1191714428_3,0.0,13.14,0.0,0.0
:1191714428_4,0.0,22.752000000000006,0.0,0.0
:1191714428_5,0.0,22.752000000000006,0.0,0.0
:1191714428_6,0.0,11.664000000000001,0.0,0.0
:1191714428_7,0.0,13.14,0.0,0.0
:1191714428_8,0.0,28.259999999999998,0.0,0.0
:1191714428_9,0.0,28.259999999999998,0.0,0.0
:1191714439_0,0.0,11.664000000000001,0.0,0.0
:1191714439_1,0.0,11.664000000000001,0.0,0.0
:1191863681_0,0.0,11.664000000000001,0.0,0.0
:1191863681_1,0.0,11.664000000000001,0.0,0.0
:1191863682_0,0.0,10.007999999999997,0.0,0.0
:1191863682_1,0.0,10.007999999999997,0.0,0.0
:1191863684_0,0.0,10.007999999999997,0.0,0.05947289318250244
:1191863684_1,0.0,10.007999999999997,0.0,0.0
:1191863685_0,0.0,11.664000000000001,0.0,0.0
:1191863685_1,0.0,11.664000000000001,0.0,0.0
:1191863687_0,0.0,10.007999999999997,0.0,0.0
:1191863687_1,0.0,10.007999999999997,0.0,0.0
:1191863688_0,0.0,10.007999999999997,0.0,0.0
:1191863688_1,0.0,10.007999999999997,0.0,0.0
:1191863688_10,0.0,10.007999999999997,0.0,0.0
:1191863688_11,0.0,10.007999999999997,0.0,0.0
:1191863688_12,0.0,10.007999999999997,0.0,0.0
:1191863688_13,0.0,10.007999999999997,0.0,0.0
:1191863688_14,0.0,10.007999999999997,0.0,0.0
:1191863688_15,0.0,10.007999999999997,0.0,0.0
:1191863688_2,0.0,10.007999999999997,0.0,0.0
:1191863688_3,0.0,10.007999999999997,0.0,0.0
:1191863688_4,0.0,10.007999999999997,0.0,0.0
:1191863688_5,0.0,10.007999999999997,0.0,0.0
:1191863688_6,0.0,10.007999999999997,0.0,0.0
:1191863688_7,0.0,10.007999999999997,0.0,0.0
:1191863688_8,0.0,10.007999999999997,0.0,0.0
:1191863688_9,0.0,10.007999999999997,0.0,0.0
:1191863690_0,0.0,11.664000000000001,0.0,0.0
:1191863690_1,0.0,11.664000000000001,0.0,0.0
:1191863693_0,0.0,22.176,0.0,0.0
:1191863693_1,0.0,11.664000000000001,0.0,0.0
:1191863693_2,0.0,13.14,0.0,0.0
:1191863693_3,0.0,39.995999999999995,0.0,0.0
:1191863693_5,0.0,21.78,0.0,0.0
:1191863693_6,0.0,21.78,0.0,0.0
:1191863693_7,0.0,22.176,0.0,0.0
:1191863693_8,0.0,11.664000000000001,0.0,0.0
:1191863693_9,0.0,13.14,0.0,0.0
:1191863697_0,0.0,10.007999999999997,0.0,0.0
:1191863697_1,0.0,10.007999999999997,0.0,0.0
:1191863699_0,0.0,11.664000000000001,0.0,0.0
:1191863699_1,0.0,11.664000000000001,0.0,0.0
:1191863707_0,0.0,10.007999999999997,0.0,0.0
:1191863707_1,0.0,10.007999999999997,0.0,0.0
:1191863710_0,0.0,11.664000000000001,0.0,0.0
:1191863710_1,0.0,11.664000000000001,0.0,0.0
:1191863711_0,0.0,24.984000000000005,0.0,0.0
:1191863711_1,0.0,10.007999999999997,0.0,0.0
:1191863711_2,0.0,10.007999999999997,0.0,0.0
:1191863711_3,0.0,24.12,0.0,0.0
:1191863711_4,0.0,24.12,0.0,0.0
:1191863711_5,0.0,39.995999999999995,0.0,0.0
:1191863711_7,0.0,23.436000000000003,0.0,0.0
:1191863711_8,0.0,10.007999999999997,0.0,0.0
:1191863711_9,0.0,10.007999999999997,0.0,0.0
:1191863712_0,0.0,10.007999999999997,0.0,0.0
:1191863712_1,0.0,10.007999999999997,0.0,0.0
:1191863715_0,0.0,11.664000000000001,0.0,0.0
:1191863715_1,0.0,11.664000000000001,0.0,0.0
:1191863718_0,0.0,39.995999999999995,0.0,0.0
:1191863718_2,0.0,22.068000000000005,0.0,0.0
:1191863718_3,0.0,22.068000000000005,0.0,0.0
:1191863718_4,0.0,21.960000000000004,0.0,0.0
:1191863718_5,0.0,11.664000000000001,0.0,0.0
:1191863718_6,0.0,13.14,0.0,0.0
:1191863718_7,0.0,21.960000000000004,0.0,0.0
:1191863718_8,0.0,11.664000000000001,0.0,0.0
:1191863718_9,0.0,13.14,0.0,0.0
:1191863738_0,0.0,11.664000000000001,0.0,0.0
:1191863738_1,0.0,11.664000000000001,0.0,0.0
:1191863742_0,0.0,10.007999999999997,0.0,0.0
:1191863742_1,0.0,10.007999999999997,0.0,0.0
:1191863749_0,0.1,68.0386250651327,0.0,0.048041083464570276
:1191863749_1,0.0,18.252000000000006,0.0,0.0
:1191863754_0,0.0,11.664000000000001,0.0,0.0
:1191863754_1,0.0,11.664000000000001,0.0,0.0
:1191863759_0,0.0,11.664000000000001,0.0,0.0
:1191863759_1,0.0,11.664000000000001,0.0,0.0
:1191863763_0,0.0,10.007999999999997,0.0,0.0
:1191863763_1,0.0,10.007999999999997,0.0,0.0
:1191863793_0,0.0,10.007999999999997,0.0,0.0
:1191863793_1,0.0,10.007999999999997,0.0,0.0
:1191863802_0,0.0,10.007999999999997,0.0,0.0
:1191863802_1,0.0,10.007999999999997,0.0,0.0
:1191863804_0,0.0,10.007999999999997,0.0,0.0
:1191863804_1,0.0,10.007999999999997,0.0,0.0
:1191863807_0,0.0,11.664000000000001,0.0,0.0
:1191863807_1,0.0,11.664000000000001,0.0,0.0
:1191863822_0,0.0,11.664000000000001,0.0,0.0
:1191863822_1,0.0,11.664000000000001,0.0,0.0
:1191863826_0,0.0,50.00400000000001,0.0,0.0
:1191863826_1,0.0,50.00400000000001,0.0,0.0
:1191863826_10,0.0,11.664000000000001,0.0,0.0
:1191863826_11,0.0,13.14,0.0,0.0
:1191863826_12,0.0,50.00400000000001,0.0,0.0
:1191863826_13,0.0,50.00400000000001,0.0,0.0
:1191863826_14,0.0,11.664000000000001,0.0,0.0
:1191863826_15,0.0,13.14,0.0,0.0
:1191863826_16,0.0,11.664000000000001,0.0,0.0
:1191863826_17,0.0,13.14,0.0,0.0
:1191863826_18,0.0,11.664000000000001,0.0,0.0
:1191863826_19,0.0,13.14,0.0,0.0
:1191863826_2,0.0,11.664000000000001,0.0,0.0
:1191863826_3,0.0,13.14,0.0,0.0
:1191863826_4,0.0,50.00400000000001,0.0,0.0
:1191863826_5,0.0,50.00400000000001,0.0,0.0
:1191863826_6,0.0,11.664000000000001,0.0,0.0
:1191863826_7,0.0,13.14,0.0,0.0
:1191863826_8,0.0,50.00400000000001,0.0,0.0
:1191863826_9,0.0,50.00400000000001,0.0,0.0
:1191863830_0,0.0,10.007999999999997,0.0,0.0
:1191863830_1,0.0,10.007999999999997,0.0,0.0
:1191863836_0,0.0,22.355999999999998,0.0,0.0
:1191863836_1,0.0,22.355999999999998,0.0,0.0
:1191863836_10,0.0,11.664000000000001,0.0,0.0
:1191863836_11,0.0,13.14,0.0,0.0
:1191863836_12,0.0,22.355999999999998,0.0,0.0
:1191863836_13,0.0,22.355999999999998,0.0,0.0
:1191863836_14,0.0,11.664000000000001,0.0,0.0
:1191863836_15,0.0,13.14,0.0,0.0
:1191863836_16,0.0,11.664000000000001,0.0,0.0
:1191863836_17,0.0,13.14,0.0,0.0
:1191863836_18,0.0,11.664000000000001,0.0,0.0
:1191863836_19,0.0,13.14,0.0,0.0
:1191863836_2,0.0,11.664000000000001,0.0,0.0
:1191863836_3,0.0,13.14,0.0,0.0
:1191863836_4,0.0,27.936,0.0,0.0
:1191863836_5,0.0,27.936,0.0,0.0
:1191863836_6,0.0,11.664000000000001,0.0,0.0
:1191863836_7,0.0,13.14,0.0,0.0
:1191863836_8,0.0,27.936,0.0,0.0
:1191863836_9,0.0,27.936,0.0,0.0
:1191863854_0,0.0,10.007999999999997,0.0,0.0
:1191863854_1,0.0,10.007999999999997,0.0,0.0
:1191863854_10,0.0,10.007999999999997,0.0,0.0
:1191863854_11,0.0,10.007999999999997,0.0,0.0
:1191863854_12,0.0,10.007999999999997,0.0,0.0
:1191863854_13,0.0,10.007999999999997,0.0,0.0
:1191863854_14,0.0,10.007999999999997,0.0,0.0
:1191863854_15,0.0,10.007999999999997,0.0,0.0
:1191863854_2,0.0,10.007999999999997,0.0,0.0
:1191863854_3,0.0,10.007999999999997,0.0,0.0
:1191863854_4,0.0,10.007999999999997,0.0,0.0
:1191863854_5,0.0,10.007999999999997,0.0,0.0
:1191863854_6,0.0,10.007999999999997,0.0,0.0
:1191863854_7,0.0,10.007999999999997,0.0,0.0
:1191863854_8,0.0,10.007999999999997,0.0,0.0
:1191863854_9,0.0,10.007999999999997,0.0,0.0
:1191863856_0,0.0,10.007999999999997,0.0,0.0
:1191863856_1,0.0,10.007999999999997,0.0,0.0
:1191863857_0,0.0,11.664000000000001,0.0,0.0
:1191863857_1,0.0,11.664000000000001,0.0,0.0
:1191863862_0,0.0,11.664000000000001,0.0,0.0
:1191863862_1,0.0,11.664000000000001,0.0,0.0
:1191863864_0,0.0,11.664000000000001,0.0,0.0
:1191863864_1,0.0,11.664000000000001,0.0,0.0
:1191863874_0,0.0,28.872000000000007,0.0,0.0
:1191863874_1,0.0,28.872000000000007,0.0,0.0
:1191863874_10,0.0,11.664000000000001,0.0,0.0
:1191863874_11,0.0,13.14,0.0,0.0
:1191863874_12,0.0,23.472,0.0,0.0
:1191863874_13,0.0,23.472,0.0,0.0
:1191863874_14,0.0,11.664000000000001,0.0,0.0
:1191863874_15,0.0,13.14,0.0,0.0
:1191863874_16,0.0,11.664000000000001,0.0,0.0
:1191863874_17,0.0,13.14,0.0,0.0
:1191863874_18,0.0,11.664000000000001,0.0,0.0
:1191863874_19,0.0,13.14,0.0,0.0
:1191863874_2,0.0,11.664000000000001,0.0,0.0
:1191863874_3,0.0,13.14,0.0,0.0
:1191863874_4,0.0,28.872000000000007,0.0,0.0
:1191863874_5,0.0,28.872000000000007,0.0,0.0
:1191863874_6,0.0,11.664000000000001,0.0,0.0
:1191863874_7,0.0,13.14,0.0,0.0
:1191863874_8,0.0,23.472,0.0,0.0
:1191863874_9,0.0,23.472,0.0,0.0
:1191863877_0,0.0,28.404000000000003,0.0,0.0
:1191863877_1,0.0,28.404000000000003,0.0,0.0
:1191863877_10,0.0,11.664000000000001,0.0,0.0
:1191863877_11,0.0,13.14,0.0,0.0
:1191863877_12,0.0,28.404000000000003,0.0,0.0
:1191863877_13,0.0,28.404000000000003,0.0,0.0
:1191863877_14,0.0,11.664000000000001,0.0,0.0
:1191863877_15,0.0,13.14,0.0,0.0
:1191863877_16,0.0,11.664000000000001,0.0,0.0
:1191863877_17,0.0,13.14,0.0,0.0
:1191863877_18,0.0,11.664000000000001,0.0,0.0
:1191863877_19,0.0,13.14,0.0,0.0
:1191863877_2,0.0,11.664000000000001,0.0,0.0
:1191863877_3,0.0,13.14,0.0,0.0
:1191863877_4,0.0,22.967999999999996,0.0,0.0
:1191863877_5,0.0,22.967999999999996,0.0,0.0
:1191863877_6,0.0,11.664000000000001,0.0,0.0
:1191863877_7,0.0,13.14,0.0,0.0
:1191863877_8,0.0,22.967999999999996,0.0,0.0
:1191863877_9,0.0,22.967999999999996,0.0,0.0
:1191863881_0,0.0,11.664000000000001,0.0,0.0
:1191863881_1,0.0,11.664000000000001,0.0,0.0
:1191863882_0,0.0,11.664000000000001,0.0,0.0
:1191863882_1,0.0,11.664000000000001,0.0,0.0
:1191863886_0,0.0,10.007999999999997,0.0,0.0
:1191863886_1,0.0,10.007999999999997,0.0,0.0
:1191863888_0,0.0,22.860000000000003,0.0,0.0
:1191863888_1,0.0,11.664000000000001,0.0,0.0
:1191863888_2,0.0,13.14,0.0,0.0
:1191863888_3,0.0,24.552,0.0,0.0
:1191863888_4,0.0,24.552,0.0,0.0
:1191863888_5,0.0,39.995999999999995,0.0,0.0
:1191863888_6,0.0,22.860000000000003,0.0,0.0
:1191863888_7,0.0,11.664000000000001,0.0,0.0
:1191863888_8,0.0,13.14,0.0,0.0
:1191863898_0,0.0,25.884000000000007,0.0,0.0
:1191863898_1,0.0,11.664000000000001,0.0,0.0
:1191863898_2,0.0,13.14,0.0,0.0
:1191863898_3,0.0,22.967999999999996,0.0,0.0
:1191863898_4,0.0,22.967999999999996,0.0,0.0
:1191863898_5,0.0,39.995999999999995,0.0,0.0
:1191863898_7,0.0,22.896000000000004,0.0,0.0
:1191863898_8,0.0,11.664000000000001,0.0,0.0
:1191863898_9,0.0,13.14,0.0,0.0
:1191863899_0,0.0,11.664000000000001,0.0,0.0
:1191863899_1,0.0,11.664000000000001,0.0,0.0
:1191863900_0,0.0,10.007999999999997,0.0,0.0
:1191863900_1,0.0,10.007999999999997,0.0,0.0
:1191863910_0,0.0,11.664000000000001,0.0,0.0
:1191863910_1,0.0,11.664000000000001,0.0,0.0
:1191863911_0,0.0,11.664000000000001,0.0,0.0
:1191863911_1,0.0,11.664000000000001,0.0,0.0
:1191863912_0,0.0,11.664000000000001,0.0,0.0
:1191863912_1,0.0,11.664000000000001,0.0,0.0
:1191863915_0,0.0,50.00400000000001,0.0,0.0
:1191863915_1,0.0,50.00400000000001,0.0,0.0
:1191863915_10,0.0,11.664000000000001,0.0,0.0
:1191863915_11,0.0,13.14,0.0,0.0
:1191863915_12,0.0,50.00400000000001,0.0,0.0
:1191863915_13,0.0,50.00400000000001,0.0,0.0
:1191863915_14,0.0,11.664000000000001,0.0,0.0
:1191863915_15,0.0,13.14,0.0,0.0
:1191863915_16,0.0,11.664000000000001,0.0,0.0
:1191863915_17,0.0,13.14,0.0,0.0
:1191863915_18,0.0,11.664000000000001,0.0,0.0
:1191863915_19,0.0,13.14,0.0,0.0
:1191863915_2,0.0,11.664000000000001,0.0,0.0
:1191863915_3,0.0,13.14,0.0,0.0
:1191863915_4,0.0,50.00400000000001,0.0,0.0
:1191863915_5,0.0,50.00400000000001,0.0,0.0
:1191863915_6,0.0,11.664000000000001,0.0,0.0
:1191863915_7,0.0,13.14,0.0,0.0
:1191863915_8,0.0,50.00400000000001,0.0,0.0
:1191863915_9,0.0,50.00400000000001,0.0,0.0
:1191863960_0,0.0,10.007999999999997,0.0,0.0
:1191863960_1,0.0,10.007999999999997,0.0,0.0
:1191863968_0,0.0,11.664000000000001,0.0,0.0
:1191863968_1,0.0,11.664000000000001,0.0,0.0
:1191863969_0,0.0,11.664000000000001,0.0,0.0
:1191863969_1,0.0,11.664000000000001,0.0,0.0
:1191863976_0,0.0,23.328000000000003,0.0,0.0
:1191863976_1,0.0,11.664000000000001,0.0,0.0
:1191863976_2,0.0,13.14,0.0,0.0
:1191863976_3,0.0,23.615999999999996,0.0,0.0
:1191863976_4,0.0,23.615999999999996,0.0,0.0
:1191863976_5,0.0,39.995999999999995,0.0,0.0
:1191863976_6,0.0,23.328000000000003,0.0,0.0
:1191863976_7,0.0,11.664000000000001,0.0,0.0
:1191863976_8,0.0,13.14,0.0,0.0
:1191863980_0,0.0,24.515999999999995,0.0,0.0
:1191863980_1,0.0,24.515999999999995,0.0,0.0
:1191863980_2,0.0,39.995999999999995,0.0,0.0
:1191863980_3,0.0,22.680000000000003,0.0,0.0
:1191863980_4,0.0,11.664000000000001,0.0,0.0
:1191863980_5,0.0,13.14,0.0,0.0
:1191863980_6,0.0,22.680000000000003,0.0,0.0
:1191863980_7,0.0,11.664000000000001,0.0,0.0
:1191863980_8,0.0,13.14,0.0,0.0
:1191863982_0,0.0,11.664000000000001,0.0,0.0
:1191863982_1,0.0,11.664000000000001,0.0,0.0
:1191863984_0,0.0,10.007999999999997,0.0,0.0
:1191863984_1,0.0,10.007999999999997,0.0,0.0
:1191863987_0,0.0,10.007999999999997,0.0,0.0
:1191863987_1,0.0,10.007999999999997,0.0,0.0
:1191864000_0,0.0,11.664000000000001,0.0,0.0
:1191864000_1,0.0,11.664000000000001,0.0,0.0
:1191864009_0,0.0,27.972,0.0,0.0
:1191864009_1,0.0,11.664000000000001,0.0,0.0
:1191864009_2,0.0,13.14,0.0,0.0
:1191864009_3,0.0,39.995999999999995,0.0,0.0
:1191864009_5,0.0,26.028,0.0,0.0
:1191864009_6,0.0,26.028,0.0,0.0
:1191864009_7,0.0,27.972,0.0,0.0
:1191864009_8,0.0,11.664000000000001,0.0,0.0
:1191864009_9,0.0,13.14,0.0,0.0
:1191864010_0,0.0,11.664000000000001,0.0,0.0
:1191864010_1,0.0,11.664000000000001,0.0,0.0
:1191864023_0,0.0,10.007999999999997,0.0,0.0
:1191864023_1,0.0,10.007999999999997,0.0,0.0
:1191864027_0,0.0,11.664000000000001,0.0,0.0
:1191864027_1,0.0,11.664000000000001,0.0,0.0
:1191864029_0,0.0,11.664000000000001,0.0,0.0
:1191864029_1,0.0,11.664000000000001,0.0,0.0
:1191864030_0,0.0,26.496000000000002,0.0,0.0
:1191864030_1,0.0,26.496000000000002,0.0,0.0
:1191864030_10,0.0,50.00400000000001,0.0,0.0
:1191864030_11,0.0,50.00400000000001,0.0,0.0
:1191864030_12,0.0,27.720000000000006,0.0,0.0
:1191864030_13,0.0,11.664000000000001,0.0,0.0
:1191864030_14,0.0,13.14,0.0,0.0
:1191864030_15,0.0,22.355999999999998,0.0,0.0
:1191864030_16,0.0,50.00400000000001,0.0,0.0
:1191864030_17,0.0,50.00400000000001,0.0,0.0
:1191864030_18,0.0,11.664000000000001,0.0,0.0
:1191864030_19,0.0,13.14,0.0,0.0
:1191864030_2,0.0,39.995999999999995,0.0,0.0
:1191864030_20,0.0,22.355999999999998,0.0,0.0
:1191864030_21,0.0,50.00400000000001,0.0,0.0
:1191864030_22,0.0,50.00400000000001,0.0,0.0
:1191864030_23,0.0,11.664000000000001,0.0,0.0
:1191864030_24,0.0,13.14,0.0,0.0
:1191864030_3,0.0,25.704,0.0,0.0
:1191864030_4,0.0,25.704,0.0,0.0
:1191864030_5,0.0,50.00400000000001,0.0,0.0
:1191864030_6,0.0,50.00400000000001,0.0,0.0
:1191864030_7,0.0,27.720000000000006,0.0,0.0
:1191864030_8,0.0,11.664000000000001,0.0,0.0
:1191864030_9,0.0,13.14,0.0,0.0
:1191864031_0,0.0,11.664000000000001,0.0,0.0
:1191864031_1,0.0,11.664000000000001,0.0,0.0
:1191864035_0,0.0,10.007999999999997,0.0,0.0
:1191864035_1,0.0,10.007999999999997,0.0,0.0
:1191864038_0,0.0,10.007999999999997,0.0,0.0
:1191864038_1,0.0,10.007999999999997,0.0,0.0
:1191864039_0,0.0,11.664000000000001,0.0,0.0
:1191864039_1,0.0,11.664000000000001,0.0,0.0
:1191864041_0,0.0,10.007999999999997,0.0,0.0
:1191864041_1,0.0,10.007999999999997,0.0,0.0
:1191864047_0,0.0,11.664000000000001,0.0,0.0
:1191864047_1,0.0,11.664000000000001,0.0,0.0
:1191864049_0,0.0,28.619999999999997,0.0,0.0
:1191864049_1,0.0,28.619999999999997,0.0,0.0
:1191864049_10,0.0,11.664000000000001,0.0,0.0
:1191864049_11,0.0,13.14,0.0,0.0
:1191864049_12,0.0,23.220000000000002,0.0,0.0
:1191864049_13,0.0,23.220000000000002,0.0,0.0
:1191864049_14,0.0,11.664000000000001,0.0,0.0
:1191864049_15,0.0,13.14,0.0,0.0
:1191864049_16,0.0,11.664000000000001,0.0,0.0
:1191864049_17,0.0,13.14,0.0,0.0
:1191864049_18,0.0,11.664000000000001,0.0,0.0
:1191864049_19,0.0,13.14,0.0,0.0
:1191864049_2,0.0,11.664000000000001,0.0,0.0
:1191864049_3,0.0,13.14,0.0,0.0
:1191864049_4,0.0,28.619999999999997,0.0,0.0
:1191864049_5,0.0,28.619999999999997,0.0,0.0
:1191864049_6,0.0,11.664000000000001,0.0,0.0
:1191864049_7,0.0,13.14,0.0,0.0
:1191864049_8,0.0,23.220000000000002,0.0,0.0
:1191864049_9,0.0,23.220000000000002,0.0,0.0
:1191864050_0,0.0,10.007999999999997,0.0,0.0
:1191864050_1,0.0,10.007999999999997,0.0,0.0
:1191864053_0,0.0,22.932000000000006,0.0,0.0
:1191864053_1,0.0,11.664000000000001,0.0,0.0
:1191864053_2,0.0,13.14,0.0,0.0
:1191864053_3,0.0,22.932000000000006,0.0,0.0
:1191864053_4,0.0,11.664000000000001,0.0,0.0
:1191864053_5,0.0,13.14,0.0,0.0
:1191864053_6,0.0,24.372000000000003,0.0,0.0
:1191864053_7,0.0,24.372000000000003,0.0,0.0
:1191864053_8,0.0,39.995999999999995,0.0,0.0
:1191864054_0,0.0,10.007999999999997,0.0,0.0
:1191864054_1,0.0,10.007999999999997,0.0,0.0
:1191864066_0,0.0,11.664000000000001,0.0,0.0
:1191864066_1,0.0,11.664000000000001,0.0,0.0
:1191864075_0,0.0,11.664000000000001,0.0,0.0
:1191864075_1,0.0,11.664000000000001,0.0,0.0
:11942118410_0,0.0,39.995999999999995,0.0,0.0
:11942118410_1,0.0,26.784,0.0,0.0
:11942118414_0,0.0,31.104000000000003,0.0,0.0
:11942118414_1,0.0,50.940000000000005,0.0,0.0
:11944603791_0,0.0,24.768,0.0,0.0
:11944603791_1,0.0,11.664000000000001,0.0,0.0
:11944603791_2,0.0,13.14,0.0,0.0
:11944603791_3,0.0,60.012000000000015,0.0,0.0
:11944603791_5,0.0,21.132,0.0,0.0
:11944603791_6,0.0,21.132,0.0,0.0
:11944603791_7,0.0,24.768,0.0,0.0
:11944603791_8,0.0,11.664000000000001,0.0,0.0
:11944603791_9,0.0,13.14,0.0,0.0
:11944603792_0,0.0,11.664000000000001,0.0,0.0
:11944603792_1,0.0,11.664000000000001,0.0,0.0
:11944603794_0,0.0,11.664000000000001,0.0,0.0
:11944603794_1,0.0,11.664000000000001,0.0,0.0
:1194659612-AddedOnRampNode_0,0.0,39.995999999999995,0.0,0.0
:1194742583_0,0.0,11.664000000000001,0.0,0.0
:1194742583_1,0.0,11.664000000000001,0.0,0.0
:1194742600_0,0.0,11.664000000000001,0.0,0.0
:1194742600_1,0.0,11.664000000000001,0.0,0.0
:1194742620_0,0.0,11.664000000000001,0.0,0.0
:1194742620_1,0.0,11.664000000000001,0.0,0.0
:1194742624_0,0.0,10.007999999999997,0.0,0.0
:1194742624_1,0.0,10.007999999999997,0.0,0.0
:1194742630_0,0.0,11.664000000000001,0.0,0.0
:1194742630_1,0.0,11.664000000000001,0.0,0.0
:1194742646_0,0.0,11.664000000000001,0.0,0.0
:1194742646_1,0.1,11.714621760000002,0.0,0.015185124999999966
:1194742655_0,0.0,10.007999999999997,0.0,0.0
:1194742655_1,0.0,10.007999999999997,0.0,0.0
:1194742672_0,0.0,11.664000000000001,0.0,0.0
:1194742672_1,0.0,11.664000000000001,0.0,0.0
:1194742674_0,0.0,11.664000000000001,0.0,0.0
:1194742674_1,0.0,11.664000000000001,0.0,0.0
:1194742683_0,0.0,10.007999999999997,0.0,0.0
:1194742683_1,0.0,10.007999999999997,0.0,0.0
:1194742707_0,0.0,38.303999999999995,0.0,0.0
:1194742707_1,0.0,50.00400000000001,0.0,0.0
:1194742707_10,0.0,52.488,0.0,0.0
:1194742707_11,0.0,50.00400000000001,0.0,0.0
:1194742707_12,0.0,50.00400000000001,0.0,0.0
:1194742707_13,0.0,22.896000000000004,0.0,0.0
:1194742707_14,0.0,11.664000000000001,0.0,0.0
:1194742707_15,0.0,13.14,0.0,0.0
:1194742707_16,0.0,50.00400000000001,0.0,0.0
:1194742707_17,0.0,50.00400000000001,0.0,0.0
:1194742707_18,0.0,22.896000000000004,0.0,0.0
:1194742707_19,0.0,11.664000000000001,0.0,0.0
:1194742707_2,0.0,50.00400000000001,0.0,0.0
:1194742707_20,0.0,13.14,0.0,0.0
:1194742707_21,0.0,38.303999999999995,0.0,0.0
:1194742707_22,0.0,50.00400000000001,0.0,0.0
:1194742707_23,0.0,50.00400000000001,0.0,0.0
:1194742707_24,0.0,11.664000000000001,0.0,0.0
:1194742707_25,0.0,13.14,0.0,0.0
:1194742707_26,0.0,52.488,0.0,0.0
:1194742707_27,0.0,22.896000000000004,0.0,0.0
:1194742707_28,0.0,11.664000000000001,0.0,0.0
:1194742707_29,0.0,13.14,0.0,0.0
:1194742707_3,0.0,11.664000000000001,0.0,0.0
:1194742707_4,0.0,13.14,0.0,0.0
:1194742707_5,0.0,19.512,0.0,0.0
:1194742707_6,0.0,19.512,0.0,0.0
:1194742707_7,0.0,60.012000000000015,0.0,0.0
:1194742707_9,0.0,52.488,0.0,0.0
:1194742709_0,0.0,29.052000000000003,0.0,0.0
:1194742709_1,0.0,29.052000000000003,0.0,0.0
:1194742709_10,0.0,11.664000000000001,0.0,0.0
:1194742709_11,0.0,13.14,0.0,0.0
:1194742709_12,0.0,29.052000000000003,0.0,0.0
:1194742709_13,0.0,29.052000000000003,0.0,0.0
:1194742709_14,0.0,10.007999999999997,0.0,0.0
:1194742709_15,0.0,10.007999999999997,0.0,0.0
:1194742709_16,0.0,13.14,0.0,0.0
:1194742709_2,0.0,10.007999999999997,0.0,0.0
:1194742709_3,0.0,10.007999999999997,0.0,0.0
:1194742709_4,0.0,23.615999999999996,0.0,0.0
:1194742709_5,0.0,23.615999999999996,0.0,0.0
:1194742709_6,0.0,11.664000000000001,0.0,0.0
:1194742709_7,0.0,13.14,0.0,0.0
:1194742709_8,0.0,23.615999999999996,0.0,0.0
:1194742709_9,0.0,23.615999999999996,0.0,0.0
:1194742713_0,0.0,10.007999999999997,0.0,0.0
:1194742713_1,0.0,10.007999999999997,0.0,0.0
:1194742715_0,0.0,11.664000000000001,0.0,0.0
:1194742715_1,0.0,11.664000000000001,0.0,0.0
:1194742734_0,0.0,11.664000000000001,0.0,0.0
:1194742734_1,0.0,11.664000000000001,0.0,0.0
:1194742740_0,0.0,11.664000000000001,0.0,0.0
:1194742740_1,0.0,11.664000000000001,0.0,0.0
:1194742742_0,0.0,11.664000000000001,0.0,0.0
:1194742742_1,0.0,11.664000000000001,0.0,0.0
:1194742751_0,0.0,11.664000000000001,0.0,0.0
:1194742751_1,0.0,11.664000000000001,0.0,0.0
:1194742752_0,0.0,10.007999999999997,0.0,0.0
:1194742752_1,0.0,10.007999999999997,0.0,0.0
:1194742766_0,0.0,11.664000000000001,0.0,0.0
:1194742766_1,0.0,11.664000000000001,0.0,0.0
:1194742772_0,0.0,11.664000000000001,0.0,0.0
:1194742772_1,0.0,11.664000000000001,0.0,0.0
:1194742793_0,0.0,11.664000000000001,0.0,0.0
:1194742793_1,0.0,11.664000000000001,0.0,0.0
:1194742812_0,0.0,60.012000000000015,0.0,0.0
:1194742812_2,0.0,20.88,0.0,0.0
:1194742812_3,0.0,20.88,0.0,0.0
:1194742812_4,0.0,32.29200000000001,0.0,0.0
:1194742812_5,0.0,11.664000000000001,0.0,0.0
:1194742812_6,0.0,13.14,0.0,0.0
:1194742812_7,0.0,32.29200000000001,0.0,0.0
:1194742812_8,0.0,11.664000000000001,0.0,0.0
:1194742812_9,0.0,13.14,0.0,0.0
:1194742819_0,0.0,28.872000000000007,0.0,0.0
:1194742819_1,0.0,28.872000000000007,0.0,0.0
:1194742819_10,0.0,11.664000000000001,0.0,0.0
:1194742819_11,0.0,13.14,0.0,0.0
:1194742819_12,0.0,23.472,0.0,0.0
:1194742819_13,0.0,23.472,0.0,0.0
:1194742819_14,0.0,11.664000000000001,0.0,0.0
:1194742819_15,0.0,13.14,0.0,0.0
:1194742819_16,0.0,13.14,0.0,0.0
:1194742819_2,0.0,10.007999999999997,0.0,0.0
:1194742819_3,0.0,10.007999999999997,0.0,0.0
:1194742819_4,0.0,28.872000000000007,0.0,0.0
:1194742819_5,0.0,28.872000000000007,0.0,0.0
:1194742819_6,0.0,10.007999999999997,0.0,0.0
:1194742819_7,0.0,10.007999999999997,0.0,0.0
:1194742819_8,0.0,23.472,0.0,0.0
:1194742819_9,0.0,23.472,0.0,0.0
:1194742826_0,0.0,11.664000000000001,0.0,0.0
:1194742826_1,0.0,11.664000000000001,0.0,0.0
:1194742836_0,0.0,21.888,0.0,0.0
:1194742836_1,0.0,11.664000000000001,0.0,0.0
:1194742836_2,0.0,13.14,0.0,0.0
:1194742836_3,0.0,21.888,0.0,0.0
:1194742836_4,0.0,11.664000000000001,0.0,0.0
:1194742836_5,0.0,13.14,0.0,0.0
:1194742836_6,0.0,39.995999999999995,0.0,0.0
:1194742836_8,0.0,21.852,0.0,0.0
:1194742836_9,0.0,21.852,0.0,0.0
:1194742856_0,0.0,44.02800000000001,0.0,0.0
:1194742856_1,0.0,11.664000000000001,0.0,0.0
:1194742856_2,0.0,13.14,0.0,0.0
:1194742856_3,0.0,44.02800000000001,0.0,0.0
:1194742856_4,0.0,11.664000000000001,0.0,0.0
:1194742856_5,0.0,13.14,0.0,0.0
:1194742856_6,0.0,60.012000000000015,0.0,0.0
:1194742856_8,0.0,21.348000000000003,0.0,0.0
:1194742856_9,0.0,21.348000000000003,0.0,0.0
:1194742870_0,0.0,11.664000000000001,0.0,0.0
:1194742870_1,0.0,11.664000000000001,0.0,0.0
:1194742873_0,0.0,11.664000000000001,0.0,0.0
:1194742873_1,0.0,11.664000000000001,0.0,0.0
:1194742907_0,0.0,11.664000000000001,0.0,0.0
:1194742907_1,0.0,11.664000000000001,0.0,0.0
:1194742909_0,0.0,37.476,0.0,0.0
:1194742909_1,0.0,37.476,0.0,0.0
:1194742909_10,0.0,11.664000000000001,0.0,0.0
:1194742909_11,0.0,13.14,0.0,0.0
:1194742909_12,0.0,37.476,0.0,0.0
:1194742909_13,0.0,37.476,0.0,0.0
:1194742909_14,0.0,11.664000000000001,0.0,0.0
:1194742909_15,0.0,13.14,0.0,0.0
:1194742909_16,0.0,11.664000000000001,0.0,0.0
:1194742909_17,0.0,13.14,0.0,0.0
:1194742909_18,0.0,11.664000000000001,0.0,0.0
:1194742909_19,0.0,13.14,0.0,0.0
:1194742909_2,0.0,11.664000000000001,0.0,0.0
:1194742909_3,0.0,13.14,0.0,0.0
:1194742909_4,0.0,31.175999999999995,0.0,0.0
:1194742909_5,0.0,31.175999999999995,0.0,0.0
:1194742909_6,0.0,11.664000000000001,0.0,0.0
:1194742909_7,0.0,13.14,0.0,0.0
:1194742909_8,0.0,31.175999999999995,0.0,0.0
:1194742909_9,0.0,31.175999999999995,0.0,0.0
:1194742910_0,0.0,11.664000000000001,0.0,0.0
:1194742910_1,0.0,11.664000000000001,0.0,0.0
:1194742914_0,0.0,10.007999999999997,0.0,0.0
:1194742914_1,0.0,10.007999999999997,0.0,0.0
:1194742946_0,0.0,11.664000000000001,0.0,0.0
:1194742946_1,0.0,11.664000000000001,0.0,0.0
:1194742952_0,0.0,11.664000000000001,0.0,0.0
:1194742952_1,0.0,11.664000000000001,0.0,0.0
:1194742956_0,0.0,55.007999999999996,0.0,0.0
:1194742956_1,0.0,50.00400000000001,0.0,0.0
:1194742956_10,0.0,50.040000000000006,0.0,0.0
:1194742956_11,0.0,50.00400000000001,0.0,0.0
:1194742956_12,0.0,50.00400000000001,0.0,0.0
:1194742956_13,0.0,23.508000000000006,0.0,0.0
:1194742956_14,0.0,11.664000000000001,0.0,0.0
:1194742956_15,0.0,13.14,0.0,0.0
:1194742956_16,0.0,50.00400000000001,0.0,0.0
:1194742956_17,0.0,50.00400000000001,0.0,0.0
:1194742956_18,0.0,23.508000000000006,0.0,0.0
:1194742956_19,0.0,11.664000000000001,0.0,0.0
:1194742956_2,0.0,50.00400000000001,0.0,0.0
:1194742956_20,0.0,13.14,0.0,0.0
:1194742956_21,0.0,55.007999999999996,0.0,0.0
:1194742956_22,0.0,50.00400000000001,0.0,0.0
:1194742956_23,0.0,50.00400000000001,0.0,0.0
:1194742956_24,0.0,11.664000000000001,0.0,0.0
:1194742956_25,0.0,13.14,0.0,0.0
:1194742956_3,0.0,11.664000000000001,0.0,0.0
:1194742956_4,0.0,13.14,0.0,0.0
:1194742956_5,0.0,18.252000000000006,0.0,0.0
:1194742956_6,0.0,18.252000000000006,0.0,0.0
:1194742956_7,0.0,60.012000000000015,0.0,0.0
:1194742956_9,0.0,50.040000000000006,0.0,0.0
:1194742958_0,0.0,11.664000000000001,0.0,0.0
:1194742958_1,0.0,11.664000000000001,0.0,0.0
:1194742971_0,0.0,10.007999999999997,0.0,0.0
:1194742971_1,0.0,10.007999999999997,0.0,0.0
:1194742973_0,0.0,11.664000000000001,0.0,0.0
:1194742973_1,0.0,11.664000000000001,0.0,0.0
:1194742985_0,0.0,28.115999999999993,0.0,0.0
:1194742985_1,0.0,28.115999999999993,0.0,0.0
:1194742985_10,0.0,11.664000000000001,0.0,0.0
:1194742985_11,0.0,13.14,0.0,0.0
:1194742985_12,0.0,28.115999999999993,0.0,0.0
:1194742985_13,0.0,28.115999999999993,0.0,0.0
:1194742985_14,0.0,11.664000000000001,0.0,0.0
:1194742985_15,0.0,13.14,0.0,0.0
:1194742985_16,0.0,11.664000000000001,0.0,0.0
:1194742985_17,0.0,13.14,0.0,0.0
:1194742985_18,0.0,11.664000000000001,0.0,0.0
:1194742985_19,0.0,13.14,0.0,0.0
:1194742985_2,0.0,11.664000000000001,0.0,0.0
:1194742985_3,0.0,13.14,0.0,0.0
:1194742985_4,0.0,22.572,0.0,0.0
:1194742985_5,0.0,22.572,0.0,0.0
:1194742985_6,0.0,11.664000000000001,0.0,0.0
:1194742985_7,0.0,13.14,0.0,0.0
:1194742985_8,0.0,22.572,0.0,0.0
:1194742985_9,0.0,22.572,0.0,0.0
:1194742996_0,0.0,29.124000000000002,0.0,0.0
:1194742996_1,0.0,29.124000000000002,0.0,0.0
:1194742996_10,0.0,11.664000000000001,0.0,0.0
:1194742996_11,0.0,13.14,0.0,0.0
:1194742996_12,0.0,23.651999999999997,0.0,0.0
:1194742996_13,0.0,23.651999999999997,0.0,0.0
:1194742996_14,0.0,11.664000000000001,0.0,0.0
:1194742996_15,0.0,13.14,0.0,0.0
:1194742996_16,0.0,11.664000000000001,0.0,0.0
:1194742996_17,0.0,13.14,0.0,0.0
:1194742996_18,0.0,11.664000000000001,0.0,0.0
:1194742996_19,0.0,13.14,0.0,0.0
:1194742996_2,0.0,11.664000000000001,0.0,0.0
:1194742996_3,0.0,13.14,0.0,0.0
:1194742996_4,0.0,29.124000000000002,0.0,0.0
:1194742996_5,0.0,29.124000000000002,0.0,0.0
:1194742996_6,0.0,11.664000000000001,0.0,0.0
:1194742996_7,0.0,13.14,0.0,0.0
:1194742996_8,0.0,23.651999999999997,0.0,0.0
:1194742996_9,0.0,23.651999999999997,0.0,0.0
:1194742997_0,0.0,11.664000000000001,0.0,0.0
:1194742997_1,0.0,11.664000000000001,0.0,0.0
:1194743006_0,0.0,10.007999999999997,0.0,0.0
:1194743006_1,0.0,10.007999999999997,0.0,0.0
:1194743012_0,0.0,10.007999999999997,0.0,0.0
:1194743012_1,0.0,10.007999999999997,0.0,0.0
:1194743014_0,0.0,11.664000000000001,0.0,0.0
:1194743014_1,0.0,11.664000000000001,0.0,0.0
:1194743028_0,0.0,10.007999999999997,0.0,0.0
:1194743028_1,0.1,9.901057726105076,2700.5735534501187,0.0956790837072227
:1194743033_0,0.0,11.664000000000001,0.0,0.0
:1194743033_1,0.0,11.664000000000001,0.0,0.0
:1194743044_0,0.0,11.664000000000001,0.0,0.0
:1194743044_1,0.0,11.664000000000001,0.0,0.0
:1194743060_0,0.0,10.007999999999997,0.0,0.0
:1194743060_1,0.0,10.007999999999997,0.0,0.0
:1194743076_0,0.0,11.664000000000001,0.0,0.0
:1194743076_1,0.0,11.664000000000001,0.0,0.0
:1195827193_0,0.0,11.664000000000001,0.0,0.0
:1195827193_1,0.0,11.664000000000001,0.0,0.0
:1195827224_0,0.0,11.664000000000001,0.0,0.0
:1195827224_1,0.0,11.664000000000001,0.0,0.0
:1195827265_0,0.0,11.664000000000001,0.0,0.0
:1195827265_1,0.0,11.664000000000001,0.0,0.0
:1195827285_0,0.0,25.848000000000006,0.0,0.0
:1195827285_1,0.0,25.848000000000006,0.0,0.0
:1195827285_10,0.0,10.007999999999997,0.0,0.0
:1195827285_11,0.0,10.007999999999997,0.0,0.0
:1195827285_12,0.0,25.848000000000006,0.0,0.0
:1195827285_13,0.0,25.848000000000006,0.0,0.0
:1195827285_14,0.0,11.664000000000001,0.0,0.0
:1195827285_15,0.0,13.14,0.0,0.0
:1195827285_16,0.0,13.14,0.0,0.0
:1195827285_2,0.0,11.664000000000001,0.0,0.0
:1195827285_3,0.0,13.14,0.0,0.0
:1195827285_4,0.0,19.764000000000006,0.0,0.0
:1195827285_5,0.0,19.764000000000006,0.0,0.0
:1195827285_6,0.0,10.007999999999997,0.0,0.0
:1195827285_7,0.0,10.007999999999997,0.0,0.0
:1195827285_8,0.0,19.764000000000006,0.0,0.0
:1195827285_9,0.0,19.764000000000006,0.0,0.0
:1195827310_0,0.0,28.907999999999998,0.0,0.0
:1195827310_1,0.0,28.907999999999998,0.0,0.0
:1195827310_10,0.0,11.664000000000001,0.0,0.0
:1195827310_11,0.0,13.14,0.0,0.0
:1195827310_12,0.0,28.907999999999998,0.0,0.0
:1195827310_13,0.0,28.907999999999998,0.0,0.0
:1195827310_14,0.0,10.007999999999997,0.0,0.0
:1195827310_15,0.0,10.007999999999997,0.0,0.0
:1195827310_16,0.0,13.14,0.0,0.0
:1195827310_2,0.0,10.007999999999997,0.0,0.0
:1195827310_3,0.0,10.007999999999997,0.0,0.0
:1195827310_4,0.0,23.508000000000006,0.0,0.0
:1195827310_5,0.0,23.508000000000006,0.0,0.0
:1195827310_6,0.0,11.664000000000001,0.0,0.0
:1195827310_7,0.0,13.14,0.0,0.0
:1195827310_8,0.0,23.508000000000006,0.0,0.0
:1195827310_9,0.0,23.508000000000006,0.0,0.0
:1195827311_0,0.0,21.528,0.0,0.0
:1195827311_1,0.0,11.664000000000001,0.0,0.0
:1195827311_2,0.0,13.14,0.0,0.0
:1195827311_3,0.0,21.528,0.0,0.0
:1195827311_4,0.0,11.664000000000001,0.0,0.0
:1195827311_5,0.0,13.14,0.0,0.0
:1195827311_6,0.0,28.476000000000006,0.0,0.0
:1195827311_7,0.0,28.476000000000006,0.0,0.0
:1195827311_8,0.0,100.00800000000002,0.0,0.0
:1195827326_0,0.0,11.664000000000001,0.0,0.0
:1195827326_1,0.1,11.299341250527993,0.0,0.20962494545887553
:1195827354_0,0.0,11.664000000000001,0.0,0.0
:1195827354_1,0.0,11.664000000000001,0.0,0.0
:1195827370_0,0.0,11.664000000000001,0.0,0.0
:1195827370_1,0.0,11.664000000000001,0.0,0.0
:1195827400_0,0.0,11.664000000000001,0.0,0.0
:1195827400_1,0.0,11.664000000000001,0.0,0.0
:1195827402_0,0.0,10.007999999999997,0.0,0.0
:1195827402_1,0.0,10.007999999999997,0.0,0.0
:1195827457_0,0.0,10.007999999999997,0.0,0.0
:1195827457_1,0.0,10.007999999999997,0.0,0.0
:1195827463_0,0.0,10.007999999999997,0.0,0.0
:1195827463_1,0.0,10.007999999999997,0.0,0.0
:1195827476_0,0.0,11.664000000000001,0.0,0.0
:1195827476_1,0.0,11.664000000000001,0.0,0.0
:1195827483_0,0.0,10.007999999999997,0.0,0.0
:1195827483_1,0.0,10.007999999999997,0.0,0.0
:1195827510_0,0.0,11.664000000000001,0.0,0.0
:1195827510_1,0.0,11.664000000000001,0.0,0.0
:1195827529_0,0.0,11.664000000000001,0.0,0.0
:1195827529_1,0.0,11.664000000000001,0.0,0.0
:1195827564_0,0.0,11.664000000000001,0.0,0.0
:1195827564_1,0.0,11.664000000000001,0.0,0.0
:1195877082_0,0.2,11.607102782924125,0.0,0.19427110509152046
:1195877082_1,0.0,11.664000000000001,0.0,0.0
:1195877087_0,0.0,11.664000000000001,0.0,0.0
:1195877087_1,0.0,11.664000000000001,0.0,0.0
:1195877090_0,0.0,22.860000000000003,0.0,0.0
:1195877090_1,0.0,22.860000000000003,0.0,0.0
:1195877090_10,0.0,10.007999999999997,0.0,0.0
:1195877090_11,0.0,10.007999999999997,0.0,0.0
:1195877090_12,0.0,23.400000000000002,0.0,0.0
:1195877090_13,0.1,21.902687575057886,6285.559261216117,0.008080874133669062
:1195877090_14,0.0,30.024,0.0,0.0
:1195877090_15,0.0,30.024,0.0,0.0
:1195877090_16,0.0,10.007999999999997,0.0,0.0
:1195877090_17,0.0,10.007999999999997,0.0,0.0
:1195877090_18,0.0,30.024,0.0,0.0
:1195877090_19,0.0,30.024,0.0,0.0
:1195877090_2,0.0,28.800000000000004,0.0,0.0
:1195877090_20,0.0,28.332,0.0,0.0
:1195877090_21,0.0,28.332,0.0,0.0
:1195877090_22,0.0,11.664000000000001,0.0,0.0
:1195877090_23,0.0,13.14,0.0,0.0
:1195877090_24,0.0,30.024,0.0,0.0
:1195877090_25,0.1,29.580008022508366,14066.259775929053,0.05666186560312771
:1195877090_26,0.0,28.332,0.0,0.0
:1195877090_27,0.0,28.332,0.0,0.0
:1195877090_28,0.0,11.664000000000001,0.0,0.0
:1195877090_29,0.0,13.14,0.0,0.0
:1195877090_3,0.0,28.800000000000004,0.0,0.0
:1195877090_30,0.0,22.860000000000003,0.0,0.0
:1195877090_31,0.0,22.860000000000003,0.0,0.0
:1195877090_32,0.0,28.800000000000004,0.0,0.0
:1195877090_33,0.0,28.800000000000004,0.0,0.0
:1195877090_34,0.0,11.664000000000001,0.0,0.0
:1195877090_35,0.0,13.14,0.0,0.0
:1195877090_36,0.0,28.800000000000004,0.0,0.0
:1195877090_37,0.0,28.800000000000004,0.0,0.0
:1195877090_38,0.0,11.664000000000001,0.0,0.0
:1195877090_39,0.0,13.14,0.0,0.0
:1195877090_4,0.0,11.664000000000001,0.0,0.0
:1195877090_40,0.0,11.664000000000001,0.0,0.0
:1195877090_41,0.0,13.14,0.0,0.0
:1195877090_5,0.0,13.14,0.0,0.0
:1195877090_6,0.0,23.400000000000002,0.0,0.0
:1195877090_7,0.0,23.400000000000002,0.0,0.0
:1195877090_8,0.0,30.024,0.0,0.0
:1195877090_9,0.0,30.024,0.0,0.0
:1195877093_0,0.0,11.664000000000001,0.0,0.0
:1195877093_1,0.0,11.664000000000001,0.0,0.0
:1195877095_0,0.0,30.024,0.0,0.0
:1195877095_1,0.0,30.024,0.0,0.0
:1195877095_10,0.0,11.664000000000001,0.0,0.0
:1195877095_11,0.0,13.14,0.0,0.0
:1195877095_12,0.0,30.024,0.0,0.0
:1195877095_13,0.0,30.024,0.0,0.0
:1195877095_14,0.0,10.007999999999997,0.0,0.0
:1195877095_15,0.0,10.007999999999997,0.0,0.0
:1195877095_16,0.0,13.14,0.0,0.0
:1195877095_2,0.0,10.007999999999997,0.0,0.0
:1195877095_3,0.0,10.007999999999997,0.0,0.0
:1195877095_4,0.0,30.024,0.0,0.0
:1195877095_5,0.0,30.024,0.0,0.0
:1195877095_6,0.0,11.664000000000001,0.0,0.0
:1195877095_7,0.0,13.14,0.0,0.0
:1195877095_8,0.0,30.024,0.0,0.0
:1195877095_9,0.0,30.024,0.0,0.0
:1195877097_0,0.0,11.664000000000001,0.0,0.0
:1195877097_1,0.0,11.664000000000001,0.0,0.0
:1195877099_0,0.0,10.007999999999997,0.0,0.0
:1195877099_1,0.0,10.007999999999997,0.0,0.0
:1195877128_0,0.0,30.81600000000001,0.0,0.0
:1195877128_1,0.0,30.81600000000001,0.0,0.0
:1195877128_10,0.0,11.664000000000001,0.0,0.0
:1195877128_11,0.0,13.14,0.0,0.0
:1195877128_12,0.0,30.81600000000001,0.0,0.0
:1195877128_13,0.0,30.81600000000001,0.0,0.0
:1195877128_14,0.0,11.664000000000001,0.0,0.0
:1195877128_15,0.0,13.14,0.0,0.0
:1195877128_16,0.0,11.664000000000001,0.0,0.0
:1195877128_17,0.0,13.14,0.0,0.0
:1195877128_18,0.0,11.664000000000001,0.0,0.0
:1195877128_19,0.0,13.14,0.0,0.0
:1195877128_2,0.0,11.664000000000001,0.0,0.0
:1195877128_3,0.0,13.14,0.0,0.0
:1195877128_4,0.0,24.984000000000005,0.0,0.0
:1195877128_5,0.0,24.984000000000005,0.0,0.0
:1195877128_6,0.0,11.664000000000001,0.0,0.0
:1195877128_7,0.0,13.14,0.0,0.0
:1195877128_8,0.0,24.984000000000005,0.0,0.0
:1195877128_9,0.0,24.984000000000005,0.0,0.0
:1195877135_0,0.0,10.007999999999997,0.0,0.0
:1195877135_1,0.0,10.007999999999997,0.0,0.0
:1195877142_0,0.0,10.007999999999997,0.0,0.31102514369218015
:1195877142_1,0.0,10.007999999999997,0.0,0.0
:1195877144_0,0.0,10.007999999999997,0.0,0.0
:1195877144_1,0.0,10.007999999999997,0.0,0.0
:1195877149_0,0.0,10.007999999999997,0.0,0.0
:1195877149_1,0.0,10.007999999999997,0.0,0.0
:1195877152_0,0.0,11.664000000000001,0.0,0.03429019080723586
:1195877152_1,0.0,11.664000000000001,0.0,0.0
:1195877188_0,0.0,10.007999999999997,0.0,0.0
:1195877188_1,0.0,10.007999999999997,0.0,0.0
:1195877195_0,0.0,11.664000000000001,0.0,0.0
:1195877195_1,0.0,11.664000000000001,0.0,0.0
:1195877197_0,0.0,10.007999999999997,0.0,0.0
:1195877197_1,0.0,10.007999999999997,0.0,0.0
:1195922769_0,0.0,11.664000000000001,0.0,0.0
:1195922769_1,0.0,11.664000000000001,0.0,0.0
:1195922772_0,0.0,11.664000000000001,0.0,0.0
:1195922772_1,0.0,11.664000000000001,0.0,0.0
:1195922791_0,0.0,11.664000000000001,0.0,0.0
:1195922791_1,0.0,11.664000000000001,0.0,0.0
:1195922792_0,0.0,11.664000000000001,0.0,0.0
:1195922792_1,0.0,11.664000000000001,0.0,0.0
:1195922794_0,0.0,22.716,0.0,0.0
:1195922794_1,0.0,22.716,0.0,0.0
:1195922794_10,0.0,10.007999999999997,0.0,0.0
:1195922794_11,0.0,10.007999999999997,0.0,0.0
:1195922794_12,0.0,28.223999999999997,0.0,0.0
:1195922794_13,0.0,28.223999999999997,0.0,0.0
:1195922794_14,0.0,10.007999999999997,0.0,0.0
:1195922794_15,0.0,10.007999999999997,0.0,0.0
:1195922794_16,0.0,13.14,0.0,0.0
:1195922794_2,0.0,11.664000000000001,0.0,0.0
:1195922794_3,0.0,13.14,0.0,0.0
:1195922794_4,0.0,22.716,0.0,0.0
:1195922794_5,0.0,22.716,0.0,0.0
:1195922794_6,0.0,11.664000000000001,0.0,0.0
:1195922794_7,0.0,13.14,0.0,0.0
:1195922794_8,0.0,28.223999999999997,0.0,0.0
:1195922794_9,0.0,28.223999999999997,0.0,0.0
:1195922797_0,0.0,28.800000000000004,0.0,0.0
:1195922797_1,0.0,28.800000000000004,0.0,0.0
:1195922797_10,0.0,10.007999999999997,0.0,0.0
:1195922797_11,0.0,10.007999999999997,0.0,0.0
:1195922797_12,0.0,23.436000000000003,0.0,0.0
:1195922797_13,0.0,23.436000000000003,0.0,0.0
:1195922797_14,0.0,10.007999999999997,0.0,0.0
:1195922797_15,0.0,10.007999999999997,0.0,0.0
:1195922797_16,0.0,13.14,0.0,0.0
:1195922797_2,0.0,11.664000000000001,0.0,0.0
:1195922797_3,0.0,13.14,0.0,0.0
:1195922797_4,0.0,28.800000000000004,0.0,0.0
:1195922797_5,0.0,28.800000000000004,0.0,0.0
:1195922797_6,0.0,11.664000000000001,0.0,0.0
:1195922797_7,0.0,13.14,0.0,0.0
:1195922797_8,0.0,23.436000000000003,0.0,0.0
:1195922797_9,0.0,23.436000000000003,0.0,0.0
:1195987029_0,0.0,11.664000000000001,0.0,0.0
:1195987029_1,0.0,11.664000000000001,0.0,0.0
:1195987037_0,0.0,11.664000000000001,0.0,0.0
:1195987037_1,0.0,11.664000000000001,0.0,0.0
:1195987038_0,0.0,11.664000000000001,0.0,0.0
:1195987038_1,0.0,11.664000000000001,0.0,0.0
:1195987042_0,0.0,11.664000000000001,0.0,0.0
:1195987042_1,0.1,11.826940452304067,0.0,0.05089449947596636
:1195987053_0,0.0,11.664000000000001,0.0,0.0
:1195987053_1,0.0,11.664000000000001,0.0,0.0
:1195987054_0,0.0,11.664000000000001,0.0,0.0
:1195987054_1,0.0,11.664000000000001,0.0,0.0
:1195987079_0,0.0,11.664000000000001,0.0,0.0
:1195987079_1,0.0,11.664000000000001,0.0,0.0
:1195987082_0,0.0,11.664000000000001,0.0,0.0
:1195987082_1,0.0,11.664000000000001,0.0,0.0
:1196059460_0,0.0,11.664000000000001,0.0,0.0
:1196059460_1,0.0,11.664000000000001,0.0,0.0
:1196059463_0,0.0,10.007999999999997,0.0,0.0
:1196059463_1,0.0,10.007999999999997,0.0,0.0
:1196059472_0,0.0,11.664000000000001,0.0,0.0
:1196059472_1,0.0,11.664000000000001,0.0,0.0
:1196059479_0,0.0,22.355999999999998,0.0,0.0
:1196059479_1,0.0,22.355999999999998,0.0,0.0
:1196059479_10,0.0,11.664000000000001,0.0,0.0
:1196059479_11,0.0,13.14,0.0,0.0
:1196059479_12,0.0,22.355999999999998,0.0,0.0
:1196059479_13,0.0,22.355999999999998,0.0,0.0
:1196059479_14,0.0,11.664000000000001,0.0,0.0
:1196059479_15,0.0,13.14,0.0,0.0
:1196059479_16,0.0,11.664000000000001,0.0,0.0
:1196059479_17,0.0,13.14,0.0,0.0
:1196059479_18,0.0,11.664000000000001,0.0,0.0
:1196059479_19,0.0,13.14,0.0,0.0
:1196059479_2,0.0,11.664000000000001,0.0,0.0
:1196059479_3,0.0,13.14,0.0,0.0
:1196059479_4,0.0,27.936,0.0,0.0
:1196059479_5,0.0,27.936,0.0,0.0
:1196059479_6,0.0,11.664000000000001,0.0,0.0
:1196059479_7,0.0,13.14,0.0,0.0
:1196059479_8,0.0,27.936,0.0,0.0
:1196059479_9,0.0,27.936,0.0,0.0
:1196059481_0,0.0,10.007999999999997,0.0,0.0
:1196059481_1,0.0,10.007999999999997,0.0,0.0
:1196059489_0,0.0,11.664000000000001,0.0,0.0
:1196059489_1,0.0,11.664000000000001,0.0,0.0
:1196059497_0,0.0,10.007999999999997,0.0,0.0
:1196059497_1,0.0,10.007999999999997,0.0,0.0
:1196059499_0,0.0,10.007999999999997,0.0,0.0
:1196059499_1,0.0,10.007999999999997,0.0,0.0
:1196059502_0,0.0,10.007999999999997,0.0,0.0
:1196059502_1,0.0,10.007999999999997,0.0,0.0
:1196059504_0,0.0,10.007999999999997,0.0,0.0
:1196059504_1,0.0,10.007999999999997,0.0,0.0
:1196059510_0,0.0,10.007999999999997,0.0,0.0
:1196059510_1,0.0,10.007999999999997,0.0,0.0
:1196059516_0,0.0,11.664000000000001,0.0,0.0
:1196059516_1,0.0,11.664000000000001,0.0,0.0
:1196059522_0,0.0,10.007999999999997,0.0,0.0
:1196059522_1,0.0,10.007999999999997,0.0,0.0
:1196059524_0,0.0,10.007999999999997,0.0,0.0
:1196059524_1,0.0,10.007999999999997,0.0,0.0
:1196059528_0,0.0,11.664000000000001,0.0,0.0
:1196059528_1,0.0,11.664000000000001,0.0,0.0
:1196059530_0,0.0,10.007999999999997,0.0,0.0
:1196059530_1,0.0,10.007999999999997,0.0,0.0
:1196059533_0,0.0,10.007999999999997,0.0,0.0
:1196059533_1,0.0,10.007999999999997,0.0,0.0
:1196059541_0,0.0,10.007999999999997,0.0,0.0
:1196059541_1,0.0,10.007999999999997,0.0,0.0
:1196059547_0,0.0,11.664000000000001,0.0,0.0
:1196059547_1,0.0,11.664000000000001,0.0,0.0
:1196059549_0,0.0,10.007999999999997,0.0,0.0
:1196059549_1,0.0,10.007999999999997,0.0,0.0
:1196059557_0,0.0,10.007999999999997,0.0,0.0
:1196059557_1,0.0,10.007999999999997,0.0,0.0
:1196059570_0,0.0,10.007999999999997,0.0,0.0
:1196059570_1,0.0,10.007999999999997,0.0,0.0
:1196059586_0,0.0,11.664000000000001,0.0,0.0
:1196059586_1,0.0,11.664000000000001,0.0,0.0
:1196059588_0,0.0,11.664000000000001,0.0,0.0
:1196059588_1,0.0,11.664000000000001,0.0,0.0
:1196059595_0,0.0,10.007999999999997,0.0,0.0
:1196059595_1,0.0,10.007999999999997,0.0,0.0
:1196059607_0,0.0,10.007999999999997,0.0,0.0
:1196059607_1,0.0,10.007999999999997,0.0,0.0
:1196059608_0,0.0,10.007999999999997,0.0,0.0
:1196059608_1,0.0,10.007999999999997,0.0,0.0
:1196059619_0,0.0,26.1,0.0,0.0
:1196059619_1,0.0,11.664000000000001,0.0,0.0
:1196059619_2,0.0,13.14,0.0,0.0
:1196059619_3,0.0,24.156000000000002,0.0,0.0
:1196059619_4,0.0,24.156000000000002,0.0,0.0
:1196059619_5,0.0,39.995999999999995,0.0,0.0
:1196059619_7,0.0,23.112,0.0,0.0
:1196059619_8,0.0,11.664000000000001,0.0,0.0
:1196059619_9,0.0,13.14,0.0,0.0
:1196059623_0,0.0,23.436000000000003,0.0,0.0
:1196059623_1,0.0,10.007999999999997,0.0,0.0
:1196059623_2,0.0,10.007999999999997,0.0,0.0
:1196059623_3,0.0,23.436000000000003,0.0,0.0
:1196059623_4,0.0,10.007999999999997,0.0,0.0
:1196059623_5,0.0,10.007999999999997,0.0,0.0
:1196059623_6,0.0,23.796,0.0,0.0
:1196059623_7,0.0,23.796,0.0,0.0
:1196059623_8,0.0,100.00800000000002,0.0,0.0
:1196059624_0,0.0,24.984000000000005,0.0,0.0
:1196059624_1,0.0,24.984000000000005,0.0,0.0
:1196059624_10,0.0,10.007999999999997,0.0,0.0
:1196059624_11,0.0,10.007999999999997,0.0,0.0
:1196059624_12,0.0,23.436000000000003,0.0,0.0
:1196059624_13,0.0,23.436000000000003,0.0,0.0
:1196059624_14,0.0,10.007999999999997,0.0,0.0
:1196059624_15,0.0,10.007999999999997,0.0,0.0
:1196059624_16,0.0,13.14,0.0,0.0
:1196059624_2,0.0,11.664000000000001,0.0,0.0
:1196059624_3,0.0,13.14,0.0,0.0
:1196059624_4,0.0,24.984000000000005,0.0,0.0
:1196059624_5,0.0,24.984000000000005,0.0,0.0
:1196059624_6,0.0,11.664000000000001,0.0,0.0
:1196059624_7,0.0,13.14,0.0,0.0
:1196059624_8,0.0,23.436000000000003,0.0,0.0
:1196059624_9,0.0,23.436000000000003,0.0,0.0
:1196059625_0,0.0,11.664000000000001,0.0,0.0
:1196059625_1,0.0,11.664000000000001,0.0,0.0
:1196059634_0,0.0,28.836000000000006,0.0,0.0
:1196059634_1,0.0,28.836000000000006,0.0,0.0
:1196059634_10,0.0,11.664000000000001,0.0,0.0
:1196059634_11,0.0,13.14,0.0,0.0
:1196059634_12,0.0,23.436000000000003,0.0,0.0
:1196059634_13,0.0,23.436000000000003,0.0,0.0
:1196059634_14,0.0,11.664000000000001,0.0,0.0
:1196059634_15,0.0,13.14,0.0,0.0
:1196059634_16,0.0,13.14,0.0,0.0
:1196059634_2,0.0,10.007999999999997,0.0,0.0
:1196059634_3,0.0,10.007999999999997,0.0,0.0
:1196059634_4,0.0,28.836000000000006,0.0,0.0
:1196059634_5,0.0,28.836000000000006,0.0,0.0
:1196059634_6,0.0,10.007999999999997,0.0,0.0
:1196059634_7,0.0,10.007999999999997,0.0,0.0
:1196059634_8,0.0,23.436000000000003,0.0,0.0
:1196059634_9,0.0,23.436000000000003,0.0,0.0
:1196059637_0,0.0,11.664000000000001,0.0,0.0
:1196059637_1,0.1,11.418745896460393,0.0,0.08062696239380249
:1196059638_0,0.0,10.007999999999997,0.0,0.0
:1196059638_1,0.0,10.007999999999997,0.0,0.0
:1196059647_0,0.0,10.007999999999997,0.0,0.0
:1196059647_1,0.0,10.007999999999997,0.0,0.0
:1196059649_0,0.0,10.007999999999997,0.0,0.0
:1196059649_1,0.0,10.007999999999997,0.0,0.0
:1196059653_0,0.0,11.664000000000001,0.0,0.0
:1196059653_1,0.0,11.664000000000001,0.0,0.0
:1196059666_0,0.0,10.007999999999997,0.0,0.0
:1196059666_1,0.0,10.007999999999997,0.0,0.0
:1196059667_0,0.0,11.664000000000001,0.0,0.0
:1196059667_1,0.0,11.664000000000001,0.0,0.0
:1196059669_0,0.0,10.007999999999997,0.0,0.0
:1196059669_1,0.0,10.007999999999997,0.0,0.0
:1196059670_0,0.0,10.007999999999997,0.0,0.0
:1196059670_1,0.0,10.007999999999997,0.0,0.0
:1196059671_0,0.0,10.007999999999997,0.0,0.0
:1196059671_1,0.0,10.007999999999997,0.0,0.0
:1196059680_0,0.0,28.836000000000006,0.0,0.0
:1196059680_1,0.0,28.836000000000006,0.0,0.0
:1196059680_10,0.0,10.007999999999997,0.0,0.0
:1196059680_11,0.0,10.007999999999997,0.0,0.0
:1196059680_12,0.0,23.472,0.0,0.0
:1196059680_13,0.0,23.472,0.0,0.0
:1196059680_14,0.0,10.007999999999997,0.0,0.0
:1196059680_15,0.0,10.007999999999997,0.0,0.0
:1196059680_16,0.0,13.14,0.0,0.0
:1196059680_2,0.0,11.664000000000001,0.0,0.0
:1196059680_3,0.0,13.14,0.0,0.0
:1196059680_4,0.0,28.836000000000006,0.0,0.0
:1196059680_5,0.0,28.836000000000006,0.0,0.0
:1196059680_6,0.0,11.664000000000001,0.0,0.0
:1196059680_7,0.0,13.14,0.0,0.0
:1196059680_8,0.0,23.472,0.0,0.0
:1196059680_9,0.0,23.472,0.0,0.0
:1196059683_0,0.0,10.007999999999997,0.0,0.0
:1196059683_1,0.0,10.007999999999997,0.0,0.0
:1196059683_10,0.0,10.007999999999997,0.0,0.0
:1196059683_11,0.0,10.007999999999997,0.0,0.0
:1196059683_12,0.0,10.007999999999997,0.0,0.0
:1196059683_13,0.0,10.007999999999997,0.0,0.0
:1196059683_14,0.0,10.007999999999997,0.0,0.0
:1196059683_15,0.0,10.007999999999997,0.0,0.0
:1196059683_2,0.0,10.007999999999997,0.0,0.0
:1196059683_3,0.0,10.007999999999997,0.0,0.0
:1196059683_4,0.0,10.007999999999997,0.0,0.0
:1196059683_5,0.0,10.007999999999997,0.0,0.0
:1196059683_6,0.0,10.007999999999997,0.0,0.0
:1196059683_7,0.0,10.007999999999997,0.0,0.0
:1196059683_8,0.0,10.007999999999997,0.0,0.0
:1196059683_9,0.0,10.007999999999997,0.0,0.0
:1196059692_0,0.0,11.664000000000001,0.0,0.0
:1196059692_1,0.0,11.664000000000001,0.0,0.0
:1196059696_0,0.0,11.664000000000001,0.0,0.0
:1196059696_1,0.0,11.664000000000001,0.0,0.0
:1196068634_0,0.0,10.007999999999997,0.0,0.0
:1196068634_1,0.0,10.007999999999997,0.0,0.0
:1196068636_0,0.0,10.007999999999997,0.0,0.0
:1196068636_1,0.0,10.007999999999997,0.0,0.0
:1196068638_0,0.0,11.664000000000001,0.0,0.0
:1196068638_1,0.0,11.664000000000001,0.0,0.0
:1196068640_0,0.0,11.664000000000001,0.0,0.0
:1196068640_1,0.0,11.664000000000001,0.0,0.0
:1196068642_0,0.0,11.664000000000001,0.0,0.0
:1196068642_1,0.0,11.664000000000001,0.0,0.0
:1196068643_0,0.0,11.664000000000001,0.0,0.0
:1196068643_1,0.0,11.664000000000001,0.0,0.0
:1196068646_0,0.0,11.664000000000001,0.0,0.0
:1196068646_1,0.0,11.664000000000001,0.0,0.0
:1196068647_0,0.0,11.664000000000001,0.0,0.0
:1196068647_1,0.0,11.664000000000001,0.0,0.0
:1196068648_0,0.0,28.404000000000003,0.0,0.0
:1196068648_1,0.0,28.404000000000003,0.0,0.0
:1196068648_10,0.0,11.664000000000001,0.0,0.0
:1196068648_11,0.0,13.14,0.0,0.0
:1196068648_12,0.0,28.404000000000003,0.0,0.0
:1196068648_13,0.0,28.404000000000003,0.0,0.0
:1196068648_14,0.0,11.664000000000001,0.0,0.0
:1196068648_15,0.0,13.14,0.0,0.0
:1196068648_16,0.0,11.664000000000001,0.0,0.0
:1196068648_17,0.0,13.14,0.0,0.0
:1196068648_18,0.0,11.664000000000001,0.0,0.0
:1196068648_19,0.0,13.14,0.0,0.0
:1196068648_2,0.0,11.664000000000001,0.0,0.0
:1196068648_3,0.0,13.14,0.0,0.0
:1196068648_4,0.0,22.932000000000006,0.0,0.0
:1196068648_5,0.0,22.932000000000006,0.0,0.0
:1196068648_6,0.0,11.664000000000001,0.0,0.0
:1196068648_7,0.0,13.14,0.0,0.0
:1196068648_8,0.0,22.932000000000006,0.0,0.0
:1196068648_9,0.0,22.932000000000006,0.0,0.0
:1196068650_0,0.0,11.664000000000001,0.0,0.0
:1196068650_1,0.0,11.664000000000001,0.0,0.0
:1196068656_0,0.0,11.664000000000001,0.0,0.0
:1196068656_1,0.0,11.664000000000001,0.0,0.0
:1196068657_0,0.0,11.664000000000001,0.0,0.0
:1196068657_1,0.0,11.664000000000001,0.0,0.0
:1196068658_0,0.0,10.007999999999997,0.0,0.0
:1196068658_1,0.0,10.007999999999997,0.0,0.0
:1196068659_0,0.0,10.007999999999997,0.0,0.0
:1196068659_1,0.0,10.007999999999997,0.0,0.0
:1196068663_0,0.0,10.007999999999997,0.0,0.0
:1196068663_1,0.0,10.007999999999997,0.0,0.0
:1196068664_0,0.0,28.836000000000006,0.0,0.0
:1196068664_1,0.0,28.836000000000006,0.0,0.0
:1196068664_10,0.0,11.664000000000001,0.0,0.0
:1196068664_11,0.0,13.14,0.0,0.0
:1196068664_12,0.0,23.436000000000003,0.0,0.0
:1196068664_13,0.0,23.436000000000003,0.0,0.0
:1196068664_14,0.0,11.664000000000001,0.0,0.0
:1196068664_15,0.0,13.14,0.0,0.0
:1196068664_16,0.0,11.664000000000001,0.0,0.0
:1196068664_17,0.0,13.14,0.0,0.0
:1196068664_18,0.0,11.664000000000001,0.0,0.0
:1196068664_19,0.0,13.14,0.0,0.0
:1196068664_2,0.0,11.664000000000001,0.0,0.0
:1196068664_3,0.0,13.14,0.0,0.0
:1196068664_4,0.0,28.836000000000006,0.0,0.0
:1196068664_5,0.0,28.836000000000006,0.0,0.0
:1196068664_6,0.0,11.664000000000001,0.0,0.0
:1196068664_7,0.0,13.14,0.0,0.0
:1196068664_8,0.0,23.436000000000003,0.0,0.0
:1196068664_9,0.0,23.436000000000003,0.0,0.0
:1196068666_0,0.0,10.007999999999997,0.0,0.0
:1196068666_1,0.0,10.007999999999997,0.0,0.0
:1196068667_0,0.0,11.664000000000001,0.0,0.0
:1196068667_1,0.0,11.664000000000001,0.0,0.0
:1196068669_0,0.0,11.664000000000001,0.0,0.0
:1196068669_1,0.0,11.664000000000001,0.0,0.0
:1196068670_0,0.0,11.664000000000001,0.0,0.0
:1196068670_1,0.0,11.664000000000001,0.0,0.0
:1196068671_0,0.0,10.007999999999997,0.0,0.0
:1196068671_1,0.0,10.007999999999997,0.0,0.0
:1196068674_0,0.0,11.664000000000001,0.0,0.0
:1196068674_1,0.0,11.664000000000001,0.0,0.0
:1196068676_0,0.0,10.007999999999997,0.0,0.0
:1196068676_1,0.0,10.007999999999997,0.0,0.0
:1196068684_0,0.0,11.664000000000001,0.0,0.0
:1196068684_1,0.1,11.616931170247202,0.0,0.06530914031917398
:1196068685_0,0.0,11.664000000000001,0.0,0.0
:1196068685_1,0.1,11.750454268506434,0.0,0.07838251455279038
:1196068686_0,0.0,11.664000000000001,0.0,0.0
:1196068686_1,0.0,11.664000000000001,0.0,0.0
:1196068688_0,0.0,80.028,0.0,0.0
:1196068688_2,0.0,24.156000000000002,0.0,0.0
:1196068688_3,0.0,24.156000000000002,0.0,0.0
:1196068688_4,0.0,55.007999999999996,0.0,0.0
:1196068688_5,0.0,11.664000000000001,0.0,0.0
:1196068688_6,0.0,13.14,0.0,0.0
:1196068688_7,0.0,55.007999999999996,0.0,0.0
:1196068688_8,0.0,11.664000000000001,0.0,0.0
:1196068688_9,0.0,13.14,0.0,0.0
:1196068689_0,0.0,11.664000000000001,0.0,0.0
:1196068689_1,0.0,11.664000000000001,0.0,0.0
:1196068694_0,0.0,11.664000000000001,0.0,0.0
:1196068694_1,0.0,11.664000000000001,0.0,0.0
:1196068700_0,0.0,11.664000000000001,0.0,0.0
:1196068700_1,0.0,11.664000000000001,0.0,0.0
:1196068712_0,0.0,10.007999999999997,0.0,0.0
:1196068712_1,0.0,10.007999999999997,0.0,0.0
:1196068713_0,0.0,11.664000000000001,0.0,0.0
:1196068713_1,0.0,11.664000000000001,0.0,0.0
:1196068717_0,0.0,11.664000000000001,0.0,0.0
:1196068717_1,0.0,11.664000000000001,0.0,0.0
:1196068724_0,0.0,11.664000000000001,0.0,0.0
:1196068724_1,0.0,11.664000000000001,0.0,0.0
:1196068729_0,0.0,10.007999999999997,0.0,0.0
:1196068729_1,0.0,10.007999999999997,0.0,0.0
:1196068730_0,0.0,50.00400000000001,0.0,0.0
:1196068730_1,0.0,50.00400000000001,0.0,0.0
:1196068730_10,0.0,11.664000000000001,0.0,0.0
:1196068730_11,0.0,13.14,0.0,0.0
:1196068730_12,0.0,50.00400000000001,0.0,0.0
:1196068730_13,0.0,50.00400000000001,0.0,0.0
:1196068730_14,0.0,11.664000000000001,0.0,0.0
:1196068730_15,0.0,13.14,0.0,0.0
:1196068730_16,0.0,11.664000000000001,0.0,0.0
:1196068730_17,0.0,13.14,0.0,0.0
:1196068730_18,0.0,11.664000000000001,0.0,0.0
:1196068730_19,0.0,13.14,0.0,0.0
:1196068730_2,0.0,11.664000000000001,0.0,0.0
:1196068730_3,0.0,13.14,0.0,0.0
:1196068730_4,0.0,50.00400000000001,0.0,0.0
:1196068730_5,0.0,50.00400000000001,0.0,0.0
:1196068730_6,0.0,11.664000000000001,0.0,0.0
:1196068730_7,0.0,13.14,0.0,0.0
:1196068730_8,0.0,50.00400000000001,0.0,0.0
:1196068730_9,0.0,50.00400000000001,0.0,0.0
:1196068734_0,0.0,10.007999999999997,0.0,0.0
:1196068734_1,0.0,10.007999999999997,0.0,0.0
:1196068734_10,0.0,10.007999999999997,0.0,0.0
:1196068734_11,0.0,10.007999999999997,0.0,0.0
:1196068734_12,0.0,10.007999999999997,0.0,0.0
:1196068734_13,0.0,10.007999999999997,0.0,0.0
:1196068734_14,0.0,10.007999999999997,0.0,0.0
:1196068734_15,0.0,10.007999999999997,0.0,0.0
:1196068734_2,0.0,10.007999999999997,0.0,0.0
:1196068734_3,0.0,10.007999999999997,0.0,0.0
:1196068734_4,0.0,10.007999999999997,0.0,0.0
:1196068734_5,0.0,10.007999999999997,0.0,0.0
:1196068734_6,0.0,10.007999999999997,0.0,0.0
:1196068734_7,0.0,10.007999999999997,0.0,0.0
:1196068734_8,0.0,10.007999999999997,0.0,0.0
:1196068734_9,0.0,10.007999999999997,0.0,0.0
:1196068735_0,0.0,11.664000000000001,0.0,0.0
:1196068735_1,0.0,11.664000000000001,0.0,0.0
:1196068746_0,0.0,11.664000000000001,0.0,0.0
:1196068746_1,0.0,11.664000000000001,0.0,0.0
:1196068749_0,0.0,39.995999999999995,0.0,0.0
:1196068749_1,0.0,21.455999999999996,0.0,0.0
:1196068749_2,0.0,21.455999999999996,0.0,0.0
:1196068749_3,0.0,23.148,0.0,0.0
:1196068749_4,0.0,11.664000000000001,0.0,0.0
:1196068749_5,0.0,13.14,0.0,0.0
:1196068749_6,0.0,23.148,0.0,0.0
:1196068749_7,0.0,11.664000000000001,0.0,0.0
:1196068749_8,0.0,13.14,0.0,0.0
:1196068765_0,0.0,11.664000000000001,0.0,0.0
:1196068765_1,0.0,11.664000000000001,0.0,0.0
:1196068767_0,0.0,11.664000000000001,0.0,0.0
:1196068767_1,0.0,11.664000000000001,0.0,0.0
:1196559582_0,0.0,10.007999999999997,0.0,0.0
:1196559582_1,0.0,10.007999999999997,0.0,0.0
:1196559585_0,0.0,11.664000000000001,0.0,0.0
:1196559585_1,0.0,11.664000000000001,0.0,0.0
:1196559586_0,0.0,10.007999999999997,0.0,0.0
:1196559586_1,0.0,10.007999999999997,0.0,0.0
:1196559588_0,0.0,11.664000000000001,0.0,0.0
:1196559588_1,0.0,11.664000000000001,0.0,0.0
:1196559600_0,0.0,11.664000000000001,0.0,0.0
:1196559600_1,0.0,11.664000000000001,0.0,0.0
:1196559607_0,0.0,11.664000000000001,0.0,0.0
:1196559607_1,0.0,11.664000000000001,0.0,0.0
:1196559614_0,0.0,11.664000000000001,0.0,0.0
:1196559614_1,0.0,11.664000000000001,0.0,0.0
:1196559622_0,0.0,23.436000000000003,0.0,0.0
:1196559622_1,0.0,23.436000000000003,0.0,0.0
:1196559622_10,0.0,11.664000000000001,0.0,0.0
:1196559622_11,0.0,13.14,0.0,0.0
:1196559622_12,0.0,28.836000000000006,0.0,0.0
:1196559622_13,0.0,28.836000000000006,0.0,0.0
:1196559622_14,0.0,11.664000000000001,0.0,0.0
:1196559622_15,0.0,13.14,0.0,0.0
:1196559622_16,0.0,11.664000000000001,0.0,0.0
:1196559622_17,0.0,13.14,0.0,0.0
:1196559622_18,0.0,11.664000000000001,0.0,0.0
:1196559622_19,0.0,13.14,0.0,0.0
:1196559622_2,0.0,11.664000000000001,0.0,0.0
:1196559622_3,0.0,13.14,0.0,0.0
:1196559622_4,0.0,23.436000000000003,0.0,0.0
:1196559622_5,0.0,23.436000000000003,0.0,0.0
:1196559622_6,0.0,11.664000000000001,0.0,0.0
:1196559622_7,0.0,13.14,0.0,0.0
:1196559622_8,0.0,28.836000000000006,0.0,0.0
:1196559622_9,0.0,28.836000000000006,0.0,0.0
:1196559623_0,0.0,11.664000000000001,0.0,0.0
:1196559623_1,0.0,11.664000000000001,0.0,0.0
:1196559624_0,0.0,10.007999999999997,0.0,0.0
:1196559624_1,0.0,10.007999999999997,0.0,0.0
:1196559626_0,0.0,28.836000000000006,0.0,0.0
:1196559626_1,0.0,28.836000000000006,0.0,0.0
:1196559626_10,0.0,11.664000000000001,0.0,0.0
:1196559626_11,0.0,13.14,0.0,0.0
:1196559626_12,0.0,23.436000000000003,0.0,0.0
:1196559626_13,0.0,23.436000000000003,0.0,0.0
:1196559626_14,0.0,11.664000000000001,0.0,0.0
:1196559626_15,0.0,13.14,0.0,0.0
:1196559626_16,0.0,11.664000000000001,0.0,0.0
:1196559626_17,0.0,13.14,0.0,0.0
:1196559626_18,0.0,11.664000000000001,0.0,0.0
:1196559626_19,0.0,13.14,0.0,0.0
:1196559626_2,0.0,11.664000000000001,0.0,0.0
:1196559626_3,0.0,13.14,0.0,0.0
:1196559626_4,0.0,28.836000000000006,0.0,0.0
:1196559626_5,0.0,28.836000000000006,0.0,0.0
:1196559626_6,0.0,11.664000000000001,0.0,0.0
:1196559626_7,0.0,13.14,0.0,0.0
:1196559626_8,0.0,23.436000000000003,0.0,0.0
:1196559626_9,0.0,23.436000000000003,0.0,0.0
:1196559641_0,0.0,11.664000000000001,0.0,0.0
:1196559641_1,0.0,11.664000000000001,0.0,0.0
:1196559648_0,0.0,11.664000000000001,0.0,0.0
:1196559648_1,0.0,11.664000000000001,0.0,0.0
:1196566769_0,0.0,11.664000000000001,0.0,0.0
:1196566769_1,0.0,11.664000000000001,0.0,0.0
:1196566770_0,0.0,11.664000000000001,0.0,0.0
:1196566770_1,0.0,11.664000000000001,0.0,0.0
:1196566771_0,0.0,11.664000000000001,0.0,0.0
:1196566771_1,0.0,11.664000000000001,0.0,0.0
:1196566772_0,0.0,28.800000000000004,0.0,0.0
:1196566772_1,0.0,28.800000000000004,0.0,0.0
:1196566772_10,0.0,11.664000000000001,0.0,0.0
:1196566772_11,0.0,13.14,0.0,0.0
:1196566772_12,0.0,28.800000000000004,0.0,0.0
:1196566772_13,0.0,28.800000000000004,0.0,0.0
:1196566772_14,0.0,11.664000000000001,0.0,0.0
:1196566772_15,0.0,13.14,0.0,0.0
:1196566772_16,0.0,11.664000000000001,0.0,0.0
:1196566772_17,0.0,13.14,0.0,0.0
:1196566772_18,0.0,11.664000000000001,0.0,0.0
:1196566772_19,0.0,13.14,0.0,0.0
:1196566772_2,0.0,11.664000000000001,0.0,0.0
:1196566772_3,0.0,13.14,0.0,0.0
:1196566772_4,0.0,23.436000000000003,0.0,0.0
:1196566772_5,0.0,23.436000000000003,0.0,0.0
:1196566772_6,0.0,11.664000000000001,0.0,0.0
:1196566772_7,0.0,13.14,0.0,0.0
:1196566772_8,0.0,23.436000000000003,0.0,0.0
:1196566772_9,0.0,23.436000000000003,0.0,0.0
:1196566773_0,0.0,24.479999999999997,0.0,0.0
:1196566773_1,0.0,24.479999999999997,0.0,0.0
:1196566773_10,0.0,11.664000000000001,0.0,0.0
:1196566773_11,0.0,13.14,0.0,0.0
:1196566773_12,0.0,24.479999999999997,0.0,0.0
:1196566773_13,0.0,24.479999999999997,0.0,0.0
:1196566773_14,0.0,11.664000000000001,0.0,0.0
:1196566773_15,0.0,13.14,0.0,0.0
:1196566773_16,0.0,11.664000000000001,0.0,0.0
:1196566773_17,0.0,13.14,0.0,0.0
:1196566773_18,0.0,11.664000000000001,0.0,0.0
:1196566773_19,0.0,13.14,0.0,0.0
:1196566773_2,0.0,11.664000000000001,0.0,0.0
:1196566773_3,0.0,13.14,0.0,0.0
:1196566773_4,0.0,30.276000000000003,0.0,0.0
:1196566773_5,0.0,30.276000000000003,0.0,0.0
:1196566773_6,0.0,11.664000000000001,0.0,0.0
:1196566773_7,0.0,13.14,0.0,0.0
:1196566773_8,0.0,30.276000000000003,0.0,0.0
:1196566773_9,0.0,30.276000000000003,0.0,0.0
:1196566778_0,0.0,29.088,0.0,0.0
:1196566778_1,0.0,29.088,0.0,0.0
:1196566778_10,0.0,11.664000000000001,0.0,0.0
:1196566778_11,0.0,13.14,0.0,0.0
:1196566778_12,0.0,29.088,0.0,0.0
:1196566778_13,0.0,29.088,0.0,0.0
:1196566778_14,0.0,11.664000000000001,0.0,0.026754834904452445
:1196566778_15,0.0,13.14,0.0,0.0
:1196566778_16,0.0,11.664000000000001,0.0,0.0
:1196566778_17,0.0,13.14,0.0,0.0
:1196566778_18,0.0,11.664000000000001,0.0,0.4972041443037497
:1196566778_19,0.0,13.14,0.0,0.0
:1196566778_2,0.0,11.664000000000001,0.0,0.0
:1196566778_3,0.0,13.14,0.0,0.0
:1196566778_4,0.0,23.651999999999997,0.0,0.0
:1196566778_5,0.0,23.651999999999997,0.0,0.0
:1196566778_6,0.0,11.664000000000001,0.0,0.4733802815674825
:1196566778_7,0.0,13.14,0.0,0.0
:1196566778_8,0.0,23.651999999999997,0.0,0.0
:1196566778_9,0.0,23.651999999999997,0.0,0.0
:1196566780_0,0.0,22.896000000000004,0.0,0.0
:1196566780_1,0.0,22.896000000000004,0.0,0.0
:1196566780_10,0.0,10.007999999999997,0.0,0.0
:1196566780_11,0.0,10.007999999999997,0.0,0.0
:1196566780_12,0.0,28.368000000000002,0.0,0.0
:1196566780_13,0.0,28.368000000000002,0.0,0.0
:1196566780_14,0.0,10.007999999999997,0.0,0.0
:1196566780_15,0.0,10.007999999999997,0.0,0.0
:1196566780_16,0.0,13.14,0.0,0.0
:1196566780_2,0.0,11.664000000000001,0.0,0.0
:1196566780_3,0.0,13.14,0.0,0.0
:1196566780_4,0.0,22.896000000000004,0.0,0.0
:1196566780_5,0.0,22.896000000000004,0.0,0.0
:1196566780_6,0.0,11.664000000000001,0.0,0.0
:1196566780_7,0.0,13.14,0.0,0.0
:1196566780_8,0.0,28.368000000000002,0.0,0.0
:1196566780_9,0.0,28.368000000000002,0.0,0.0
:1196566782_0,0.0,10.007999999999997,0.0,0.0
:1196566782_1,0.0,10.007999999999997,0.0,0.0
:1196566782_10,0.0,10.007999999999997,0.0,0.0
:1196566782_11,0.0,10.007999999999997,0.0,0.0
:1196566782_12,0.0,10.007999999999997,0.0,0.0
:1196566782_13,0.0,10.007999999999997,0.0,0.0
:1196566782_14,0.0,10.007999999999997,0.0,0.0
:1196566782_15,0.0,10.007999999999997,0.0,0.0
:1196566782_2,0.0,10.007999999999997,0.0,0.0
:1196566782_3,0.0,10.007999999999997,0.0,0.0
:1196566782_4,0.0,10.007999999999997,0.0,0.0
:1196566782_5,0.0,10.007999999999997,0.0,0.0
:1196566782_6,0.0,10.007999999999997,0.0,0.0
:1196566782_7,0.0,10.007999999999997,0.0,0.0
:1196566782_8,0.0,10.007999999999997,0.0,0.0
:1196566782_9,0.0,10.007999999999997,0.0,0.0
:1196566785_0,0.0,30.024,0.0,0.0
:1196566785_1,0.0,30.024,0.0,0.0
:1196566785_10,0.0,11.664000000000001,0.0,0.0
:1196566785_11,0.0,13.14,0.0,0.0
:1196566785_12,0.0,30.024,0.0,0.0
:1196566785_13,0.0,30.024,0.0,0.0
:1196566785_14,0.0,11.664000000000001,0.0,0.0
:1196566785_15,0.0,13.14,0.0,0.0
:1196566785_16,0.0,13.14,0.0,0.0
:1196566785_2,0.0,10.007999999999997,0.0,0.0
:1196566785_3,0.0,10.007999999999997,0.0,0.0
:1196566785_4,0.0,30.024,0.0,0.0
:1196566785_5,0.0,30.024,0.0,0.0
:1196566785_6,0.0,10.007999999999997,0.0,0.0
:1196566785_7,0.0,10.007999999999997,0.0,0.0
:1196566785_8,0.0,30.024,0.0,0.0
:1196566785_9,0.0,30.024,0.0,0.0
:1196566792_0,0.0,10.007999999999997,0.0,0.0
:1196566792_1,0.0,10.007999999999997,0.0,0.0
:1196566797_0,0.0,10.007999999999997,0.0,0.0
:1196566797_1,0.0,10.007999999999997,0.0,0.0
:1196566799_0,0.0,11.664000000000001,0.0,0.0
:1196566799_1,0.1,11.517794391544324,2471.0820075797074,0.08280429589225971
:1196566800_0,0.0,11.664000000000001,0.0,0.0
:1196566800_1,0.0,11.664000000000001,0.0,0.0
:1196566804_0,0.0,11.664000000000001,0.0,0.0
:1196566804_1,0.0,11.664000000000001,0.0,0.0
:1196566806_0,0.0,11.664000000000001,0.0,0.0
:1196566806_1,0.0,11.664000000000001,0.0,0.0
:1196566807_0,0.0,10.007999999999997,0.0,0.0
:1196566807_1,0.0,10.007999999999997,0.0,0.0
:1196566808_0,0.0,28.98000000000001,0.0,0.0
:1196566808_1,0.0,28.98000000000001,0.0,0.008597087736258096
:1196566808_10,0.0,11.664000000000001,0.0,0.0
:1196566808_11,0.1,13.084627345893205,0.0,0.002141327623126369
:1196566808_12,0.0,28.98000000000001,0.0,0.0
:1196566808_13,0.0,28.98000000000001,0.0,0.0
:1196566808_14,0.0,10.007999999999997,0.0,0.0
:1196566808_15,0.0,10.007999999999997,0.0,0.0
:1196566808_16,0.0,13.14,0.0,0.0
:1196566808_2,0.0,10.007999999999997,0.0,0.0
:1196566808_3,0.0,10.007999999999997,0.0,0.0
:1196566808_4,0.0,23.579999999999995,0.0,0.0
:1196566808_5,0.0,23.579999999999995,0.0,0.0
:1196566808_6,0.0,11.664000000000001,0.0,0.0
:1196566808_7,0.0,13.14,0.0,0.0
:1196566808_8,0.0,23.579999999999995,0.0,0.0
:1196566808_9,0.0,23.579999999999995,0.0,0.0
:1196566817_0,0.0,11.664000000000001,0.0,0.0
:1196566817_1,0.1,11.562484212335919,0.0,0.043716783764805034
:1196566818_0,0.0,10.007999999999997,0.0,0.0
:1196566818_1,0.0,10.007999999999997,0.0,0.0
:1196566819_0,0.0,10.007999999999997,0.0,0.0
:1196566819_1,0.0,10.007999999999997,0.0,0.0
:1196566820_0,0.0,10.007999999999997,0.0,0.0
:1196566820_1,0.0,10.007999999999997,0.0,0.0
:1196566821_0,0.0,11.664000000000001,0.0,0.0
:1196566821_1,0.0,11.664000000000001,0.0,0.0
:1196566823_0,0.0,11.664000000000001,0.0,0.0
:1196566823_1,0.0,11.664000000000001,0.0,0.0
:1196566824_0,0.1,11.618386813448671,0.0,0.04721401638627154
:1196566824_1,0.0,11.664000000000001,0.0,0.10789679272426263
:1196566829_0,0.0,50.00400000000001,0.0,0.0
:1196566829_1,0.0,50.00400000000001,0.0,0.0
:1196566829_10,0.0,11.664000000000001,0.0,0.0
:1196566829_11,0.0,13.14,0.0,0.0
:1196566829_12,0.0,50.00400000000001,0.0,0.0
:1196566829_13,0.0,50.00400000000001,0.0,0.0
:1196566829_14,0.0,11.664000000000001,0.0,0.0
:1196566829_15,0.0,13.14,0.0,0.0
:1196566829_16,0.0,11.664000000000001,0.0,0.0
:1196566829_17,0.0,13.14,0.0,0.0
:1196566829_18,0.0,11.664000000000001,0.0,0.0
:1196566829_19,0.0,13.14,0.0,0.0
:1196566829_2,0.0,11.664000000000001,0.0,0.0
:1196566829_3,0.0,13.14,0.0,0.0
:1196566829_4,0.0,50.00400000000001,0.0,0.0
:1196566829_5,0.0,50.00400000000001,0.0,0.0
:1196566829_6,0.0,11.664000000000001,0.0,0.0
:1196566829_7,0.0,13.14,0.0,0.0
:1196566829_8,0.0,50.00400000000001,0.0,0.0
:1196566829_9,0.0,50.00400000000001,0.0,0.0
:1200716026_0,0.0,11.664000000000001,0.0,0.0
:1200716026_1,0.0,11.664000000000001,0.0,0.0
:1200716085_0,0.0,11.664000000000001,0.0,0.0
:1200716085_1,0.0,11.664000000000001,0.0,0.0
:1200716196_0,0.0,11.664000000000001,0.0,0.0
:1200716196_1,0.0,11.664000000000001,0.0,0.0
:1200716259_0,0.0,11.664000000000001,0.0,0.0
:1200716259_1,0.0,11.664000000000001,0.0,0.0
:1200716262_0,0.0,29.231999999999992,0.0,0.0
:1200716262_1,0.0,29.231999999999992,0.0,0.0
:1200716262_10,0.0,11.664000000000001,0.0,0.0
:1200716262_11,0.0,13.14,0.0,0.0
:1200716262_12,0.0,23.759999999999994,0.0,0.0
:1200716262_13,0.0,23.759999999999994,0.0,0.0
:1200716262_14,0.0,11.664000000000001,0.0,0.0
:1200716262_15,0.0,13.14,0.0,0.0
:1200716262_16,0.0,11.664000000000001,0.0,0.0
:1200716262_17,0.0,13.14,0.0,0.0
:1200716262_18,0.0,11.664000000000001,0.0,0.0
:1200716262_19,0.0,13.14,0.0,0.0
:1200716262_2,0.0,11.664000000000001,0.0,0.0
:1200716262_3,0.0,13.14,0.0,0.0
:1200716262_4,0.0,29.231999999999992,0.0,0.0
:1200716262_5,0.0,29.231999999999992,0.0,0.0
:1200716262_6,0.0,11.664000000000001,0.0,0.0
:1200716262_7,0.0,13.14,0.0,0.0
:1200716262_8,0.0,23.759999999999994,0.0,0.0
:1200716262_9,0.0,23.759999999999994,0.0,0.0
:1200716422_0,0.0,11.664000000000001,0.0,0.0
:1200716422_1,0.0,11.664000000000001,0.0,0.0
:1200716432_0,0.0,50.00400000000001,0.0,0.0
:1200716432_1,0.0,50.00400000000001,0.0,0.0
:1200716432_10,0.0,11.664000000000001,0.0,0.0
:1200716432_11,0.0,13.14,0.0,0.0
:1200716432_12,0.0,23.436000000000003,0.0,0.0
:1200716432_13,0.0,23.436000000000003,0.0,0.0
:1200716432_14,0.0,29.088,0.0,0.0
:1200716432_15,0.0,29.088,0.0,0.0
:1200716432_16,0.0,11.664000000000001,0.0,0.0
:1200716432_17,0.0,13.14,0.0,0.0
:1200716432_18,0.0,23.436000000000003,0.0,0.0
:1200716432_19,0.0,23.436000000000003,0.0,0.0
:1200716432_2,0.0,28.800000000000004,0.0,0.0
:1200716432_20,0.0,29.088,0.0,0.0
:1200716432_21,0.0,29.088,0.0,0.0
:1200716432_22,0.0,11.664000000000001,0.0,0.0
:1200716432_23,0.0,13.14,0.0,0.0
:1200716432_24,0.0,23.796,0.0,0.0
:1200716432_25,0.0,23.796,0.0,0.0
:1200716432_26,0.0,50.00400000000001,0.0,0.0
:1200716432_27,0.0,50.00400000000001,0.0,0.0
:1200716432_28,0.0,11.664000000000001,0.0,0.0
:1200716432_29,0.0,13.14,0.0,0.0
:1200716432_3,0.0,28.800000000000004,0.0,0.0
:1200716432_30,0.0,23.796,0.0,0.0
:1200716432_31,0.0,23.796,0.0,0.0
:1200716432_32,0.0,50.00400000000001,0.0,0.0
:1200716432_33,0.0,50.00400000000001,0.0,0.0
:1200716432_34,0.0,11.664000000000001,0.0,0.0
:1200716432_35,0.0,13.14,0.0,0.0
:1200716432_36,0.0,28.800000000000004,0.0,0.0
:1200716432_37,0.0,28.800000000000004,0.0,0.0
:1200716432_38,0.0,11.664000000000001,0.0,0.0
:1200716432_39,0.0,13.14,0.0,0.0
:1200716432_4,0.0,11.664000000000001,0.0,0.0
:1200716432_40,0.0,11.664000000000001,0.0,0.0
:1200716432_41,0.0,13.14,0.0,0.0
:1200716432_5,0.0,13.14,0.0,0.0
:1200716432_6,0.0,50.00400000000001,0.0,0.0
:1200716432_7,0.0,50.00400000000001,0.0,0.0
:1200716432_8,0.0,28.800000000000004,0.0,0.0
:1200716432_9,0.0,28.800000000000004,0.0,0.0
:1200716467_0,0.0,11.664000000000001,0.0,0.0
:1200716467_1,0.0,11.664000000000001,0.0,0.0
:1200738611_0,0.0,10.007999999999997,0.0,0.0
:1200738611_1,0.0,10.007999999999997,0.0,0.0
:1200738623_0,0.0,29.016000000000002,0.0,0.0
:1200738623_1,0.0,29.016000000000002,0.0,0.0
:1200738623_10,0.0,11.664000000000001,0.0,0.0
:1200738623_11,0.0,13.14,0.0,0.0
:1200738623_12,0.0,23.579999999999995,0.0,0.0
:1200738623_13,0.0,23.579999999999995,0.0,0.0
:1200738623_14,0.0,11.664000000000001,0.0,0.0
:1200738623_15,0.0,13.14,0.0,0.0
:1200738623_16,0.0,11.664000000000001,0.0,0.0
:1200738623_17,0.0,13.14,0.0,0.0
:1200738623_18,0.0,11.664000000000001,0.0,0.0
:1200738623_19,0.0,13.14,0.0,0.0
:1200738623_2,0.0,11.664000000000001,0.0,0.0
:1200738623_3,0.0,13.14,0.0,0.0
:1200738623_4,0.0,29.016000000000002,0.0,0.0
:1200738623_5,0.1,28.273061417949567,16265.46090498709,0.0356797848172004
:1200738623_6,0.0,11.664000000000001,0.0,0.0
:1200738623_7,0.0,13.14,0.0,0.0
:1200738623_8,0.0,23.579999999999995,0.0,0.0
:1200738623_9,0.0,23.579999999999995,0.0,0.0
:1200738662_0,0.0,28.836000000000006,0.0,0.013371378969618925
:1200738662_1,0.0,28.836000000000006,0.0,0.0
:1200738662_10,0.0,11.664000000000001,0.0,0.0
:1200738662_11,0.0,13.14,0.0,0.0
:1200738662_12,0.0,28.836000000000006,0.0,0.0
:1200738662_13,0.0,28.836000000000006,0.0,0.0
:1200738662_14,0.0,11.664000000000001,0.0,0.0
:1200738662_15,0.0,13.14,0.0,0.0
:1200738662_16,0.0,11.664000000000001,0.0,0.0
:1200738662_17,0.0,13.14,0.0,0.0
:1200738662_18,0.0,11.664000000000001,0.0,0.0
:1200738662_19,0.0,13.14,0.0,0.0
:1200738662_2,0.0,11.664000000000001,0.0,0.0
:1200738662_3,0.0,13.14,0.0,0.0
:1200738662_4,0.1,23.403250768164654,0.0,0.02540415704387991
:1200738662_5,0.0,23.472,0.0,0.0
:1200738662_6,0.0,11.664000000000001,0.0,0.0
:1200738662_7,0.0,13.14,0.0,0.0
:1200738662_8,0.0,23.472,0.0,0.0
:1200738662_9,0.0,23.472,0.0,0.0
:1200738799_0,0.1,11.475230363996305,0.0,0.03613321462241803
:1200738799_1,0.0,11.664000000000001,0.0,0.0
:1200738803_0,0.0,11.664000000000001,0.0,0.0
:1200738803_1,0.0,11.664000000000001,0.0,0.12996323111150748
:1200738817_0,0.0,10.007999999999997,0.0,0.0
:1200738817_1,0.0,10.007999999999997,0.0,0.0
:1200738870_0,0.0,11.664000000000001,0.0,0.0
:1200738870_1,0.0,11.664000000000001,0.0,0.0
:1200738901_0,0.0,11.664000000000001,0.0,0.0
:1200738901_1,0.0,11.664000000000001,0.0,0.0
:1200738908_0,0.0,11.664000000000001,0.0,0.0
:1200738908_1,0.0,11.664000000000001,0.0,0.0
:1200738954_0,0.0,11.664000000000001,0.0,0.0
:1200738954_1,0.0,11.664000000000001,0.0,0.0
:1200738970_0,0.0,10.007999999999997,0.0,0.0
:1200738970_1,0.0,10.007999999999997,0.0,0.0
:1200739036_0,0.0,11.664000000000001,0.0,0.0
:1200739036_1,0.2,11.382187776307969,0.0,0.1298807987931505
:1200739086_0,0.0,11.664000000000001,0.0,0.0
:1200739086_1,0.0,11.664000000000001,0.0,0.0
:1200739113_0,0.0,10.007999999999997,0.0,0.0
:1200739113_1,0.0,10.007999999999997,0.0,0.0
:1200781817_0,0.0,11.664000000000001,0.0,0.0
:1200781817_1,0.0,11.664000000000001,0.0,0.0
:1200781997_0,0.0,11.664000000000001,0.0,0.0
:1200781997_1,0.0,11.664000000000001,0.0,0.0
:1200782052_0,0.0,11.664000000000001,0.0,0.0
:1200782052_1,0.0,11.664000000000001,0.0,0.0
:1200782061_0,0.0,11.664000000000001,0.0,0.0
:1200782061_1,0.0,11.664000000000001,0.0,0.0
:1200782163_0,0.0,10.007999999999997,0.0,0.0
:1200782163_1,0.0,10.007999999999997,0.0,0.0
:1200782166_0,0.0,11.664000000000001,0.0,0.0
:1200782166_1,0.0,11.664000000000001,0.0,0.0
:1200782340_0,0.0,11.664000000000001,0.0,0.0
:1200782340_1,0.0,11.664000000000001,0.0,0.0
:1200782393_0,0.0,11.664000000000001,0.0,0.0
:1200782393_1,0.0,11.664000000000001,0.0,0.0
:1200782472_0,0.0,10.007999999999997,0.0,0.0
:1200782472_1,0.0,10.007999999999997,0.0,0.0
:1200782482_0,0.0,11.664000000000001,0.0,0.0
:1200782482_1,0.0,11.664000000000001,0.0,0.0
:1200782485_0,0.0,11.664000000000001,0.0,0.0
:1200782485_1,0.0,11.664000000000001,0.0,0.0
:1200782495_0,0.0,11.664000000000001,0.0,0.0
:1200782495_1,0.0,11.664000000000001,0.0,0.0
:1200782532_0,0.0,11.664000000000001,0.0,0.0
:1200782532_1,0.0,11.664000000000001,0.0,0.0
:1200782552_0,0.0,10.007999999999997,0.0,0.0
:1200782552_1,0.0,10.007999999999997,0.0,0.0
:1200782601_0,0.0,11.664000000000001,0.0,0.0
:1200782601_1,0.0,11.664000000000001,0.0,0.0
:1200782630_0,0.0,11.664000000000001,0.0,0.0
:1200782630_1,0.0,11.664000000000001,0.0,0.0
:1200782637_0,0.0,11.664000000000001,0.0,0.0
:1200782637_1,0.0,11.664000000000001,0.0,0.0
:1200782643_0,0.0,11.664000000000001,0.0,0.0
:1200782643_1,0.0,11.664000000000001,0.0,0.0
:1200782688_0,0.0,10.007999999999997,0.0,0.0
:1200782688_1,0.0,10.007999999999997,0.0,0.0
:1200782695_0,0.0,11.664000000000001,0.0,0.0
:1200782695_1,0.0,11.664000000000001,0.0,0.0
:1202167793_0,0.0,11.664000000000001,0.0,0.0
:1202167793_1,0.0,11.664000000000001,0.0,0.0
:1202167826_0,0.0,11.664000000000001,0.0,0.0
:1202167826_1,0.0,11.664000000000001,0.0,0.0
:1202167833_0,0.0,10.007999999999997,0.0,0.0
:1202167833_1,0.0,10.007999999999997,0.0,0.0
:1202167921_0,0.0,10.007999999999997,0.0,0.0
:1202167921_1,0.0,10.007999999999997,0.0,0.0
:1202168006_0,0.0,11.664000000000001,0.0,0.0
:1202168006_1,0.0,11.664000000000001,0.0,0.0
:1202168060_0,0.0,11.664000000000001,0.0,0.0
:1202168060_1,0.0,11.664000000000001,0.0,0.0
:1202168071_0,0.0,11.664000000000001,0.0,0.0
:1202168071_1,0.0,11.664000000000001,0.0,0.0
:1202168172_0,0.0,10.007999999999997,0.0,0.0
:1202168172_1,0.0,10.007999999999997,0.0,0.0
:1202168202_0,0.0,22.211999999999996,0.0,0.0
:1202168202_1,0.0,22.211999999999996,0.0,0.0
:1202168202_10,0.0,11.664000000000001,0.0,0.0
:1202168202_11,0.0,13.14,0.0,0.0
:1202168202_12,0.0,24.984000000000005,0.0,0.0
:1202168202_13,0.0,24.984000000000005,0.0,0.0
:1202168202_14,0.0,11.664000000000001,0.0,0.0
:1202168202_15,0.0,13.14,0.0,0.0
:1202168202_16,0.0,13.14,0.0,0.0
:1202168202_2,0.0,10.007999999999997,0.0,0.0
:1202168202_3,0.0,10.007999999999997,0.0,0.0
:1202168202_4,0.0,22.211999999999996,0.0,0.0
:1202168202_5,0.0,22.211999999999996,0.0,0.0
:1202168202_6,0.0,10.007999999999997,0.0,0.0
:1202168202_7,0.0,10.007999999999997,0.0,0.0
:1202168202_8,0.0,24.984000000000005,0.0,0.0
:1202168202_9,0.0,24.984000000000005,0.0,0.0
:1202168219_0,0.0,11.664000000000001,0.0,0.0
:1202168219_1,0.0,11.664000000000001,0.0,0.0
:1202168247_0,0.0,79.99199999999999,0.0,0.0
:1202168247_1,0.0,79.99199999999999,0.0,0.0
:1202168247_10,0.0,11.664000000000001,0.0,0.0
:1202168247_11,0.0,13.14,0.0,0.0
:1202168247_12,0.0,79.99199999999999,0.0,0.0
:1202168247_13,0.0,79.99199999999999,0.0,0.0
:1202168247_14,0.0,11.664000000000001,0.0,0.0
:1202168247_15,0.0,13.14,0.0,0.0
:1202168247_16,0.0,11.664000000000001,0.0,0.0
:1202168247_17,0.0,13.14,0.0,0.0
:1202168247_18,0.0,11.664000000000001,0.0,0.0
:1202168247_19,0.0,13.14,0.0,0.0
:1202168247_2,0.0,11.664000000000001,0.0,0.0
:1202168247_3,0.0,13.14,0.0,0.0
:1202168247_4,0.0,79.99199999999999,0.0,0.0
:1202168247_5,0.0,79.99199999999999,0.0,0.0
:1202168247_6,0.0,11.664000000000001,0.0,0.0
:1202168247_7,0.0,13.14,0.0,0.0
:1202168247_8,0.0,79.99199999999999,0.0,0.0
:1202168247_9,0.0,79.99199999999999,0.0,0.0
:1202168279_0,0.0,64.98,0.0,0.0
:1202168279_1,0.0,64.98,0.0,0.0
:1202168279_10,0.0,11.664000000000001,0.0,0.0
:1202168279_11,0.0,13.14,0.0,0.0
:1202168279_12,0.0,64.98,0.0,0.0
:1202168279_13,0.0,64.98,0.0,0.0
:1202168279_14,0.0,11.664000000000001,0.0,0.0
:1202168279_15,0.0,13.14,0.0,0.0
:1202168279_16,0.0,13.14,0.0,0.0
:1202168279_2,0.0,11.664000000000001,0.0,0.0
:1202168279_3,0.0,13.14,0.0,0.0
:1202168279_4,0.0,64.98,0.0,0.0
:1202168279_5,0.0,64.98,0.0,0.0
:1202168279_6,0.0,11.664000000000001,0.0,0.0
:1202168279_7,0.0,13.14,0.0,0.0
:1202168279_8,0.0,64.98,0.0,0.0
:1202168279_9,0.0,64.98,0.0,0.0
:1202168289_0,0.0,10.007999999999997,0.0,0.0
:1202168289_1,0.0,10.007999999999997,0.0,0.0
:1202168312_0,0.0,29.303999999999995,0.0,0.0
:1202168312_1,0.0,29.303999999999995,0.0,0.0
:1202168312_10,0.0,11.664000000000001,0.0,0.0
:1202168312_11,0.0,13.14,0.0,0.0
:1202168312_12,0.0,23.831999999999997,0.0,0.0
:1202168312_13,0.0,23.831999999999997,0.0,0.0
:1202168312_14,0.0,11.664000000000001,0.0,0.0
:1202168312_15,0.0,13.14,0.0,0.0
:1202168312_16,0.0,13.14,0.0,0.0
:1202168312_2,0.0,11.664000000000001,0.0,0.0
:1202168312_3,0.0,13.14,0.0,0.0
:1202168312_4,0.0,29.303999999999995,0.0,0.0
:1202168312_5,0.0,29.303999999999995,0.0,0.0
:1202168312_6,0.0,11.664000000000001,0.0,0.0
:1202168312_7,0.0,13.14,0.0,0.0
:1202168312_8,0.0,23.831999999999997,0.0,0.0
:1202168312_9,0.0,23.831999999999997,0.0,0.0
:1202168460_0,0.0,10.007999999999997,0.0,0.0
:1202168460_1,0.0,10.007999999999997,0.0,0.0
:1202168677_0,0.0,11.664000000000001,0.0,0.0
:1202168677_1,0.0,11.664000000000001,0.0,0.0
:1202168825_0,0.0,10.007999999999997,0.0,0.0
:1202168825_1,0.0,10.007999999999997,0.0,0.0
:1202168831_0,0.0,11.664000000000001,0.0,0.0
:1202168831_1,0.0,11.664000000000001,0.0,0.0
:1202168849_0,0.0,11.664000000000001,0.0,0.0
:1202168849_1,0.0,11.664000000000001,0.0,0.0
:1202168888_0,0.0,11.664000000000001,0.0,0.0
:1202168888_1,0.0,11.664000000000001,0.0,0.0
:1202168931_0,0.0,11.664000000000001,0.0,0.0
:1202168931_1,0.0,11.664000000000001,0.0,0.0
:1202168987_0,0.0,50.00400000000001,0.0,0.0
:1202168987_1,0.0,50.00400000000001,0.0,0.0
:1202168987_10,0.0,11.664000000000001,0.0,0.0
:1202168987_11,0.0,13.14,0.0,0.0
:1202168987_12,0.0,50.00400000000001,0.0,0.0
:1202168987_13,0.0,50.00400000000001,0.0,0.0
:1202168987_14,0.0,11.664000000000001,0.0,0.0
:1202168987_15,0.0,13.14,0.0,0.0
:1202168987_16,0.0,11.664000000000001,0.0,0.0
:1202168987_17,0.0,13.14,0.0,0.0
:1202168987_18,0.0,11.664000000000001,0.0,0.0
:1202168987_19,0.0,13.14,0.0,0.0
:1202168987_2,0.0,11.664000000000001,0.0,0.0
:1202168987_3,0.0,13.14,0.0,0.0
:1202168987_4,0.0,50.00400000000001,0.0,0.0
:1202168987_5,0.0,50.00400000000001,0.0,0.0
:1202168987_6,0.0,11.664000000000001,0.0,0.0
:1202168987_7,0.0,13.14,0.0,0.0
:1202168987_8,0.0,50.00400000000001,0.0,0.0
:1202168987_9,0.0,50.00400000000001,0.0,0.0
:1202332255_0,0.0,10.007999999999997,0.0,0.0
:1202332255_1,0.0,10.007999999999997,0.0,0.0
:1202332258_0,0.0,11.664000000000001,0.0,0.0
:1202332258_1,0.0,11.664000000000001,0.0,0.0
:1202332272_0,0.0,11.664000000000001,0.0,0.0
:1202332272_1,0.0,11.664000000000001,0.0,0.0
:1202332282_0,0.0,11.664000000000001,0.0,0.0
:1202332282_1,0.0,11.664000000000001,0.0,0.0
:1202332294_0,0.1,11.779092152321546,0.0,0.050852963178614985
:1202332294_1,0.0,11.664000000000001,0.0,0.0
:1202332296_0,0.0,10.007999999999997,0.0,0.0
:1202332296_1,0.0,10.007999999999997,0.0,0.0
:1202332298_0,0.0,11.664000000000001,0.0,0.0
:1202332298_1,0.0,11.664000000000001,0.0,0.0
:1202332300_0,0.0,10.007999999999997,0.0,0.0
:1202332300_1,0.0,10.007999999999997,0.0,0.0
:1202332301_0,0.0,11.664000000000001,0.0,0.0
:1202332301_1,0.0,11.664000000000001,0.0,0.0
:1202332302_0,0.0,10.007999999999997,0.0,0.0
:1202332302_1,0.0,10.007999999999997,0.0,0.0
:1202332321_0,0.0,10.007999999999997,0.0,0.0
:1202332321_1,0.0,10.007999999999997,0.0,0.0
:1202332322_0,0.0,10.007999999999997,0.0,0.0
:1202332322_1,0.0,10.007999999999997,0.0,0.0
:1202332324_0,0.0,11.664000000000001,0.0,0.0
:1202332324_1,0.0,11.664000000000001,0.0,0.0
:1202332325_0,0.0,10.007999999999997,0.0,0.0
:1202332325_1,0.0,10.007999999999997,0.0,0.0
:1202332338_0,0.0,10.007999999999997,0.0,0.0
:1202332338_1,0.0,10.007999999999997,0.0,0.0
:1202332340_0,0.0,10.007999999999997,0.0,0.0
:1202332340_1,0.0,10.007999999999997,0.0,0.0
:1202332342_0,0.0,19.188,0.0,0.0
:1202332366_0,0.0,23.436000000000003,0.0,0.0
:1202332366_1,0.0,23.436000000000003,0.0,0.008056907295547122
:1202332366_10,0.0,11.664000000000001,0.0,0.0
:1202332366_11,0.0,13.14,0.0,0.0
:1202332366_12,0.0,28.836000000000006,0.0,0.0
:1202332366_13,0.0,28.836000000000006,0.0,0.0
:1202332366_14,0.0,11.664000000000001,0.0,0.0
:1202332366_15,0.0,13.14,0.0,0.0
:1202332366_16,0.0,13.14,0.0,0.0
:1202332366_2,0.0,11.664000000000001,0.0,0.0
:1202332366_3,0.0,13.14,0.0,0.0
:1202332366_4,0.0,23.436000000000003,0.0,0.0
:1202332366_5,0.0,23.436000000000003,0.0,0.0
:1202332366_6,0.0,11.664000000000001,0.0,0.0
:1202332366_7,0.0,13.14,0.0,0.0
:1202332366_8,0.0,28.836000000000006,0.0,0.0
:1202332366_9,0.0,28.836000000000006,0.0,0.0
:1202332371_0,0.0,10.007999999999997,0.0,0.0
:1202332371_1,0.0,10.007999999999997,0.0,0.0
:1202332371_10,0.0,10.007999999999997,0.0,0.0
:1202332371_11,0.0,10.007999999999997,0.0,0.0
:1202332371_12,0.0,10.007999999999997,0.0,0.0
:1202332371_13,0.0,10.007999999999997,0.0,0.0
:1202332371_14,0.0,10.007999999999997,0.0,0.0
:1202332371_15,0.0,10.007999999999997,0.0,0.0
:1202332371_2,0.0,10.007999999999997,0.0,0.0
:1202332371_3,0.0,10.007999999999997,0.0,0.0
:1202332371_4,0.0,10.007999999999997,0.0,0.0
:1202332371_5,0.0,10.007999999999997,0.0,0.0
:1202332371_6,0.0,10.007999999999997,0.0,0.0
:1202332371_7,0.0,10.007999999999997,0.0,0.0
:1202332371_8,0.0,10.007999999999997,0.0,0.0
:1202332371_9,0.0,10.007999999999997,0.0,0.0
:1202332380_0,0.0,11.664000000000001,0.0,0.0
:1202332380_1,0.0,11.664000000000001,0.0,0.0
:1202332394_0,0.0,10.007999999999997,0.0,0.0
:1202332394_1,0.0,10.007999999999997,0.0,0.0
:1202332405_0,0.0,10.007999999999997,0.0,0.0
:1202332405_1,0.0,10.007999999999997,0.0,0.0
:1202332412_0,0.0,11.664000000000001,0.0,0.0
:1202332412_1,0.0,11.664000000000001,0.0,0.0
:1202332413_0,0.0,10.007999999999997,0.0,0.0
:1202332413_1,0.0,10.007999999999997,0.0,0.0
:1202332415_0,0.0,11.664000000000001,0.0,0.0
:1202332415_1,0.0,11.664000000000001,0.0,0.0
:1202332432_0,0.0,10.007999999999997,0.0,0.0
:1202332432_1,0.0,10.007999999999997,0.0,0.0
:1202332433_0,0.0,10.007999999999997,0.0,0.0
:1202332433_1,0.0,10.007999999999997,0.0,0.0
:1202332439_0,0.0,11.664000000000001,0.0,0.0
:1202332439_1,0.0,11.664000000000001,0.0,0.0
:1202332452_0,0.0,10.007999999999997,0.0,0.0
:1202332452_1,0.0,10.007999999999997,0.0,0.0
:1202332455_0,0.0,11.664000000000001,0.0,0.0
:1202332455_1,0.0,11.664000000000001,0.0,0.0
:1202332457_0,0.0,10.007999999999997,0.0,0.0
:1202332457_1,0.0,10.007999999999997,0.0,0.0
:1202332460_0,0.0,11.664000000000001,0.0,0.0
:1202332460_1,0.0,11.664000000000001,0.0,0.0
:1202332462_0,0.0,10.007999999999997,0.0,0.0
:1202332462_1,0.0,10.007999999999997,0.0,0.0
:1202332470_0,0.0,11.664000000000001,0.0,0.0
:1202332470_1,0.0,11.664000000000001,0.0,0.0
:1202332471_0,0.0,11.664000000000001,0.0,0.0
:1202332471_1,0.0,11.664000000000001,0.0,0.0
:1202332489_0,0.0,11.664000000000001,0.0,0.0
:1202332489_1,0.0,11.664000000000001,0.0,0.0
:1202332491_0,0.0,30.024,0.0,0.0
:1202332491_1,0.0,30.024,0.0,0.0
:1202332491_10,0.0,10.007999999999997,0.0,0.0
:1202332491_11,0.0,10.007999999999997,0.0,0.0
:1202332491_12,0.0,30.024,0.0,0.0
:1202332491_13,0.0,30.024,0.0,0.0
:1202332491_14,0.0,10.007999999999997,0.0,0.0
:1202332491_15,0.0,10.007999999999997,0.0,0.0
:1202332491_16,0.0,13.14,0.0,0.0
:1202332491_2,0.0,11.664000000000001,0.0,0.0
:1202332491_3,0.0,13.14,0.0,0.0
:1202332491_4,0.0,30.024,0.0,0.0
:1202332491_5,0.0,30.024,0.0,0.0
:1202332491_6,0.0,11.664000000000001,0.0,0.0
:1202332491_7,0.0,13.14,0.0,0.0
:1202332491_8,0.0,30.024,0.0,0.0
:1202332491_9,0.0,30.024,0.0,0.0
:1202332495_0,0.0,11.664000000000001,0.0,0.0
:1202332495_1,0.0,11.664000000000001,0.0,0.0
:1202332499_0,0.0,11.664000000000001,0.0,0.0
:1202332499_1,0.0,11.664000000000001,0.0,0.0
:1202332502_0,0.0,11.664000000000001,0.0,0.0
:1202332502_1,0.0,11.664000000000001,0.0,0.0
:1202746591_0,0.0,10.007999999999997,0.0,0.0
:1202746591_1,0.0,10.007999999999997,0.0,0.0
:1202746592_0,0.0,11.664000000000001,0.0,0.0
:1202746592_1,0.0,11.664000000000001,0.0,0.0
:1202746598_0,0.0,11.664000000000001,0.0,0.0
:1202746598_1,0.0,11.664000000000001,0.0,0.0
:1202746601_0,0.0,10.007999999999997,0.0,0.0
:1202746601_1,0.0,10.007999999999997,0.0,0.0
:1202746602_0,0.0,11.664000000000001,0.0,0.0
:1202746602_1,0.0,11.664000000000001,0.0,0.0
:1202746610_0,0.0,23.003999999999994,0.0,0.0
:1202746610_1,0.0,23.003999999999994,0.0,0.0
:1202746610_10,0.0,50.00400000000001,0.0,0.0
:1202746610_11,0.0,50.00400000000001,0.0,0.0
:1202746610_12,0.0,28.98000000000001,0.0,0.0
:1202746610_13,0.0,28.98000000000001,0.0,0.0
:1202746610_14,0.0,11.664000000000001,0.0,0.0
:1202746610_15,0.0,13.14,0.0,0.0
:1202746610_16,0.0,24.66,0.0,0.0
:1202746610_17,0.0,24.66,0.0,0.0
:1202746610_18,0.0,50.00400000000001,0.0,0.0
:1202746610_19,0.0,50.00400000000001,0.0,0.0
:1202746610_2,0.0,30.024,0.0,0.0
:1202746610_20,0.0,28.98000000000001,0.0,0.0
:1202746610_21,0.0,28.98000000000001,0.0,0.0
:1202746610_22,0.0,11.664000000000001,0.0,0.0
:1202746610_23,0.0,13.14,0.0,0.0
:1202746610_24,0.0,23.615999999999996,0.0,0.0
:1202746610_25,0.0,23.615999999999996,0.0,0.0
:1202746610_26,0.0,30.024,0.0,0.0
:1202746610_27,0.0,30.024,0.0,0.0
:1202746610_28,0.0,28.692,0.0,0.0
:1202746610_29,0.0,28.692,0.0,0.0
:1202746610_3,0.0,30.024,0.0,0.0
:1202746610_30,0.0,10.007999999999997,0.0,0.0
:1202746610_31,0.0,10.007999999999997,0.0,0.0
:1202746610_32,0.0,23.615999999999996,0.0,0.0
:1202746610_33,0.0,23.615999999999996,0.0,0.0
:1202746610_34,0.0,30.024,0.0,0.0
:1202746610_35,0.0,30.024,0.0,0.0
:1202746610_36,0.0,28.692,0.0,0.0
:1202746610_37,0.0,28.692,0.0,0.0
:1202746610_38,0.0,10.007999999999997,0.0,0.0
:1202746610_39,0.0,10.007999999999997,0.0,0.0
:1202746610_4,0.0,29.844,0.0,0.0
:1202746610_40,0.0,23.291999999999998,0.0,0.0
:1202746610_41,0.0,23.291999999999998,0.0,0.0
:1202746610_42,0.0,50.00400000000001,0.0,0.0
:1202746610_43,0.0,50.00400000000001,0.0,0.0
:1202746610_44,0.0,28.440000000000005,0.0,0.0
:1202746610_45,0.0,28.440000000000005,0.0,0.0
:1202746610_46,0.0,11.664000000000001,0.0,0.0
:1202746610_47,0.0,13.14,0.0,0.0
:1202746610_48,0.0,23.291999999999998,0.0,0.0
:1202746610_49,0.0,23.291999999999998,0.0,0.0
:1202746610_5,0.0,29.844,0.0,0.0
:1202746610_50,0.0,50.00400000000001,0.0,0.0
:1202746610_51,0.0,50.00400000000001,0.0,0.0
:1202746610_52,0.0,28.440000000000005,0.0,0.0
:1202746610_53,0.0,28.440000000000005,0.0,0.0
:1202746610_54,0.0,11.664000000000001,0.0,0.0
:1202746610_55,0.0,13.14,0.0,0.0
:1202746610_56,0.0,23.003999999999994,0.0,0.0
:1202746610_57,0.0,23.003999999999994,0.0,0.0
:1202746610_58,0.0,30.024,0.0,0.0
:1202746610_59,0.0,30.024,0.0,0.0
:1202746610_6,0.0,11.664000000000001,0.0,0.0
:1202746610_60,0.0,29.844,0.0,0.0
:1202746610_61,0.0,29.844,0.0,0.0
:1202746610_62,0.0,11.664000000000001,0.0,0.0
:1202746610_63,0.0,13.14,0.0,0.0
:1202746610_64,0.0,28.98000000000001,0.0,0.0
:1202746610_65,0.0,28.98000000000001,0.0,0.0
:1202746610_66,0.0,11.664000000000001,0.0,0.0
:1202746610_67,0.0,13.14,0.0,0.0
:1202746610_68,0.0,28.440000000000005,0.0,0.0
:1202746610_69,0.0,28.440000000000005,0.0,0.0
:1202746610_7,0.0,13.14,0.0,0.0
:1202746610_70,0.0,11.664000000000001,0.0,0.0
:1202746610_71,0.0,13.14,0.0,0.0
:1202746610_8,0.0,24.66,0.0,0.0
:1202746610_9,0.0,24.66,0.0,0.0
:1202746614_0,0.0,10.007999999999997,0.0,0.0
:1202746614_1,0.0,10.007999999999997,0.0,0.0
:1202746614_10,0.0,10.007999999999997,0.0,0.0
:1202746614_11,0.0,10.007999999999997,0.0,0.0
:1202746614_12,0.0,10.007999999999997,0.0,0.0
:1202746614_13,0.0,10.007999999999997,0.0,0.0
:1202746614_14,0.0,10.007999999999997,0.0,0.0
:1202746614_15,0.0,10.007999999999997,0.0,0.0
:1202746614_2,0.0,10.007999999999997,0.0,0.0
:1202746614_3,0.0,10.007999999999997,0.0,0.0
:1202746614_4,0.0,10.007999999999997,0.0,0.0
:1202746614_5,0.0,10.007999999999997,0.0,0.0
:1202746614_6,0.0,10.007999999999997,0.0,0.0
:1202746614_7,0.0,10.007999999999997,0.0,0.0
:1202746614_8,0.0,10.007999999999997,0.0,0.0
:1202746614_9,0.0,10.007999999999997,0.0,0.0
:1202746624_0,0.0,10.007999999999997,0.0,0.0
:1202746624_1,0.0,10.007999999999997,0.0,0.0
:1202746629_0,0.0,10.007999999999997,0.0,0.0
:1202746629_1,0.0,10.007999999999997,0.0,0.0
:1202746635_0,0.0,11.664000000000001,0.0,0.0
:1202746635_1,0.0,11.664000000000001,0.0,0.0
:1202746636_0,0.0,11.664000000000001,0.0,0.0
:1202746636_1,0.0,11.664000000000001,0.0,0.0
:1202746638_0,0.0,10.007999999999997,0.0,0.0
:1202746638_1,0.0,10.007999999999997,0.0,0.0
:1202746640_0,0.0,10.007999999999997,0.0,0.0
:1202746640_1,0.0,10.007999999999997,0.0,0.0
:1202746642_0,0.0,10.007999999999997,0.0,0.0
:1202746642_1,0.0,10.007999999999997,0.0,0.0
:1202746643_0,0.0,11.664000000000001,0.0,0.0
:1202746643_1,0.0,11.664000000000001,0.0,0.0
:1202746649_0,0.0,11.664000000000001,0.0,0.0
:1202746649_1,0.0,11.664000000000001,0.0,0.0
:1202746654_0,0.0,10.007999999999997,0.0,0.0
:1202746654_1,0.0,10.007999999999997,0.0,0.0
:1202746664_0,0.0,10.007999999999997,0.0,0.0
:1202746664_1,0.0,10.007999999999997,0.0,0.0
:1202746665_0,0.0,10.007999999999997,0.0,0.0
:1202746665_1,0.0,10.007999999999997,0.0,0.0
:1202746668_0,0.0,11.664000000000001,0.0,0.0
:1202746668_1,0.0,11.664000000000001,0.0,0.0
:1202746669_0,0.0,10.007999999999997,0.0,0.0
:1202746669_1,0.0,10.007999999999997,0.0,0.0
:1202746673_0,0.0,21.168000000000003,0.0,0.0
:1202746673_1,0.0,21.168000000000003,0.0,0.0
:1202746673_10,0.0,79.99199999999999,0.0,0.0
:1202746673_11,0.0,27.071999999999996,0.0,0.0
:1202746673_12,0.0,27.071999999999996,0.0,0.0
:1202746673_13,0.0,11.664000000000001,0.0,0.0
:1202746673_14,0.0,13.14,0.0,0.0
:1202746673_15,0.0,79.99199999999999,0.0,0.0
:1202746673_16,0.0,27.071999999999996,0.0,0.0
:1202746673_17,0.0,27.071999999999996,0.0,0.0
:1202746673_18,0.0,11.664000000000001,0.0,0.0
:1202746673_19,0.0,13.14,0.0,0.0
:1202746673_2,0.0,33.803999999999995,0.0,0.0
:1202746673_20,0.0,13.14,0.0,0.0
:1202746673_3,0.0,11.664000000000001,0.0,0.0
:1202746673_4,0.0,13.14,0.0,0.0
:1202746673_5,0.0,21.168000000000003,0.0,0.0
:1202746673_6,0.0,21.168000000000003,0.0,0.0
:1202746673_7,0.0,33.803999999999995,0.0,0.0
:1202746673_8,0.0,11.664000000000001,0.0,0.0
:1202746673_9,0.0,13.14,0.0,0.0
:1202746676_0,0.0,10.007999999999997,0.0,0.0
:1202746676_1,0.0,10.007999999999997,0.0,0.0
:1202746679_0,0.0,10.007999999999997,0.0,0.0
:1202746679_1,0.0,10.007999999999997,0.0,0.0
:1202746679_10,0.0,10.007999999999997,0.0,0.0
:1202746679_11,0.0,10.007999999999997,0.0,0.0
:1202746679_12,0.0,10.007999999999997,0.0,0.0
:1202746679_13,0.0,10.007999999999997,0.0,0.0
:1202746679_14,0.0,10.007999999999997,0.0,0.0
:1202746679_15,0.0,10.007999999999997,0.0,0.0
:1202746679_2,0.0,10.007999999999997,0.0,0.0
:1202746679_3,0.0,10.007999999999997,0.0,0.0
:1202746679_4,0.0,10.007999999999997,0.0,0.0
:1202746679_5,0.0,10.007999999999997,0.0,0.0
:1202746679_6,0.0,10.007999999999997,0.0,0.0
:1202746679_7,0.0,10.007999999999997,0.0,0.0
:1202746679_8,0.0,10.007999999999997,0.0,0.0
:1202746679_9,0.0,10.007999999999997,0.0,0.0
:1202746681_0,0.0,10.007999999999997,0.0,0.0
:1202746681_1,0.0,10.007999999999997,0.0,0.0
:1202746685_0,0.0,22.644000000000002,0.0,0.0
:1202746685_1,0.0,11.664000000000001,0.0,0.0
:1202746685_2,0.0,13.14,0.0,0.0
:1202746685_3,0.0,79.99199999999999,0.0,0.0
:1202746685_4,0.0,21.672,0.0,0.0
:1202746685_5,0.0,21.672,0.0,0.0
:1202746685_6,0.0,22.644000000000002,0.0,0.0
:1202746685_7,0.0,11.664000000000001,0.0,0.0
:1202746685_8,0.0,13.14,0.0,0.0
:1202746689_0,0.0,10.007999999999997,0.0,0.0
:1202746689_1,0.0,10.007999999999997,0.0,0.0
:1202746693_0,0.0,11.664000000000001,0.0,0.0
:1202746693_1,0.0,11.664000000000001,0.0,0.0
:1202746695_0,0.0,28.836000000000006,0.0,0.0
:1202746695_1,0.0,28.836000000000006,0.0,0.0
:1202746695_10,0.0,11.664000000000001,0.0,0.0
:1202746695_11,0.0,13.14,0.0,0.0
:1202746695_12,0.0,23.472,0.0,0.0
:1202746695_13,0.0,23.472,0.0,0.0
:1202746695_14,0.0,11.664000000000001,0.0,0.0
:1202746695_15,0.0,13.14,0.0,0.0
:1202746695_16,0.0,11.664000000000001,0.0,0.0
:1202746695_17,0.0,13.14,0.0,0.0
:1202746695_18,0.0,11.664000000000001,0.0,0.0
:1202746695_19,0.0,13.14,0.0,0.0
:1202746695_2,0.0,11.664000000000001,0.0,0.0
:1202746695_3,0.0,13.14,0.0,0.0
:1202746695_4,0.0,28.836000000000006,0.0,0.0
:1202746695_5,0.0,28.836000000000006,0.0,0.0
:1202746695_6,0.0,11.664000000000001,0.0,0.0
:1202746695_7,0.0,13.14,0.0,0.0
:1202746695_8,0.0,23.472,0.0,0.0
:1202746695_9,0.0,23.472,0.0,0.0
:1202746696_0,0.0,10.007999999999997,0.0,0.0
:1202746696_1,0.0,10.007999999999997,0.0,0.0
:1202746699_0,0.0,10.007999999999997,0.0,0.0
:1202746699_1,0.0,10.007999999999997,0.0,0.0
:1202746701_0,0.0,28.115999999999993,0.0,0.0
:1202746701_1,0.0,28.115999999999993,0.0,0.0
:1202746701_10,0.0,11.664000000000001,0.0,0.0
:1202746701_11,0.0,13.14,0.0,0.0
:1202746701_12,0.0,22.608,0.0,0.0
:1202746701_13,0.0,22.608,0.0,0.0
:1202746701_14,0.0,11.664000000000001,0.0,0.0
:1202746701_15,0.0,13.14,0.0,0.0
:1202746701_16,0.0,11.664000000000001,0.0,0.0
:1202746701_17,0.0,13.14,0.0,0.0
:1202746701_18,0.0,11.664000000000001,0.0,0.0
:1202746701_19,0.0,13.14,0.0,0.0
:1202746701_2,0.0,11.664000000000001,0.0,0.0
:1202746701_3,0.0,13.14,0.0,0.0
:1202746701_4,0.0,28.115999999999993,0.0,0.0
:1202746701_5,0.0,28.115999999999993,0.0,0.0
:1202746701_6,0.0,11.664000000000001,0.0,0.0
:1202746701_7,0.0,13.14,0.0,0.0
:1202746701_8,0.0,22.608,0.0,0.0
:1202746701_9,0.0,22.608,0.0,0.0
:1202746702_0,0.0,23.003999999999994,0.0,0.0
:1202746702_1,0.0,23.003999999999994,0.0,0.0
:1202746702_10,0.0,11.664000000000001,0.0,0.0
:1202746702_11,0.0,13.14,0.0,0.0
:1202746702_12,0.0,28.476000000000006,0.0,0.0
:1202746702_13,0.0,28.476000000000006,0.0,0.0
:1202746702_14,0.0,11.664000000000001,0.0,0.0
:1202746702_15,0.0,13.14,0.0,0.0
:1202746702_16,0.0,13.14,0.0,0.0
:1202746702_2,0.0,10.007999999999997,0.0,0.0
:1202746702_3,0.0,10.007999999999997,0.0,0.0
:1202746702_4,0.0,23.003999999999994,0.0,0.0
:1202746702_5,0.0,23.003999999999994,0.0,0.0
:1202746702_6,0.0,10.007999999999997,0.0,0.0
:1202746702_7,0.0,10.007999999999997,0.0,0.0
:1202746702_8,0.0,28.476000000000006,0.0,0.0
:1202746702_9,0.0,28.476000000000006,0.0,0.0
:1203637165_0,0.0,11.664000000000001,0.0,0.0
:1203637165_1,0.0,11.664000000000001,0.0,0.0
:1203637167_0,0.0,10.007999999999997,0.0,0.0
:1203637167_1,0.0,10.007999999999997,0.0,0.0
:1203637170_0,0.0,11.664000000000001,0.0,0.0
:1203637170_1,0.0,11.664000000000001,0.0,0.0
:1203637182_0,0.0,11.664000000000001,0.0,0.0
:1203637182_1,0.0,11.664000000000001,0.0,0.0
:1203637194_0,0.0,11.664000000000001,0.0,0.0
:1203637194_1,0.0,11.664000000000001,0.0,0.0
:1203637195_0,0.0,11.664000000000001,0.0,0.0
:1203637195_1,0.0,11.664000000000001,0.0,0.0
:1203637200_0,0.0,11.664000000000001,0.0,0.0
:1203637200_1,0.0,11.664000000000001,0.0,0.0
:1203637204_0,0.0,10.007999999999997,0.0,0.0
:1203637204_1,0.0,10.007999999999997,0.0,0.0
:1203637220_0,0.0,11.664000000000001,0.0,0.0
:1203637220_1,0.0,11.664000000000001,0.0,0.0
:1203637234_0,0.0,10.007999999999997,0.0,0.0
:1203637234_1,0.0,10.007999999999997,0.0,0.0
:1203637249_0,0.0,10.007999999999997,0.0,0.0
:1203637249_1,0.0,10.007999999999997,0.0,0.0
:1203637253_0,0.0,10.007999999999997,0.0,0.0
:1203637253_1,0.0,10.007999999999997,0.0,0.0
:1203637265_0,0.0,11.664000000000001,0.0,0.0
:1203637265_1,0.0,11.664000000000001,0.0,0.0
:1203637280_0,0.0,10.007999999999997,0.0,0.0
:1203637280_1,0.0,10.007999999999997,0.0,0.0
:1203637290_0,0.0,50.00400000000001,0.0,0.0
:1203637290_1,0.0,50.00400000000001,0.0,0.0
:1203637290_10,0.0,11.664000000000001,0.0,0.0
:1203637290_11,0.0,13.14,0.0,0.0
:1203637290_12,0.0,50.00400000000001,0.0,0.0
:1203637290_13,0.0,50.00400000000001,0.0,0.0
:1203637290_14,0.0,11.664000000000001,0.0,0.0
:1203637290_15,0.0,13.14,0.0,0.0
:1203637290_16,0.0,11.664000000000001,0.0,0.0
:1203637290_17,0.0,13.14,0.0,0.0
:1203637290_18,0.0,11.664000000000001,0.0,0.0
:1203637290_19,0.0,13.14,0.0,0.0
:1203637290_2,0.0,11.664000000000001,0.0,0.0
:1203637290_3,0.0,13.14,0.0,0.0
:1203637290_4,0.0,50.00400000000001,0.0,0.0
:1203637290_5,0.0,50.00400000000001,0.0,0.0
:1203637290_6,0.0,11.664000000000001,0.0,0.0
:1203637290_7,0.0,13.14,0.0,0.0
:1203637290_8,0.0,50.00400000000001,0.0,0.0
:1203637290_9,0.0,50.00400000000001,0.0,0.0
:1203637321_0,0.0,28.836000000000006,0.0,0.0
:1203637321_1,0.0,28.836000000000006,0.0,0.0
:1203637321_10,0.0,11.664000000000001,0.0,0.0
:1203637321_11,0.0,13.14,0.0,0.0
:1203637321_12,0.0,23.436000000000003,0.0,0.0
:1203637321_13,0.0,23.436000000000003,0.0,0.0
:1203637321_14,0.0,11.664000000000001,0.0,0.0
:1203637321_15,0.0,13.14,0.0,0.0
:1203637321_16,0.0,11.664000000000001,0.0,0.0
:1203637321_17,0.0,13.14,0.0,0.0
:1203637321_18,0.0,11.664000000000001,0.0,0.0
:1203637321_19,0.0,13.14,0.0,0.0
:1203637321_2,0.0,11.664000000000001,0.0,0.0
:1203637321_3,0.0,13.14,0.0,0.0
:1203637321_4,0.0,28.836000000000006,0.0,0.0
:1203637321_5,0.0,28.836000000000006,0.0,0.0
:1203637321_6,0.0,11.664000000000001,0.0,0.0
:1203637321_7,0.0,13.14,0.0,0.0
:1203637321_8,0.0,23.436000000000003,0.0,0.0
:1203637321_9,0.0,23.436000000000003,0.0,0.0
:1203637346_0,0.0,10.007999999999997,0.0,0.0
:1203637346_1,0.0,10.007999999999997,0.0,0.0
:1203637346_10,0.0,10.007999999999997,0.0,0.0
:1203637346_11,0.0,10.007999999999997,0.0,0.0
:1203637346_12,0.0,10.007999999999997,0.0,0.0
:1203637346_13,0.0,10.007999999999997,0.0,0.0
:1203637346_14,0.0,10.007999999999997,0.0,0.0
:1203637346_15,0.0,10.007999999999997,0.0,0.0
:1203637346_2,0.0,10.007999999999997,0.0,0.0
:1203637346_3,0.0,10.007999999999997,0.0,0.0
:1203637346_4,0.0,10.007999999999997,0.0,0.0
:1203637346_5,0.0,10.007999999999997,0.0,0.0
:1203637346_6,0.0,10.007999999999997,0.0,0.0
:1203637346_7,0.0,10.007999999999997,0.0,0.0
:1203637346_8,0.0,10.007999999999997,0.0,0.0
:1203637346_9,0.0,10.007999999999997,0.0,0.0
:1203637349_0,0.0,11.664000000000001,0.0,0.0
:1203637349_1,0.0,11.664000000000001,0.0,0.0
:1203637351_0,0.0,10.007999999999997,0.0,0.0
:1203637351_1,0.0,10.007999999999997,0.0,0.0
:1203637351_10,0.0,10.007999999999997,0.0,0.0
:1203637351_11,0.0,10.007999999999997,0.0,0.0
:1203637351_12,0.0,10.007999999999997,0.0,0.0
:1203637351_13,0.0,10.007999999999997,0.0,0.0
:1203637351_14,0.0,10.007999999999997,0.0,0.0
:1203637351_15,0.0,10.007999999999997,0.0,0.0
:1203637351_2,0.0,10.007999999999997,0.0,0.0
:1203637351_3,0.0,10.007999999999997,0.0,0.0
:1203637351_4,0.0,10.007999999999997,0.0,0.0
:1203637351_5,0.0,10.007999999999997,0.0,0.0
:1203637351_6,0.0,10.007999999999997,0.0,0.0
:1203637351_7,0.0,10.007999999999997,0.0,0.0
:1203637351_8,0.0,10.007999999999997,0.0,0.0
:1203637351_9,0.0,10.007999999999997,0.0,0.0
:1203637354_0,0.0,10.007999999999997,0.0,0.0
:1203637354_1,0.0,10.007999999999997,0.0,0.0
:1203637379_0,0.0,10.007999999999997,0.0,0.08810535961223279
:1203637379_1,0.0,10.007999999999997,0.0,0.0
:1203637383_0,0.0,10.007999999999997,0.0,0.0
:1203637383_1,0.0,10.007999999999997,0.0,0.0
:1203637387_0,0.0,11.664000000000001,0.0,0.0
:1203637387_1,0.0,11.664000000000001,0.0,0.0
:1203637415_0,0.0,10.007999999999997,0.0,0.0
:1203637415_1,0.0,10.007999999999997,0.0,0.0
:1203637415_10,0.0,10.007999999999997,0.0,0.0
:1203637415_11,0.0,10.007999999999997,0.0,0.0
:1203637415_12,0.0,10.007999999999997,0.0,0.0
:1203637415_13,0.0,10.007999999999997,0.0,0.0
:1203637415_14,0.0,10.007999999999997,0.0,0.0
:1203637415_15,0.0,10.007999999999997,0.0,0.0
:1203637415_2,0.0,10.007999999999997,0.0,0.0
:1203637415_3,0.0,10.007999999999997,0.0,0.0
:1203637415_4,0.0,10.007999999999997,0.0,0.0
:1203637415_5,0.0,10.007999999999997,0.0,0.0
:1203637415_6,0.0,10.007999999999997,0.0,0.0
:1203637415_7,0.0,10.007999999999997,0.0,0.0
:1203637415_8,0.0,10.007999999999997,0.0,0.0
:1203637415_9,0.0,10.007999999999997,0.0,0.0
:1203637427_0,0.0,11.664000000000001,0.0,0.0
:1203637427_1,0.0,11.664000000000001,0.0,0.0
:1203637451_0,0.0,10.007999999999997,0.0,0.0
:1203637451_1,0.0,10.007999999999997,0.0,0.0
:1203637457_0,0.0,11.664000000000001,0.0,0.0
:1203637457_1,0.0,11.664000000000001,0.0,0.0
:1203637461_0,0.0,11.664000000000001,0.0,0.0
:1203637461_1,0.0,11.664000000000001,0.0,0.0
:1203637477_0,0.0,10.007999999999997,0.0,0.0
:1203637477_1,0.0,10.007999999999997,0.0,0.0
:1203637485_0,0.0,10.007999999999997,0.0,0.0
:1203637485_1,0.0,10.007999999999997,0.0,0.0
:1203637487_0,0.0,11.664000000000001,0.0,0.0
:1203637487_1,0.0,11.664000000000001,0.0,0.0
:1203637505_0,0.0,11.664000000000001,0.0,0.0
:1203637505_1,0.0,11.664000000000001,0.0,0.0
:1203637506_0,0.0,28.800000000000004,0.0,0.0
:1203637506_1,0.0,28.800000000000004,0.0,0.0
:1203637506_10,0.0,11.664000000000001,0.0,0.0
:1203637506_11,0.0,13.14,0.0,0.0
:1203637506_12,0.0,28.800000000000004,0.0,0.0
:1203637506_13,0.0,28.800000000000004,0.0,0.0
:1203637506_14,0.0,11.664000000000001,0.0,0.0
:1203637506_15,0.0,13.14,0.0,0.0
:1203637506_16,0.0,11.664000000000001,0.0,0.0
:1203637506_17,0.0,13.14,0.0,0.0
:1203637506_18,0.0,11.664000000000001,0.0,0.0
:1203637506_19,0.0,13.14,0.0,0.0
:1203637506_2,0.0,11.664000000000001,0.0,0.0
:1203637506_3,0.0,13.14,0.0,0.0
:1203637506_4,0.0,23.436000000000003,0.0,0.0
:1203637506_5,0.0,23.436000000000003,0.0,0.0
:1203637506_6,0.0,11.664000000000001,0.0,0.0
:1203637506_7,0.0,13.14,0.0,0.0
:1203637506_8,0.0,23.436000000000003,0.0,0.0
:1203637506_9,0.0,23.436000000000003,0.0,0.0
:1203637525_0,0.0,10.007999999999997,0.0,0.0
:1203637525_1,0.0,10.007999999999997,0.0,0.0
:1203637525_10,0.0,10.007999999999997,0.0,0.0
:1203637525_11,0.0,10.007999999999997,0.0,0.0
:1203637525_12,0.0,10.007999999999997,0.0,0.0
:1203637525_13,0.0,10.007999999999997,0.0,0.0
:1203637525_14,0.0,10.007999999999997,0.0,0.0
:1203637525_15,0.0,10.007999999999997,0.0,0.0
:1203637525_2,0.0,10.007999999999997,0.0,0.0
:1203637525_3,0.0,10.007999999999997,0.0,0.0
:1203637525_4,0.0,10.007999999999997,0.0,0.0
:1203637525_5,0.0,10.007999999999997,0.0,0.0
:1203637525_6,0.0,10.007999999999997,0.0,0.0
:1203637525_7,0.0,10.007999999999997,0.0,0.0
:1203637525_8,0.0,10.007999999999997,0.0,0.0
:1203637525_9,0.0,10.007999999999997,0.0,0.0
:1203637529_0,0.0,10.007999999999997,0.0,0.0
:1203637529_1,0.0,10.007999999999997,0.0,0.0
:1203637544_0,0.0,10.007999999999997,0.0,0.0
:1203637544_1,0.0,10.007999999999997,0.0,0.0
:1203637545_0,0.0,11.664000000000001,0.0,0.0
:1203637545_1,0.0,11.664000000000001,0.0,0.0
:1203637550_0,0.0,10.007999999999997,0.0,0.0
:1203637550_1,0.0,10.007999999999997,0.0,0.0
:1203637555_0,0.0,10.007999999999997,0.0,0.0
:1203637555_1,0.0,10.007999999999997,0.0,0.0
:1203637557_0,0.0,23.220000000000002,0.0,0.0
:1203637557_1,0.0,23.220000000000002,0.0,0.0
:1203637557_10,0.0,10.007999999999997,0.0,0.0
:1203637557_11,0.0,10.007999999999997,0.0,0.0
:1203637557_12,0.0,23.723999999999997,0.0,0.0
:1203637557_13,0.0,23.723999999999997,0.0,0.0
:1203637557_14,0.0,30.024,0.0,0.0
:1203637557_15,0.0,30.024,0.0,0.0
:1203637557_16,0.0,10.007999999999997,0.0,0.0
:1203637557_17,0.0,10.007999999999997,0.0,0.0
:1203637557_18,0.0,30.024,0.0,0.0
:1203637557_19,0.0,30.024,0.0,0.0
:1203637557_2,0.0,29.052000000000003,0.0,0.0
:1203637557_20,0.0,28.619999999999997,0.0,0.0
:1203637557_21,0.0,28.619999999999997,0.0,0.0
:1203637557_22,0.0,11.664000000000001,0.0,0.0
:1203637557_23,0.0,13.14,0.0,0.0
:1203637557_24,0.0,30.024,0.0,0.0
:1203637557_25,0.0,30.024,0.0,0.0
:1203637557_26,0.0,28.619999999999997,0.0,0.0
:1203637557_27,0.0,28.619999999999997,0.0,0.0
:1203637557_28,0.0,11.664000000000001,0.0,0.0
:1203637557_29,0.0,13.14,0.0,0.0
:1203637557_3,0.0,29.052000000000003,0.0,0.0
:1203637557_30,0.0,23.220000000000002,0.0,0.0
:1203637557_31,0.0,23.220000000000002,0.0,0.0
:1203637557_32,0.0,29.052000000000003,0.0,0.0
:1203637557_33,0.0,29.052000000000003,0.0,0.0
:1203637557_34,0.0,11.664000000000001,0.0,0.0
:1203637557_35,0.0,13.14,0.0,0.0
:1203637557_36,0.0,29.052000000000003,0.0,0.0
:1203637557_37,0.0,29.052000000000003,0.0,0.0
:1203637557_38,0.0,11.664000000000001,0.0,0.0
:1203637557_39,0.0,13.14,0.0,0.0
:1203637557_4,0.0,11.664000000000001,0.0,0.0
:1203637557_40,0.0,11.664000000000001,0.0,0.0
:1203637557_41,0.0,13.14,0.0,0.0
:1203637557_5,0.0,13.14,0.0,0.0
:1203637557_6,0.0,23.723999999999997,0.0,0.0
:1203637557_7,0.0,23.723999999999997,0.0,0.0
:1203637557_8,0.0,30.024,0.0,0.0
:1203637557_9,0.0,30.024,0.0,0.0
:1203637561_0,0.0,11.664000000000001,0.0,0.0
:1203637561_1,0.0,11.664000000000001,0.0,0.0
:1203637567_0,0.0,10.007999999999997,0.0,0.0
:1203637567_1,0.0,10.007999999999997,0.0,0.0
:1203637567_10,0.0,10.007999999999997,0.0,0.0
:1203637567_11,0.0,10.007999999999997,0.0,0.0
:1203637567_12,0.0,10.007999999999997,0.0,0.0
:1203637567_13,0.0,10.007999999999997,0.0,0.0
:1203637567_14,0.0,10.007999999999997,0.0,0.0
:1203637567_15,0.0,10.007999999999997,0.0,0.0
:1203637567_2,0.0,10.007999999999997,0.0,0.0
:1203637567_3,0.0,10.007999999999997,0.0,0.0
:1203637567_4,0.0,10.007999999999997,0.0,0.0
:1203637567_5,0.0,10.007999999999997,0.0,0.0
:1203637567_6,0.0,10.007999999999997,0.0,0.0
:1203637567_7,0.0,10.007999999999997,0.0,0.0
:1203637567_8,0.0,10.007999999999997,0.0,0.0
:1203637567_9,0.0,10.007999999999997,0.0,0.0
:1203637583_0,0.0,23.436000000000003,0.0,0.0
:1203637583_1,0.0,23.436000000000003,0.0,0.0
:1203637583_10,0.0,11.664000000000001,0.0,0.0
:1203637583_11,0.0,13.14,0.0,0.0
:1203637583_12,0.0,28.800000000000004,0.0,0.0
:1203637583_13,0.0,28.800000000000004,0.0,0.0
:1203637583_14,0.0,11.664000000000001,0.0,0.0
:1203637583_15,0.0,13.14,0.0,0.0
:1203637583_16,0.0,11.664000000000001,0.0,0.0
:1203637583_17,0.0,13.14,0.0,0.0
:1203637583_18,0.0,11.664000000000001,0.0,0.0
:1203637583_19,0.0,13.14,0.0,0.0
:1203637583_2,0.0,11.664000000000001,0.0,0.0
:1203637583_3,0.0,13.14,0.0,0.0
:1203637583_4,0.0,23.436000000000003,0.0,0.0
:1203637583_5,0.0,23.436000000000003,0.0,0.0
:1203637583_6,0.0,11.664000000000001,0.0,0.0
:1203637583_7,0.0,13.14,0.0,0.0
:1203637583_8,0.0,28.800000000000004,0.0,0.0
:1203637583_9,0.0,28.800000000000004,0.0,0.0
:1203637587_0,0.0,10.007999999999997,0.0,0.0
:1203637587_1,0.0,10.007999999999997,0.0,0.0
:1203637594_0,0.0,11.664000000000001,0.0,0.0
:1203637594_1,0.0,11.664000000000001,0.0,0.0
:1203637595_0,0.0,11.664000000000001,0.0,0.0
:1203637595_1,0.0,11.664000000000001,0.0,0.0
:1203637596_0,0.0,39.995999999999995,0.0,0.0
:1203637596_2,0.0,22.716,0.0,0.0
:1203637596_3,0.0,22.716,0.0,0.0
:1203637596_4,0.0,21.563999999999997,0.0,0.0
:1203637596_5,0.0,10.007999999999997,0.0,0.0
:1203637596_6,0.0,10.007999999999997,0.0,0.0
:1203637596_7,0.0,21.563999999999997,0.0,0.0
:1203637596_8,0.0,10.007999999999997,0.0,0.0
:1203637596_9,0.0,10.007999999999997,0.0,0.0
:1203637636_0,0.0,10.007999999999997,0.0,0.0
:1203637636_1,0.0,10.007999999999997,0.0,0.0
:1203637638_0,0.0,10.007999999999997,0.0,0.0
:1203637638_1,0.0,10.007999999999997,0.0,0.0
:1203637649_0,0.0,10.007999999999997,0.0,0.0
:1203637649_1,0.0,10.007999999999997,0.0,0.0
:1203637650_0,0.0,10.007999999999997,0.0,0.0
:1203637650_1,0.0,10.007999999999997,0.0,0.0
:1203637650_10,0.0,10.007999999999997,0.0,0.0
:1203637650_11,0.0,10.007999999999997,0.0,0.0
:1203637650_12,0.0,10.007999999999997,0.0,0.0
:1203637650_13,0.0,10.007999999999997,0.0,0.0
:1203637650_14,0.0,10.007999999999997,0.0,0.0
:1203637650_15,0.0,10.007999999999997,0.0,0.0
:1203637650_2,0.0,10.007999999999997,0.0,0.06131371377170913
:1203637650_3,0.0,10.007999999999997,0.0,0.0
:1203637650_4,0.0,10.007999999999997,0.0,0.0
:1203637650_5,0.0,10.007999999999997,0.0,0.0
:1203637650_6,0.0,10.007999999999997,0.0,0.0
:1203637650_7,0.0,10.007999999999997,0.0,0.0
:1203637650_8,0.0,10.007999999999997,0.0,0.0
:1203637650_9,0.0,10.007999999999997,0.0,0.0
:1203637666_0,0.0,10.007999999999997,0.0,0.0
:1203637666_1,0.0,10.007999999999997,0.0,0.0
:1203637666_10,0.0,10.007999999999997,0.0,0.0
:1203637666_11,0.0,10.007999999999997,0.0,0.0
:1203637666_12,0.0,10.007999999999997,0.0,0.0
:1203637666_13,0.0,10.007999999999997,0.0,0.0
:1203637666_14,0.0,10.007999999999997,0.0,0.0
:1203637666_15,0.0,10.007999999999997,0.0,0.0
:1203637666_2,0.0,10.007999999999997,0.0,0.0
:1203637666_3,0.0,10.007999999999997,0.0,0.0
:1203637666_4,0.0,10.007999999999997,0.0,0.0
:1203637666_5,0.0,10.007999999999997,0.0,0.0
:1203637666_6,0.0,10.007999999999997,0.0,0.0
:1203637666_7,0.0,10.007999999999997,0.0,0.0
:1203637666_8,0.0,10.007999999999997,0.0,0.0
:1203637666_9,0.0,10.007999999999997,0.0,0.0
:1203637668_0,0.0,10.007999999999997,0.0,0.0
:1203637668_1,0.0,10.007999999999997,0.0,0.0
:1203637671_0,0.0,11.664000000000001,0.0,0.0
:1203637671_1,0.0,11.664000000000001,0.0,0.0
:1203637685_0,0.0,10.007999999999997,0.0,0.0
:1203637685_1,0.0,10.007999999999997,0.0,0.0
:1203637687_0,0.0,11.664000000000001,0.0,0.0
:1203637687_1,0.0,11.664000000000001,0.0,0.0
:12056605589_0,0.0,9.216000000000003,0.0,0.0
:12056605589_1,0.0,9.216000000000003,0.0,0.0
:12056605590_0,0.0,9.216000000000003,0.0,0.0
:12056605590_1,0.0,9.216000000000003,0.0,0.0
:12108093346_0,0.0,70.02,0.0,0.0
:12108093346_1,0.0,70.02,0.0,0.0
:12108093346_10,0.0,11.664000000000001,0.0,0.0
:12108093346_11,0.0,13.14,0.0,0.0
:12108093346_12,0.0,70.02,0.0,0.0
:12108093346_13,0.0,70.02,0.0,0.0
:12108093346_14,0.0,11.664000000000001,0.0,0.0
:12108093346_15,0.0,13.14,0.0,0.0
:12108093346_16,0.0,13.14,0.0,0.0
:12108093346_2,0.0,11.664000000000001,0.0,0.0
:12108093346_3,0.0,13.14,0.0,0.0
:12108093346_4,0.0,70.02,0.0,0.0
:12108093346_5,0.0,70.02,0.0,0.0
:12108093346_6,0.0,11.664000000000001,0.0,0.0
:12108093346_7,0.0,13.14,0.0,0.0
:12108093346_8,0.0,70.02,0.0,0.0
:12108093346_9,0.0,70.02,0.0,0.0
:12109677232_0,0.0,100.00800000000002,0.0,0.0
:12109677232_1,0.0,100.00800000000002,0.0,0.0
:12109677232_10,0.0,11.664000000000001,0.0,0.0
:12109677232_11,0.0,13.14,0.0,0.0
:12109677232_12,0.0,100.00800000000002,0.0,0.0
:12109677232_13,0.0,100.00800000000002,0.0,0.0
:12109677232_14,0.0,11.664000000000001,0.0,0.0
:12109677232_15,0.0,13.14,0.0,0.0
:12109677232_16,0.0,11.664000000000001,0.0,0.0
:12109677232_17,0.0,13.14,0.0,0.0
:12109677232_18,0.0,11.664000000000001,0.0,0.0
:12109677232_19,0.0,13.14,0.0,0.0
:12109677232_2,0.0,11.664000000000001,0.0,0.0
:12109677232_3,0.0,13.14,0.0,0.0
:12109677232_4,0.0,100.00800000000002,0.0,0.0
:12109677232_5,0.0,100.00800000000002,0.0,0.0
:12109677232_6,0.0,11.664000000000001,0.0,0.0
:12109677232_7,0.0,13.14,0.0,0.0
:12109677232_8,0.0,100.00800000000002,0.0,0.0
:12109677232_9,0.0,100.00800000000002,0.0,0.0
:12109677233_0,0.0,67.24800000000002,0.0,0.0
:12109677233_1,0.0,67.24800000000002,0.0,0.0
:12109677233_10,0.0,11.664000000000001,0.0,0.0
:12109677233_11,0.0,13.14,0.0,0.0
:12109677233_12,0.0,54.756000000000014,0.0,0.0
:12109677233_13,0.0,54.756000000000014,0.0,0.0
:12109677233_14,0.0,11.664000000000001,0.0,0.0
:12109677233_15,0.0,13.14,0.0,0.0
:12109677233_16,0.0,11.664000000000001,0.0,0.0
:12109677233_17,0.0,13.14,0.0,0.0
:12109677233_18,0.0,11.664000000000001,0.0,0.0
:12109677233_19,0.0,13.14,0.0,0.0
:12109677233_2,0.0,11.664000000000001,0.0,0.0
:12109677233_3,0.0,13.14,0.0,0.0
:12109677233_4,0.0,67.24800000000002,0.0,0.0
:12109677233_5,0.0,67.24800000000002,0.0,0.0
:12109677233_6,0.0,11.664000000000001,0.0,0.0
:12109677233_7,0.0,13.14,0.0,0.0
:12109677233_8,0.0,54.756000000000014,0.0,0.0
:12109677233_9,0.0,54.756000000000014,0.0,0.0
:12122108659_0,0.0,11.664000000000001,0.0,0.0
:12122108659_1,0.0,11.664000000000001,0.0,0.0
:12122118563_0,0.0,11.664000000000001,0.0,0.0
:12122118563_1,0.0,11.664000000000001,0.0,0.0
:12122118564_0,0.0,11.664000000000001,0.0,0.0
:12122118564_1,0.0,11.664000000000001,0.0,0.0
:12123511291_0,0.0,10.007999999999997,0.0,0.0
:12123511291_1,0.0,10.007999999999997,0.0,0.0
:12123511292_0,0.0,10.007999999999997,0.0,0.0
:12123511292_1,0.0,10.007999999999997,0.0,0.0
:12123617510_0,0.0,10.007999999999997,0.0,0.0
:12123617510_1,0.0,10.007999999999997,0.0,0.0
:12123699525_0,0.0,11.664000000000001,0.0,0.0
:12123699525_1,0.0,11.664000000000001,0.0,0.0
:12123699526_0,0.0,11.664000000000001,0.0,0.0
:12123699526_1,0.0,11.664000000000001,0.0,0.0
:12123699527_0,0.0,11.664000000000001,0.0,0.0
:12123699527_1,0.0,11.664000000000001,0.0,0.0
:12123699528_0,0.0,11.664000000000001,0.0,0.0
:12123699528_1,0.0,11.664000000000001,0.0,0.0
:12123721556_0,0.0,11.664000000000001,0.0,0.0
:12123721556_1,0.0,11.664000000000001,0.0,0.0
:12123902836_0,0.0,11.664000000000001,0.0,0.0
:12123902836_1,0.0,11.664000000000001,0.0,0.0
:12124004208_0,0.0,10.007999999999997,0.0,0.0
:12124004208_1,0.0,10.007999999999997,0.0,0.0
:12125828485_0,0.0,29.016000000000002,0.0,0.0
:12125828485_1,0.0,29.016000000000002,0.0,0.0
:12125828485_10,0.0,11.664000000000001,0.0,0.0
:12125828485_11,0.0,13.14,0.0,0.0
:12125828485_12,0.0,29.016000000000002,0.0,0.0
:12125828485_13,0.0,29.016000000000002,0.0,0.0
:12125828485_14,0.0,11.664000000000001,0.0,0.0
:12125828485_15,0.0,13.14,0.0,0.0
:12125828485_16,0.0,11.664000000000001,0.0,0.0
:12125828485_17,0.0,13.14,0.0,0.0
:12125828485_18,0.0,11.664000000000001,0.0,0.0
:12125828485_19,0.0,13.14,0.0,0.0
:12125828485_2,0.0,11.664000000000001,0.0,0.0
:12125828485_3,0.0,13.14,0.0,0.0
:12125828485_4,0.0,23.579999999999995,0.0,0.0
:12125828485_5,0.0,23.579999999999995,0.0,0.0
:12125828485_6,0.0,11.664000000000001,0.0,0.0
:12125828485_7,0.0,13.14,0.0,0.0
:12125828485_8,0.0,23.579999999999995,0.0,0.0
:12125828485_9,0.0,23.579999999999995,0.0,0.0
:12125828486_0,0.0,11.664000000000001,0.0,0.0
:12125828486_1,0.0,11.664000000000001,0.0,0.0
:12126363664_0,0.0,10.007999999999997,0.0,0.0
:12126363664_1,0.0,10.007999999999997,0.0,0.0
:12126537249_0,0.0,11.664000000000001,0.0,0.0
:12126537249_1,0.5,11.009645755262733,0.0,0.16635816150546173
:12126537251_0,0.0,11.664000000000001,0.0,0.0
:12126537251_1,0.0,11.664000000000001,0.0,0.0026151753367366914
:12129120094_0,0.0,11.664000000000001,0.0,0.0
:12129120094_1,0.0,11.664000000000001,0.0,0.0
:12139541374_0,0.1,11.37833743447683,0.0,0.07893294378099637
:12139541374_1,0.0,11.664000000000001,0.0,0.0
:12139541375_0,0.1,11.357600901827311,0.0,0.06929491207830123
:12139541375_1,0.0,11.664000000000001,0.0,0.0
:1216038309_0,0.0,11.664000000000001,0.0,0.0
:1216038309_1,0.0,11.664000000000001,0.0,0.0
:1216038322_0,0.0,10.007999999999997,0.0,0.0
:1216038322_1,0.0,10.007999999999997,0.0,0.0
:1216038347_0,0.0,23.400000000000002,0.0,0.0
:1216038347_1,0.0,23.400000000000002,0.0,0.0
:1216038347_10,0.0,11.664000000000001,0.0,0.0
:1216038347_11,0.0,13.14,0.0,0.0
:1216038347_12,0.0,23.400000000000002,0.0,0.0
:1216038347_13,0.0,23.400000000000002,0.0,0.0
:1216038347_14,0.0,10.007999999999997,0.0,0.0
:1216038347_15,0.0,10.007999999999997,0.0,0.0
:1216038347_16,0.0,13.14,0.0,0.0
:1216038347_2,0.0,10.007999999999997,0.0,0.0
:1216038347_3,0.0,10.007999999999997,0.0,0.0
:1216038347_4,0.0,28.764000000000003,0.0,0.0
:1216038347_5,0.0,28.764000000000003,0.0,0.0
:1216038347_6,0.0,11.664000000000001,0.0,0.0
:1216038347_7,0.0,13.14,0.0,0.0
:1216038347_8,0.0,28.764000000000003,0.0,0.0
:1216038347_9,0.0,28.764000000000003,0.0,0.0
:1216038358_0,0.0,11.664000000000001,0.0,0.0
:1216038358_1,0.0,11.664000000000001,0.0,0.0
:1216038361_0,0.0,11.664000000000001,0.0,0.0
:1216038361_1,0.0,11.664000000000001,0.0,0.0
:1216038373_0,0.0,11.664000000000001,0.0,0.0
:1216038373_1,0.0,11.664000000000001,0.0,0.0
:1216038374_0,0.0,10.007999999999997,0.0,0.0
:1216038374_1,0.0,10.007999999999997,0.0,0.0
:1216038378_0,0.0,10.007999999999997,0.0,0.0
:1216038378_1,0.0,10.007999999999997,0.0,0.0
:1216038390_0,0.0,10.007999999999997,0.0,0.0
:1216038390_1,0.0,10.007999999999997,0.0,0.0
:1216038423_0,0.0,11.664000000000001,0.0,0.0
:1216038423_1,0.0,11.664000000000001,0.0,0.0
:1216038428_0,0.0,10.007999999999997,0.0,0.0
:1216038428_1,0.0,10.007999999999997,0.0,0.0
:1216038428_10,0.0,10.007999999999997,0.0,0.0
:1216038428_11,0.0,10.007999999999997,0.0,0.0
:1216038428_12,0.0,10.007999999999997,0.0,0.0
:1216038428_13,0.0,10.007999999999997,0.0,0.0
:1216038428_14,0.0,10.007999999999997,0.0,0.0
:1216038428_15,0.0,10.007999999999997,0.0,0.0
:1216038428_16,0.0,10.007999999999997,0.0,0.0
:1216038428_17,0.0,10.007999999999997,0.0,0.0
:1216038428_18,0.0,10.007999999999997,0.0,0.0
:1216038428_19,0.0,10.007999999999997,0.0,0.0
:1216038428_2,0.0,10.007999999999997,0.0,0.0
:1216038428_20,0.0,10.007999999999997,0.0,0.0
:1216038428_21,0.0,10.007999999999997,0.0,0.0
:1216038428_22,0.0,10.007999999999997,0.0,0.0
:1216038428_23,0.0,10.007999999999997,0.0,0.0
:1216038428_24,0.0,10.007999999999997,0.0,0.0
:1216038428_25,0.0,10.007999999999997,0.0,0.0
:1216038428_26,0.0,10.007999999999997,0.0,0.0
:1216038428_27,0.0,10.007999999999997,0.0,0.0
:1216038428_28,0.0,10.007999999999997,0.0,0.0
:1216038428_29,0.0,10.007999999999997,0.0,0.0
:1216038428_3,0.0,10.007999999999997,0.0,0.0
:1216038428_30,0.0,10.007999999999997,0.0,0.0
:1216038428_31,0.0,10.007999999999997,0.0,0.0
:1216038428_32,0.0,10.007999999999997,0.0,0.0
:1216038428_33,0.0,10.007999999999997,0.0,0.0
:1216038428_34,0.0,10.007999999999997,0.0,0.0
:1216038428_35,0.0,10.007999999999997,0.0,0.0
:1216038428_4,0.0,10.007999999999997,0.0,0.0
:1216038428_5,0.0,10.007999999999997,0.0,0.0
:1216038428_6,0.0,10.007999999999997,0.0,0.0
:1216038428_7,0.0,10.007999999999997,0.0,0.0
:1216038428_8,0.0,10.007999999999997,0.0,0.0
:1216038428_9,0.0,10.007999999999997,0.0,0.0
:1216038432_0,0.0,100.00800000000002,0.0,0.0
:1216038432_1,0.0,21.672,0.0,0.0
:1216038432_2,0.0,21.672,0.0,0.0
:1216038432_3,0.0,22.284,0.0,0.0
:1216038432_4,0.0,11.664000000000001,0.0,0.0
:1216038432_5,0.0,13.14,0.0,0.0
:1216038432_6,0.0,22.284,0.0,0.0
:1216038432_7,0.0,11.664000000000001,0.0,0.0
:1216038432_8,0.0,13.14,0.0,0.0
:1216038437_0,0.0,10.007999999999997,0.0,0.0
:1216038437_1,0.0,10.007999999999997,0.0,0.0
:1216038439_0,0.0,11.664000000000001,0.0,0.0
:1216038439_1,0.0,11.664000000000001,0.0,0.0
:1216038457_0,0.0,10.007999999999997,0.0,0.0
:1216038457_1,0.0,10.007999999999997,0.0,0.0
:1216038472_0,0.0,10.007999999999997,0.0,0.0
:1216038472_1,0.0,10.007999999999997,0.0,0.0
:1216038477_0,0.0,11.664000000000001,0.0,0.0
:1216038477_1,0.0,11.664000000000001,0.0,0.0
:1216038533_0,0.0,10.007999999999997,0.0,0.0
:1216038533_1,0.0,10.007999999999997,0.0,0.0
:1216038550_0,0.0,10.007999999999997,0.0,0.0
:1216038550_1,0.0,10.007999999999997,0.0,0.0
:1216038550_10,0.0,10.007999999999997,0.0,0.0
:1216038550_11,0.0,10.007999999999997,0.0,0.0
:1216038550_12,0.0,10.007999999999997,0.0,0.0
:1216038550_13,0.0,10.007999999999997,0.0,0.0
:1216038550_14,0.0,10.007999999999997,0.0,0.0
:1216038550_15,0.0,10.007999999999997,0.0,0.0
:1216038550_2,0.0,10.007999999999997,0.0,0.0
:1216038550_3,0.0,10.007999999999997,0.0,0.0
:1216038550_4,0.0,10.007999999999997,0.0,0.0
:1216038550_5,0.0,10.007999999999997,0.0,0.0
:1216038550_6,0.0,10.007999999999997,0.0,0.0
:1216038550_7,0.0,10.007999999999997,0.0,0.0
:1216038550_8,0.0,10.007999999999997,0.0,0.0
:1216038550_9,0.0,10.007999999999997,0.0,0.0
:1216038552_0,0.0,19.584000000000003,0.0,0.0
:1216038552_1,0.0,19.584000000000003,0.0,0.0
:1216038552_10,0.0,11.664000000000001,0.0,0.0
:1216038552_11,0.0,13.14,0.0,0.0
:1216038552_12,0.0,100.00800000000002,0.0,0.0
:1216038552_13,0.0,100.00800000000002,0.0,0.0
:1216038552_14,0.0,28.512,0.0,0.0
:1216038552_15,0.0,28.512,0.0,0.0
:1216038552_16,0.0,11.664000000000001,0.0,0.0
:1216038552_17,0.0,13.14,0.0,0.0
:1216038552_18,0.0,23.04,0.0,0.0
:1216038552_19,0.0,23.04,0.0,0.0
:1216038552_2,0.0,100.00800000000002,0.0,0.0
:1216038552_20,0.0,31.788000000000004,0.0,0.0
:1216038552_21,0.0,31.788000000000004,0.0,0.0
:1216038552_22,0.0,11.664000000000001,0.0,0.0
:1216038552_23,0.0,13.14,0.0,0.0
:1216038552_24,0.0,23.04,0.0,0.0
:1216038552_25,0.0,23.04,0.0,0.0
:1216038552_26,0.0,31.788000000000004,0.0,0.0
:1216038552_27,0.0,31.788000000000004,0.0,0.0
:1216038552_28,0.0,11.664000000000001,0.0,0.0
:1216038552_29,0.0,13.14,0.0,0.0
:1216038552_3,0.0,100.00800000000002,0.0,0.0
:1216038552_30,0.0,26.856,0.0,0.0
:1216038552_31,0.0,26.856,0.0,0.0
:1216038552_32,0.0,100.00800000000002,0.0,0.0
:1216038552_33,0.0,100.00800000000002,0.0,0.0
:1216038552_34,0.0,11.664000000000001,0.0,0.0
:1216038552_35,0.0,13.14,0.0,0.0
:1216038552_36,0.0,26.856,0.0,0.0
:1216038552_37,0.0,26.856,0.0,0.0
:1216038552_38,0.0,100.00800000000002,0.0,0.0
:1216038552_39,0.0,100.00800000000002,0.0,0.0
:1216038552_4,0.0,31.536,0.0,0.0
:1216038552_40,0.0,11.664000000000001,0.0,0.0
:1216038552_41,0.0,13.14,0.0,0.0
:1216038552_42,0.0,31.536,0.0,0.0
:1216038552_43,0.0,31.536,0.0,0.0
:1216038552_44,0.0,31.788000000000004,0.0,0.0
:1216038552_45,0.0,31.788000000000004,0.0,0.0
:1216038552_46,0.0,11.664000000000001,0.0,0.0
:1216038552_47,0.0,13.14,0.0,0.0
:1216038552_5,0.0,31.536,0.0,0.0
:1216038552_6,0.0,100.00800000000002,0.0,0.0
:1216038552_7,0.0,100.00800000000002,0.0,0.0
:1216038552_8,0.0,28.512,0.0,0.0
:1216038552_9,0.0,28.512,0.0,0.0
:1216038564_0,0.0,10.007999999999997,0.0,0.0
:1216038564_1,0.0,10.007999999999997,0.0,0.0
:1216038567_0,0.0,11.664000000000001,0.0,0.0
:1216038567_1,0.0,11.664000000000001,0.0,0.0
:1216038568_0,0.0,10.007999999999997,0.0,0.0
:1216038568_1,0.0,10.007999999999997,0.0,0.0
:1216038570_0,0.0,11.664000000000001,0.0,0.0
:1216038570_1,0.0,11.664000000000001,0.0,0.0
:1216038571_0,0.0,100.00800000000002,0.0,0.0
:1216038571_1,0.0,28.440000000000005,0.0,0.0
:1216038571_2,0.0,28.440000000000005,0.0,0.0
:1216038571_3,0.0,20.843999999999998,0.0,0.0
:1216038571_4,0.0,11.664000000000001,0.0,0.0
:1216038571_5,0.0,13.14,0.0,0.0
:1216038571_6,0.0,20.843999999999998,0.0,0.0
:1216038571_7,0.0,11.664000000000001,0.0,0.0
:1216038571_8,0.0,13.14,0.0,0.0
:1216038575_0,0.0,10.007999999999997,0.0,0.0
:1216038575_1,0.0,10.007999999999997,0.0,0.0
:1216038581_0,0.0,10.007999999999997,0.0,0.0
:1216038581_1,0.0,10.007999999999997,0.0,0.0
:1216038586_0,0.0,10.007999999999997,0.0,0.0
:1216038586_1,0.0,10.007999999999997,0.0,0.0
:1216038588_0,0.0,28.368000000000002,0.0,0.0
:1216038588_1,0.0,28.368000000000002,0.0,0.0
:1216038588_10,0.0,11.664000000000001,0.0,0.0
:1216038588_11,0.0,13.14,0.0,0.0
:1216038588_12,0.0,22.896000000000004,0.0,0.0
:1216038588_13,0.0,22.896000000000004,0.0,0.0
:1216038588_14,0.0,11.664000000000001,0.0,0.0
:1216038588_15,0.0,13.14,0.0,0.0
:1216038588_16,0.0,13.14,0.0,0.0
:1216038588_2,0.0,10.007999999999997,0.0,0.0
:1216038588_3,0.0,10.007999999999997,0.0,0.0
:1216038588_4,0.0,28.368000000000002,0.0,0.0
:1216038588_5,0.0,28.368000000000002,0.0,0.0
:1216038588_6,0.0,10.007999999999997,0.0,0.0
:1216038588_7,0.0,10.007999999999997,0.0,0.0
:1216038588_8,0.0,22.896000000000004,0.0,0.0
:1216038588_9,0.0,22.896000000000004,0.0,0.0
:1216038591_0,0.0,39.995999999999995,0.0,0.0
:1216038591_2,0.0,22.103999999999996,0.0,0.0
:1216038591_3,0.0,22.103999999999996,0.0,0.0
:1216038591_4,0.0,21.78,0.0,0.0
:1216038591_5,0.0,10.007999999999997,0.0,0.0
:1216038591_6,0.0,10.007999999999997,0.0,0.0
:1216038591_7,0.0,21.78,0.0,0.0
:1216038591_8,0.0,10.007999999999997,0.0,0.0
:1216038591_9,0.0,10.007999999999997,0.0,0.0
:1216038592_0,0.0,11.664000000000001,0.0,0.0
:1216038592_1,0.0,11.664000000000001,0.0,0.0
:1216038601_0,0.0,11.664000000000001,0.0,0.0
:1216038601_1,0.0,11.664000000000001,0.0,0.0
:1216038610_0,0.0,10.007999999999997,0.0,0.0
:1216038610_1,0.0,10.007999999999997,0.0,0.0
:1216038624_0,0.0,11.664000000000001,0.0,0.0
:1216038624_1,0.0,11.664000000000001,0.0,0.0
:1216038628_0,0.0,10.007999999999997,0.0,0.0
:1216038628_1,0.0,10.007999999999997,0.0,0.0
:1216038630_0,0.0,10.007999999999997,0.0,0.0
:1216038630_1,0.0,10.007999999999997,0.0,0.0
:1216038632_0,0.0,11.664000000000001,0.0,0.0
:1216038632_1,0.0,11.664000000000001,0.0,0.0
:1216038638_0,0.0,11.664000000000001,0.0,0.0
:1216038638_1,0.0,11.664000000000001,0.0,0.0
:1216038642_0,0.0,10.007999999999997,0.0,0.0
:1216038642_1,0.0,10.007999999999997,0.0,0.0
:1216038644_0,0.0,10.007999999999997,0.0,0.0
:1216038644_1,0.0,10.007999999999997,0.0,0.0
:1216038646_0,0.0,10.007999999999997,0.0,0.0
:1216038646_1,0.0,10.007999999999997,0.0,0.0
:1216038648_0,0.0,11.664000000000001,0.0,0.0
:1216038648_1,0.0,11.664000000000001,0.0,0.0
:1216038661_0,0.0,10.007999999999997,0.0,0.0
:1216038661_1,0.0,10.007999999999997,0.0,0.0
:1216038661_10,0.0,10.007999999999997,0.0,0.0
:1216038661_11,0.0,10.007999999999997,0.0,0.0
:1216038661_12,0.0,10.007999999999997,0.0,0.0
:1216038661_13,0.0,10.007999999999997,0.0,0.0
:1216038661_14,0.0,10.007999999999997,0.0,0.0
:1216038661_15,0.0,10.007999999999997,0.0,0.0
:1216038661_2,0.0,10.007999999999997,0.0,0.0
:1216038661_3,0.0,10.007999999999997,0.0,0.0
:1216038661_4,0.0,10.007999999999997,0.0,0.0
:1216038661_5,0.0,10.007999999999997,0.0,0.0
:1216038661_6,0.0,10.007999999999997,0.0,0.0
:1216038661_7,0.0,10.007999999999997,0.0,0.0
:1216038661_8,0.0,10.007999999999997,0.0,0.0
:1216038661_9,0.0,10.007999999999997,0.0,0.0
:1216038667_0,0.0,29.052000000000003,0.0,0.0
:1216038667_1,0.0,29.052000000000003,0.0,0.0
:1216038667_10,0.0,11.664000000000001,0.0,0.0
:1216038667_11,0.0,13.14,0.0,0.0
:1216038667_12,0.0,29.052000000000003,0.0,0.0
:1216038667_13,0.0,29.052000000000003,0.0,0.0
:1216038667_14,0.0,11.664000000000001,0.0,0.0
:1216038667_15,0.0,13.14,0.0,0.0
:1216038667_16,0.0,13.14,0.0,0.0
:1216038667_2,0.0,11.664000000000001,0.0,0.0
:1216038667_3,0.0,13.14,0.0,0.0
:1216038667_4,0.0,23.615999999999996,0.0,0.0
:1216038667_5,0.0,23.615999999999996,0.0,0.0
:1216038667_6,0.0,11.664000000000001,0.0,0.0
:1216038667_7,0.0,13.14,0.0,0.0
:1216038667_8,0.0,23.615999999999996,0.0,0.0
:1216038667_9,0.0,23.615999999999996,0.0,0.0
:1217614463_0,0.0,10.007999999999997,0.0,0.0
:1217614463_1,0.0,10.007999999999997,0.0,0.0
:1217614470_0,0.0,11.664000000000001,0.0,0.0
:1217614470_1,0.0,11.664000000000001,0.0,0.0
:1217614473_0,0.0,11.664000000000001,0.0,0.0
:1217614473_1,0.0,11.664000000000001,0.0,0.0
:1217614485_0,0.0,10.007999999999997,0.0,0.0
:1217614485_1,0.0,10.007999999999997,0.0,0.0
:1217614488_0,0.0,10.007999999999997,0.0,0.0
:1217614488_1,0.0,10.007999999999997,0.0,0.0
:1217614499_0,0.0,100.00800000000002,0.0,0.0
:1217614499_1,0.0,21.852,0.0,0.0
:1217614499_2,0.0,21.852,0.0,0.0
:1217614499_3,0.0,21.816,0.0,0.0
:1217614499_4,0.0,11.664000000000001,0.0,0.0
:1217614499_5,0.0,13.14,0.0,0.0
:1217614499_6,0.0,21.816,0.0,0.0
:1217614499_7,0.0,11.664000000000001,0.0,0.0
:1217614499_8,0.0,13.14,0.0,0.0
:1217614501_0,0.0,14.418000000000003,0.0,0.0
:1217614501_2,0.0,14.418000000000003,0.0,0.0
:1217614505_0,0.0,11.664000000000001,0.0,0.0
:1217614505_1,0.0,11.664000000000001,0.0,0.0
:1217614512_0,0.0,10.007999999999997,0.0,0.0
:1217614512_1,0.0,10.007999999999997,0.0,0.0
:1217614517_0,0.0,11.664000000000001,0.0,0.0
:1217614517_1,0.0,11.664000000000001,0.0,0.0
:1217614521_0,0.0,11.664000000000001,0.0,0.0
:1217614521_1,0.0,11.664000000000001,0.0,0.0
:1217614529_0,0.0,10.007999999999997,0.0,0.0
:1217614529_1,0.0,10.007999999999997,0.0,0.0
:1217614530_0,0.0,10.007999999999997,0.0,0.0
:1217614530_1,0.0,10.007999999999997,0.0,0.0
:1217614538_0,0.0,11.664000000000001,0.0,0.0
:1217614538_1,0.0,11.664000000000001,0.0,0.0
:1217614545_0,0.0,20.735999999999997,0.0,0.0
:1217614545_1,0.0,20.735999999999997,0.0,0.0
:1217614545_10,0.0,13.14,0.0,0.0
:1217614545_11,0.0,50.00400000000001,0.0,0.0
:1217614545_12,0.0,50.00400000000001,0.0,0.0
:1217614545_13,0.0,26.28,0.0,0.0
:1217614545_14,0.0,11.664000000000001,0.0,0.0
:1217614545_15,0.0,13.14,0.0,0.0
:1217614545_16,0.0,21.672,0.0,0.0
:1217614545_17,0.0,50.00400000000001,0.0,0.0
:1217614545_18,0.0,50.00400000000001,0.0,0.0
:1217614545_19,0.0,11.664000000000001,0.0,0.0
:1217614545_2,0.0,39.995999999999995,0.0,0.0
:1217614545_20,0.0,13.14,0.0,0.0
:1217614545_21,0.0,21.672,0.0,0.0
:1217614545_22,0.0,50.00400000000001,0.0,0.0
:1217614545_23,0.0,50.00400000000001,0.0,0.0
:1217614545_24,0.0,11.664000000000001,0.0,0.0
:1217614545_25,0.0,13.14,0.0,0.0
:1217614545_4,0.0,26.675999999999995,0.0,0.0
:1217614545_5,0.0,26.675999999999995,0.0,0.0
:1217614545_6,0.0,50.00400000000001,0.0,0.0
:1217614545_7,0.0,50.00400000000001,0.0,0.0
:1217614545_8,0.0,26.28,0.0,0.0
:1217614545_9,0.0,11.664000000000001,0.0,0.0
:1217614550_0,0.0,11.664000000000001,0.0,0.0
:1217614550_1,0.0,11.664000000000001,0.0,0.0
:1217614553_0,0.0,11.664000000000001,0.0,0.0
:1217614553_1,0.0,11.664000000000001,0.0,0.0
:1217614559_0,0.0,10.007999999999997,0.0,0.0
:1217614559_1,0.0,10.007999999999997,0.0,0.0
:1217614564_0,0.0,11.664000000000001,0.0,0.0
:1217614564_1,0.0,11.664000000000001,0.0,0.0
:1217614565_0,0.0,10.007999999999997,0.0,0.0
:1217614565_1,0.0,10.007999999999997,0.0,0.0
:1217614573_0,0.1,11.860774124579633,0.0,0.030674109405847694
:1217614573_1,0.0,11.664000000000001,0.0,0.0
:1217614574_0,0.0,39.995999999999995,0.0,0.0
:1217614574_2,0.0,21.348000000000003,0.0,0.0
:1217614574_3,0.0,21.348000000000003,0.0,0.0
:1217614574_4,0.0,19.979999999999997,0.0,0.0
:1217614574_5,0.0,11.664000000000001,0.0,0.0
:1217614574_6,0.0,13.14,0.0,0.0
:1217614574_7,0.0,19.979999999999997,0.0,0.0
:1217614574_8,0.0,11.664000000000001,0.0,0.0
:1217614574_9,0.0,13.14,0.0,0.0
:1217614578_0,0.0,11.664000000000001,0.0,0.0
:1217614578_1,0.0,11.664000000000001,0.0,0.0
:1217614579_0,0.0,11.664000000000001,0.0,0.0
:1217614579_1,0.0,11.664000000000001,0.0,0.0
:1217614581_0,0.0,39.995999999999995,0.0,0.0
:1217614581_2,0.0,20.232,0.0,0.0
:1217614581_3,0.0,20.232,0.0,0.0
:1217614581_4,0.0,20.843999999999998,0.0,0.0
:1217614581_5,0.0,11.664000000000001,0.0,0.0
:1217614581_6,0.0,13.14,0.0,0.0
:1217614581_7,0.0,20.843999999999998,0.0,0.0
:1217614581_8,0.0,11.664000000000001,0.0,0.0
:1217614581_9,0.0,13.14,0.0,0.0
:1217614607_0,0.0,23.796,0.0,0.0
:1217614607_1,0.0,23.796,0.0,0.0
:1217614607_10,0.0,11.664000000000001,0.0,0.0
:1217614607_11,0.0,13.14,0.0,0.0
:1217614607_12,0.0,23.003999999999994,0.0,0.0
:1217614607_13,0.0,23.003999999999994,0.0,0.0
:1217614607_14,0.0,30.024,0.0,0.0
:1217614607_15,0.0,30.024,0.0,0.0
:1217614607_16,0.0,11.664000000000001,0.0,0.0
:1217614607_17,0.0,13.14,0.0,0.0
:1217614607_18,0.0,23.003999999999994,0.0,0.0
:1217614607_19,0.0,23.003999999999994,0.0,0.0
:1217614607_2,0.0,28.476000000000006,0.0,0.0
:1217614607_20,0.0,30.024,0.0,0.0
:1217614607_21,0.1,29.247822153154875,5859.154374604598,0.005468874740241067
:1217614607_22,0.0,11.664000000000001,0.0,0.0
:1217614607_23,0.0,13.14,0.0,0.0
:1217614607_24,0.0,30.024,0.0,0.0
:1217614607_25,0.0,30.024,0.0,0.0
:1217614607_26,0.0,29.088,0.0,0.0
:1217614607_27,0.0,29.088,0.0,0.0
:1217614607_28,0.0,10.007999999999997,0.0,0.0
:1217614607_29,0.0,10.007999999999997,0.0,0.0
:1217614607_3,0.0,28.476000000000006,0.0,0.0
:1217614607_30,0.0,30.024,0.0,0.0
:1217614607_31,0.0,30.024,0.0,0.0
:1217614607_32,0.0,29.088,0.0,0.0
:1217614607_33,0.0,29.088,0.0,0.0
:1217614607_34,0.0,10.007999999999997,0.0,0.0
:1217614607_35,0.0,10.007999999999997,0.0,0.0
:1217614607_36,0.0,11.664000000000001,0.0,0.0
:1217614607_37,0.0,13.14,0.0,0.0
:1217614607_38,0.0,11.664000000000001,0.0,0.0
:1217614607_39,0.0,13.14,0.0,0.0
:1217614607_4,0.0,11.664000000000001,0.0,0.0
:1217614607_5,0.0,13.14,0.0,0.0
:1217614607_6,0.0,23.796,0.0,0.0
:1217614607_7,0.0,23.796,0.0,0.0
:1217614607_8,0.0,28.476000000000006,0.0,0.0
:1217614607_9,0.0,28.476000000000006,0.0,0.0
:1217614610_0,0.0,10.007999999999997,0.0,0.0
:1217614610_1,0.0,10.007999999999997,0.0,0.0
:1217614618_0,0.0,10.007999999999997,0.0,0.0
:1217614618_1,0.0,10.007999999999997,0.0,0.0
:1217614635_0,0.0,27.18,0.0,0.0
:1217614635_1,0.0,27.18,0.0,0.0
:1217614635_10,0.0,11.664000000000001,0.0,0.0
:1217614635_11,0.0,13.14,0.0,0.0
:1217614635_12,0.0,21.312000000000005,0.0,0.0
:1217614635_13,0.0,21.312000000000005,0.0,0.0
:1217614635_14,0.0,11.664000000000001,0.0,0.0
:1217614635_15,0.0,13.14,0.0,0.0
:1217614635_16,0.0,13.14,0.0,0.0
:1217614635_2,0.0,11.664000000000001,0.0,0.0
:1217614635_3,0.0,13.14,0.0,0.0
:1217614635_4,0.0,27.18,0.0,0.0
:1217614635_5,0.0,27.18,0.0,0.0
:1217614635_6,0.0,11.664000000000001,0.0,0.0
:1217614635_7,0.0,13.14,0.0,0.0
:1217614635_8,0.0,21.312000000000005,0.0,0.0
:1217614635_9,0.0,21.312000000000005,0.0,0.0
:1217614670_0,0.0,11.664000000000001,0.0,0.0
:1217614670_1,0.0,11.664000000000001,0.0,0.0
:1217614708_0,0.0,11.664000000000001,0.0,0.0
:1217614708_1,0.0,11.664000000000001,0.0,0.0
:1217614742_0,0.0,11.664000000000001,0.0,0.0
:1217614742_1,0.0,11.664000000000001,0.0,0.0
:1217614757_0,0.0,10.007999999999997,0.0,0.0
:1217614757_1,0.0,10.007999999999997,0.0,0.0
:1217614766_0,0.0,28.728,0.0,0.0
:1217614766_1,0.0,28.728,0.0,0.0
:1217614766_10,0.0,11.664000000000001,0.0,0.0
:1217614766_11,0.0,13.14,0.0,0.0
:1217614766_12,0.0,23.328000000000003,0.0,0.0
:1217614766_13,0.0,23.328000000000003,0.0,0.0
:1217614766_14,0.0,11.664000000000001,0.0,0.0
:1217614766_15,0.0,13.14,0.0,0.0
:1217614766_16,0.0,11.664000000000001,0.0,0.0
:1217614766_17,0.0,13.14,0.0,0.0
:1217614766_18,0.0,11.664000000000001,0.0,0.0
:1217614766_19,0.0,13.14,0.0,0.0
:1217614766_2,0.0,11.664000000000001,0.0,0.0
:1217614766_3,0.0,13.14,0.0,0.0
:1217614766_4,0.0,28.728,0.0,0.0
:1217614766_5,0.0,28.728,0.0,0.0
:1217614766_6,0.0,11.664000000000001,0.0,0.0
:1217614766_7,0.0,13.14,0.0,0.0
:1217614766_8,0.0,23.328000000000003,0.0,0.0
:1217614766_9,0.0,23.328000000000003,0.0,0.0
:1217614769_0,0.0,11.664000000000001,0.0,0.0
:1217614769_1,0.0,11.664000000000001,0.0,0.0
:1217614779_0,0.0,11.664000000000001,0.0,0.0
:1217614779_1,0.0,11.664000000000001,0.0,0.0
:1217614783_0,0.0,11.664000000000001,0.0,0.0
:1217614783_1,0.0,11.664000000000001,0.0,0.0
:1217614785_0,0.0,22.572,0.0,0.0
:1217614785_1,0.0,64.98,0.0,0.0
:1217614785_10,0.0,64.98,0.0,0.0
:1217614785_11,0.0,64.98,0.0,0.0
:1217614785_12,0.0,30.78000000000001,0.0,0.0
:1217614785_13,0.0,11.664000000000001,0.0,0.0
:1217614785_14,0.0,13.14,0.0,0.0
:1217614785_15,0.0,64.98,0.0,0.0
:1217614785_16,0.0,64.98,0.0,0.0
:1217614785_17,0.0,30.78000000000001,0.0,0.0
:1217614785_18,0.0,11.664000000000001,0.0,0.0
:1217614785_19,0.0,13.14,0.0,0.0
:1217614785_2,0.0,64.98,0.0,0.0
:1217614785_20,0.0,22.572,0.0,0.0
:1217614785_21,0.0,64.98,0.0,0.0
:1217614785_22,0.0,64.98,0.0,0.0
:1217614785_23,0.0,11.664000000000001,0.0,0.0
:1217614785_24,0.0,13.14,0.0,0.0
:1217614785_3,0.0,11.664000000000001,0.0,0.0
:1217614785_4,0.0,13.14,0.0,0.0
:1217614785_5,0.0,30.49200000000001,0.0,0.0
:1217614785_6,0.0,30.49200000000001,0.0,0.0
:1217614785_7,0.0,100.00800000000002,0.0,0.0
:1217614785_8,0.0,23.976000000000003,0.0,0.0
:1217614785_9,0.0,23.976000000000003,0.0,0.0
:1217614792_0,0.0,11.664000000000001,0.0,0.0
:1217614792_1,0.0,11.664000000000001,0.0,0.0
:1217614800_0,0.0,11.664000000000001,0.0,0.0
:1217614800_1,0.0,11.664000000000001,0.0,0.0
:1217614806_0,0.0,11.664000000000001,0.0,0.0
:1217614806_1,0.0,11.664000000000001,0.0,0.0
:1217614820_0,0.0,10.007999999999997,0.0,0.0
:1217614820_1,0.0,10.007999999999997,0.0,0.0
:1217614821_0,0.0,11.664000000000001,0.0,0.0
:1217614821_1,0.0,11.664000000000001,0.0,0.0
:1217614822_0,0.0,10.007999999999997,0.0,0.0
:1217614822_1,0.0,10.007999999999997,0.0,0.0
:1217614824_0,0.0,39.995999999999995,0.0,0.0
:1217614824_2,0.0,22.103999999999996,0.0,0.0
:1217614824_3,0.0,22.103999999999996,0.0,0.0
:1217614824_4,0.0,21.816,0.0,0.0
:1217614824_5,0.0,11.664000000000001,0.0,0.0
:1217614824_6,0.0,13.14,0.0,0.0
:1217614824_7,0.0,21.816,0.0,0.0
:1217614824_8,0.0,11.664000000000001,0.0,0.0
:1217614824_9,0.0,13.14,0.0,0.0
:1217614828_0,0.0,11.664000000000001,0.0,0.0
:1217614828_1,0.0,11.664000000000001,0.0,0.0
:1217614844_0,0.0,11.664000000000001,0.0,0.0
:1217614844_1,0.0,11.664000000000001,0.0,0.0
:1217614873_0,0.0,10.007999999999997,0.0,0.0
:1217614873_1,0.0,10.007999999999997,0.0,0.0
:1217644553_0,0.0,10.007999999999997,0.0,0.0
:1217644553_1,0.0,10.007999999999997,0.0,0.0
:1217644605_0,0.0,39.995999999999995,0.0,0.0
:1217644605_2,0.0,20.916,0.0,0.0
:1217644605_3,0.0,20.916,0.0,0.0
:1217644605_4,0.0,20.052,0.0,0.0
:1217644605_5,0.0,11.664000000000001,0.0,0.0
:1217644605_6,0.0,13.14,0.0,0.0
:1217644605_7,0.0,20.052,0.0,0.0
:1217644605_8,0.0,11.664000000000001,0.0,0.0
:1217644605_9,0.0,13.14,0.0,0.0
:1217644642_0,0.0,11.664000000000001,0.0,0.0
:1217644642_1,0.0,11.664000000000001,0.0,0.0
:1217644715_0,0.0,11.664000000000001,0.0,0.0
:1217644715_1,0.0,11.664000000000001,0.0,0.0
:1217644727_0,0.0,11.664000000000001,0.0,0.0
:1217644727_1,0.0,11.664000000000001,0.0,0.0
:1217644761_0,0.0,11.664000000000001,0.0,0.0
:1217644761_1,0.0,11.664000000000001,0.0,0.0
:1217644775_0,0.0,11.664000000000001,0.0,0.0
:1217644775_1,0.0,11.664000000000001,0.0,0.0
:1217644812_0,0.0,29.772,0.0,0.0
:1217644812_1,0.0,29.772,0.0,0.0
:1217644812_10,0.0,11.664000000000001,0.0,0.0
:1217644812_11,0.0,13.14,0.0,0.0
:1217644812_12,0.0,24.192000000000004,0.0,0.0
:1217644812_13,0.0,24.192000000000004,0.0,0.0
:1217644812_14,0.0,11.664000000000001,0.0,0.0
:1217644812_15,0.0,13.14,0.0,0.0
:1217644812_16,0.0,11.664000000000001,0.0,0.0
:1217644812_17,0.0,13.14,0.0,0.0
:1217644812_18,0.0,11.664000000000001,0.0,0.0
:1217644812_19,0.0,13.14,0.0,0.0
:1217644812_2,0.0,11.664000000000001,0.0,0.0
:1217644812_3,0.0,13.14,0.0,0.0
:1217644812_4,0.0,29.772,0.0,0.0
:1217644812_5,0.0,29.772,0.0,0.0
:1217644812_6,0.0,11.664000000000001,0.0,0.0
:1217644812_7,0.0,13.14,0.0,0.0
:1217644812_8,0.0,24.192000000000004,0.0,0.0
:1217644812_9,0.0,24.192000000000004,0.0,0.0
:1217644872_0,0.0,11.664000000000001,0.0,0.0
:1217644872_1,0.0,11.664000000000001,0.0,0.0
:1217644882_0,0.0,11.664000000000001,0.0,0.0
:1217644882_1,0.0,11.664000000000001,0.0,0.0
:1217644889_0,0.0,11.664000000000001,0.0,0.0
:1217644889_1,0.0,11.664000000000001,0.0,0.0
:1217644970_0,0.0,11.664000000000001,0.0,0.0
:1217644970_1,0.0,11.664000000000001,0.0,0.0
:1217645009_0,0.0,11.664000000000001,0.0,0.0
:1217645009_1,0.0,11.664000000000001,0.0,0.0
:1217645014_0,0.0,11.664000000000001,0.0,0.0
:1217645014_1,0.0,11.664000000000001,0.0,0.0
:1217645017_0,0.0,23.436000000000003,0.0,0.0
:1217645017_1,0.0,23.436000000000003,0.0,0.0
:1217645017_10,0.0,11.664000000000001,0.0,0.0
:1217645017_11,0.0,13.14,0.0,0.0
:1217645017_12,0.0,23.436000000000003,0.0,0.0
:1217645017_13,0.0,23.436000000000003,0.0,0.0
:1217645017_14,0.0,11.664000000000001,0.0,0.0
:1217645017_15,0.0,13.14,0.0,0.0
:1217645017_16,0.0,11.664000000000001,0.0,0.0
:1217645017_17,0.0,13.14,0.0,0.0
:1217645017_18,0.0,11.664000000000001,0.0,0.0
:1217645017_19,0.0,13.14,0.0,0.0
:1217645017_2,0.0,11.664000000000001,0.0,0.0
:1217645017_3,0.0,13.14,0.0,0.0
:1217645017_4,0.0,28.836000000000006,0.0,0.0
:1217645017_5,0.0,28.836000000000006,0.0,0.0
:1217645017_6,0.0,11.664000000000001,0.0,0.0
:1217645017_7,0.0,13.14,0.0,0.0
:1217645017_8,0.0,28.836000000000006,0.0,0.0
:1217645017_9,0.0,28.836000000000006,0.0,0.0
:1217645041_0,0.0,30.024,0.0,0.0
:1217645041_1,0.0,30.024,0.0,0.0
:1217645041_10,0.0,11.664000000000001,0.0,0.0
:1217645041_11,0.0,13.14,0.0,0.0
:1217645041_12,0.0,30.024,0.0,0.0
:1217645041_13,0.0,30.024,0.0,0.0
:1217645041_14,0.0,10.007999999999997,0.0,0.0
:1217645041_15,0.0,10.007999999999997,0.0,0.0
:1217645041_16,0.0,13.14,0.0,0.0
:1217645041_2,0.0,10.007999999999997,0.0,0.0
:1217645041_3,0.0,10.007999999999997,0.0,0.0
:1217645041_4,0.0,30.024,0.0,0.0
:1217645041_5,0.0,30.024,0.0,0.0
:1217645041_6,0.0,11.664000000000001,0.0,0.0
:1217645041_7,0.0,13.14,0.0,0.0
:1217645041_8,0.0,30.024,0.0,0.0
:1217645041_9,0.0,30.024,0.0,0.0
:1217645053_0,0.0,11.664000000000001,0.0,0.0
:1217645053_1,0.0,11.664000000000001,0.0,0.0
:1217645142_0,0.0,11.664000000000001,0.0,0.0
:1217645142_1,0.0,11.664000000000001,0.0,0.0
:1217645165_0,0.0,11.664000000000001,0.0,0.0
:1217645165_1,0.0,11.664000000000001,0.0,0.0
:1217645168_0,0.0,11.664000000000001,0.0,0.0
:1217645168_1,0.0,11.664000000000001,0.0,0.0
:1217645194_0,0.0,11.664000000000001,0.0,0.0
:1217645194_1,0.0,11.664000000000001,0.0,0.0
:1217645202_0,0.0,11.664000000000001,0.0,0.0
:1217645202_1,0.0,11.664000000000001,0.0,0.0
:1217645219_0,0.0,11.664000000000001,0.0,0.0
:1217645219_1,0.0,11.664000000000001,0.0,0.0
:1217645243_0,0.0,23.615999999999996,0.0,0.0
:1217645243_1,0.0,23.615999999999996,0.0,0.0
:1217645243_10,0.0,13.14,0.0,0.0
:1217645243_11,0.0,79.99199999999999,0.0,0.0
:1217645243_12,0.0,79.99199999999999,0.0,0.0
:1217645243_13,0.0,30.348000000000006,0.0,0.0
:1217645243_14,0.0,11.664000000000001,0.0,0.0
:1217645243_15,0.0,13.14,0.0,0.0
:1217645243_16,0.0,20.376,0.0,0.0
:1217645243_17,0.0,79.99199999999999,0.0,0.0
:1217645243_18,0.0,79.99199999999999,0.0,0.0
:1217645243_19,0.0,11.664000000000001,0.0,0.0
:1217645243_2,0.0,39.995999999999995,0.0,0.0
:1217645243_20,0.0,13.14,0.0,0.0
:1217645243_21,0.0,20.376,0.0,0.0
:1217645243_22,0.0,79.99199999999999,0.0,0.0
:1217645243_23,0.0,79.99199999999999,0.0,0.0
:1217645243_24,0.0,11.664000000000001,0.0,0.0
:1217645243_25,0.0,13.14,0.0,0.0
:1217645243_4,0.0,25.056000000000004,0.0,0.0
:1217645243_5,0.0,25.056000000000004,0.0,0.0
:1217645243_6,0.0,79.99199999999999,0.0,0.0
:1217645243_7,0.0,79.99199999999999,0.0,0.0
:1217645243_8,0.0,30.348000000000006,0.0,0.0
:1217645243_9,0.0,11.664000000000001,0.0,0.0
:1217645245_0,0.0,11.664000000000001,0.0,0.0
:1217645245_1,0.0,11.664000000000001,0.0,0.0
:1217645260_0,0.0,11.664000000000001,0.0,0.0
:1217645260_1,0.0,11.664000000000001,0.0,0.0
:1217645282_0,0.0,11.664000000000001,0.0,0.0
:1217645282_1,0.0,11.664000000000001,0.0,0.0
:1217645291_0,0.0,20.916,0.0,0.0
:1217645291_1,0.0,20.916,0.0,0.0
:1217645291_10,0.0,13.14,0.0,0.0
:1217645291_11,0.0,50.00400000000001,0.0,0.0
:1217645291_12,0.0,50.00400000000001,0.0,0.0
:1217645291_13,0.0,26.675999999999995,0.0,0.0
:1217645291_14,0.0,11.664000000000001,0.0,0.0
:1217645291_15,0.0,13.14,0.0,0.0
:1217645291_16,0.0,20.484000000000005,0.0,0.0
:1217645291_17,0.0,50.00400000000001,0.0,0.0
:1217645291_18,0.0,50.00400000000001,0.0,0.0
:1217645291_19,0.0,11.664000000000001,0.0,0.0
:1217645291_2,0.0,39.995999999999995,0.0,0.0
:1217645291_20,0.0,13.14,0.0,0.0
:1217645291_21,0.0,20.484000000000005,0.0,0.0
:1217645291_22,0.0,50.00400000000001,0.0,0.0
:1217645291_23,0.0,50.00400000000001,0.0,0.0
:1217645291_24,0.0,11.664000000000001,0.0,0.0
:1217645291_25,0.0,13.14,0.0,0.0
:1217645291_4,0.0,26.208000000000006,0.0,0.0
:1217645291_5,0.0,26.208000000000006,0.0,0.0
:1217645291_6,0.0,50.00400000000001,0.0,0.0
:1217645291_7,0.0,50.00400000000001,0.0,0.0
:1217645291_8,0.0,26.675999999999995,0.0,0.0
:1217645291_9,0.0,11.664000000000001,0.0,0.0
:1217645312_0,0.0,11.664000000000001,0.0,0.0
:1217645312_1,0.0,11.664000000000001,0.0,0.0
:1217645359_0,0.0,10.007999999999997,0.0,0.0
:1217645359_1,0.0,10.007999999999997,0.0,0.0
:1217645362_0,0.0,11.664000000000001,0.0,0.0
:1217645362_1,0.0,11.664000000000001,0.0,0.0
:1218678144_0,0.0,10.007999999999997,0.0,0.0
:1218678144_1,0.0,10.007999999999997,0.0,0.0
:1219107930_0,0.0,30.81600000000001,0.0,0.0
:1219107930_1,0.0,11.664000000000001,0.0,0.0
:1219107930_10,0.0,11.664000000000001,0.0,0.0
:1219107930_11,0.0,13.14,0.0,0.0
:1219107930_2,0.0,13.14,0.0,0.0
:1219107930_3,0.0,19.908000000000005,0.0,0.0
:1219107930_4,0.0,19.908000000000005,0.0,0.0
:1219107930_5,0.0,42.803999999999995,0.0,0.0
:1219107930_6,0.0,32.43599999999999,0.0,0.0
:1219107930_7,0.0,32.43599999999999,0.0,0.0
:1219107930_8,0.0,79.99199999999999,0.0,0.0
:1219107930_9,0.0,30.81600000000001,0.0,0.0
:1219107972_0,0.0,79.99199999999999,0.0,0.0
:1219107972_1,0.0,79.99199999999999,0.0,0.0
:1219107972_10,0.0,11.664000000000001,0.0,0.0
:1219107972_11,0.0,13.14,0.0,0.0
:1219107972_12,0.0,79.99199999999999,0.0,0.0
:1219107972_13,0.0,79.99199999999999,0.0,0.0
:1219107972_14,0.0,11.664000000000001,0.0,0.0
:1219107972_15,0.0,13.14,0.0,0.0
:1219107972_16,0.0,11.664000000000001,0.0,0.0
:1219107972_17,0.0,13.14,0.0,0.0
:1219107972_18,0.0,11.664000000000001,0.0,0.0
:1219107972_19,0.0,13.14,0.0,0.0
:1219107972_2,0.0,11.664000000000001,0.0,0.0
:1219107972_3,0.0,13.14,0.0,0.0
:1219107972_4,0.0,79.99199999999999,0.0,0.0
:1219107972_5,0.0,79.99199999999999,0.0,0.0
:1219107972_6,0.0,11.664000000000001,0.0,0.0
:1219107972_7,0.0,13.14,0.0,0.0
:1219107972_8,0.0,79.99199999999999,0.0,0.0
:1219107972_9,0.0,79.99199999999999,0.0,0.0
:1219108026_0,0.0,11.664000000000001,0.0,0.0
:1219108026_1,0.0,11.664000000000001,0.0,0.0
:1219108045_0,0.0,79.99199999999999,0.0,0.0
:1219108045_1,0.0,11.664000000000001,0.0,0.0
:1219108045_2,0.0,13.14,0.0,0.0
:1219108045_3,0.0,79.99199999999999,0.0,0.0
:1219108045_4,0.0,11.664000000000001,0.0,0.0
:1219108045_5,0.0,13.14,0.0,0.0
:1219108045_6,0.0,13.14,0.0,0.0
:1219108091_0,0.0,11.664000000000001,0.0,0.0
:1219108091_1,0.0,11.664000000000001,0.0,0.0
:1219108093_0,0.0,11.664000000000001,0.0,0.0
:1219108093_1,0.0,11.664000000000001,0.0,0.0
:1219108226_0,0.0,22.464000000000002,0.0,0.0
:1219108226_1,0.0,11.664000000000001,0.0,0.0
:1219108226_2,0.0,13.14,0.0,0.0
:1219108226_3,0.0,22.464000000000002,0.0,0.0
:1219108226_4,0.0,11.664000000000001,0.0,0.0
:1219108226_5,0.0,13.14,0.0,0.0
:1219108226_6,0.0,79.99199999999999,0.0,0.0
:1219108226_7,0.0,21.744,0.0,0.0
:1219108226_8,0.0,21.744,0.0,0.0
:1219108266_0,0.0,11.664000000000001,0.0,0.0
:1219108266_1,0.0,11.664000000000001,0.0,0.0
:1219154916_0,0.0,8.244,0.0,0.0
:1219154916_1,0.0,8.244,0.0,0.0
:1219154984_0,0.0,50.00400000000001,0.0,0.0
:1219154984_1,0.0,50.00400000000001,0.0,0.0
:1219154984_10,0.0,11.664000000000001,0.0,0.0
:1219154984_11,0.0,13.14,0.0,0.0
:1219154984_12,0.0,50.00400000000001,0.0,0.0
:1219154984_13,0.0,50.00400000000001,0.0,0.0
:1219154984_14,0.0,11.664000000000001,0.0,0.0
:1219154984_15,0.0,13.14,0.0,0.0
:1219154984_16,0.0,11.664000000000001,0.0,0.0
:1219154984_17,0.0,13.14,0.0,0.0
:1219154984_18,0.0,11.664000000000001,0.0,0.0
:1219154984_19,0.0,13.14,0.0,0.0
:1219154984_2,0.0,11.664000000000001,0.0,0.0
:1219154984_3,0.0,13.14,0.0,0.0
:1219154984_4,0.0,50.00400000000001,0.0,0.0
:1219154984_5,0.0,50.00400000000001,0.0,0.0
:1219154984_6,0.0,11.664000000000001,0.0,0.0
:1219154984_7,0.0,13.14,0.0,0.0
:1219154984_8,0.0,50.00400000000001,0.0,0.0
:1219154984_9,0.0,50.00400000000001,0.0,0.0
:1219154986_0,0.0,11.664000000000001,0.0,0.0
:1219154986_1,0.0,11.664000000000001,0.0,0.0
:1219154992_0,0.0,11.664000000000001,0.0,0.0
:1219154992_1,0.0,11.664000000000001,0.0,0.0
:1219154994_0,0.0,22.896000000000004,0.0,0.0
:1219154994_1,0.0,22.896000000000004,0.0,0.0
:1219154994_10,0.0,64.98,0.0,0.0
:1219154994_11,0.0,64.98,0.0,0.0
:1219154994_12,0.0,35.279999999999994,0.0,0.0
:1219154994_13,0.0,35.279999999999994,0.0,0.0
:1219154994_14,0.0,11.664000000000001,0.0,0.0
:1219154994_15,0.0,13.14,0.0,0.0
:1219154994_16,0.0,21.960000000000004,0.0,0.0
:1219154994_17,0.0,21.960000000000004,0.0,0.0
:1219154994_18,0.0,64.98,0.0,0.0
:1219154994_19,0.0,64.98,0.0,0.0
:1219154994_2,0.0,64.98,0.0,0.0
:1219154994_20,0.0,35.279999999999994,0.0,0.0
:1219154994_21,0.0,35.279999999999994,0.0,0.0
:1219154994_22,0.0,11.664000000000001,0.0,0.0
:1219154994_23,0.0,13.14,0.0,0.0
:1219154994_24,0.0,30.81600000000001,0.0,0.0
:1219154994_25,0.0,30.81600000000001,0.0,0.0
:1219154994_26,0.0,64.98,0.0,0.0
:1219154994_27,0.0,64.98,0.0,0.0
:1219154994_28,0.0,28.619999999999997,0.0,0.0
:1219154994_29,0.0,28.619999999999997,0.0,0.0
:1219154994_3,0.0,64.98,0.0,0.0
:1219154994_30,0.0,11.664000000000001,0.0,0.0
:1219154994_31,0.0,13.14,0.0,0.0
:1219154994_32,0.0,30.81600000000001,0.0,0.0
:1219154994_33,0.0,30.81600000000001,0.0,0.0
:1219154994_34,0.0,64.98,0.0,0.0
:1219154994_35,0.0,64.98,0.0,0.0
:1219154994_36,0.0,28.619999999999997,0.0,0.0
:1219154994_37,0.0,28.619999999999997,0.0,0.0
:1219154994_38,0.0,11.664000000000001,0.0,0.0
:1219154994_39,0.0,13.14,0.0,0.0
:1219154994_4,0.0,27.612000000000002,0.0,0.0
:1219154994_40,0.0,23.184,0.0,0.0
:1219154994_41,0.0,23.184,0.0,0.0
:1219154994_42,0.0,64.98,0.0,0.0
:1219154994_43,0.0,64.98,0.0,0.0
:1219154994_44,0.0,28.368000000000002,0.0,0.0
:1219154994_45,0.0,28.368000000000002,0.0,0.0
:1219154994_46,0.0,11.664000000000001,0.0,0.0
:1219154994_47,0.0,13.14,0.0,0.0
:1219154994_48,0.0,23.184,0.0,0.0
:1219154994_49,0.0,23.184,0.0,0.0
:1219154994_5,0.0,27.612000000000002,0.0,0.0
:1219154994_50,0.0,64.98,0.0,0.0
:1219154994_51,0.0,64.98,0.0,0.0
:1219154994_52,0.0,28.368000000000002,0.0,0.0
:1219154994_53,0.0,28.368000000000002,0.0,0.0
:1219154994_54,0.0,11.664000000000001,0.0,0.0
:1219154994_55,0.0,13.14,0.0,0.0
:1219154994_56,0.0,22.896000000000004,0.0,0.0
:1219154994_57,0.0,22.896000000000004,0.0,0.0
:1219154994_58,0.0,64.98,0.0,0.0
:1219154994_59,0.0,64.98,0.0,0.0
:1219154994_6,0.0,11.664000000000001,0.0,0.0
:1219154994_60,0.0,27.612000000000002,0.0,0.0
:1219154994_61,0.0,27.612000000000002,0.0,0.0
:1219154994_62,0.0,11.664000000000001,0.0,0.0
:1219154994_63,0.0,13.14,0.0,0.0
:1219154994_64,0.0,11.664000000000001,0.0,0.0
:1219154994_65,0.0,13.14,0.0,0.0
:1219154994_66,0.0,28.619999999999997,0.0,0.0
:1219154994_67,0.0,28.619999999999997,0.0,0.0
:1219154994_68,0.0,11.664000000000001,0.0,0.0
:1219154994_69,0.0,13.14,0.0,0.0
:1219154994_7,0.0,13.14,0.0,0.0
:1219154994_8,0.0,21.960000000000004,0.0,0.0
:1219154994_9,0.0,21.960000000000004,0.0,0.0
:1219155016_0,0.0,11.664000000000001,0.0,0.0
:1219155016_1,0.0,11.664000000000001,0.0,0.0
:1219155041_0,0.0,11.664000000000001,0.0,0.0
:1219155041_1,0.0,11.664000000000001,0.0,0.0
:1219155044_0,0.0,11.664000000000001,0.0,0.0
:1219155044_1,0.0,11.664000000000001,0.0,0.0
:1219155058_0,0.0,11.664000000000001,0.0,0.0
:1219155058_1,0.0,11.664000000000001,0.0,0.0
:1219155059_0,0.0,100.00800000000002,0.0,0.0
:1219155059_10,0.0,21.455999999999996,0.0,0.0
:1219155059_11,0.0,11.664000000000001,0.0,0.0
:1219155059_12,0.0,13.14,0.0,0.0
:1219155059_4,0.0,23.184,0.0,0.0
:1219155059_5,0.0,23.184,0.0,0.0
:1219155059_6,0.0,25.776000000000003,0.0,0.0
:1219155059_8,0.0,11.664000000000001,0.0,0.0
:1219155059_9,0.0,13.14,0.0,0.0
:1219155079_0,0.0,11.664000000000001,0.0,0.0
:1219155079_1,0.0,11.664000000000001,0.0,0.0
:1219155098_0,0.0,11.664000000000001,0.0,0.0
:1219155098_1,0.0,11.664000000000001,0.0,0.0
:1221317036_0,0.0,11.664000000000001,0.0,0.0
:1221317036_1,0.0,11.664000000000001,0.0,0.0
:1221317040_0,0.0,11.664000000000001,0.0,0.0
:1221317040_1,0.0,11.664000000000001,0.0,0.0
:1221317044_0,0.0,11.664000000000001,0.0,0.0
:1221317044_1,0.0,11.664000000000001,0.0,0.0
:1221317058_0,0.0,11.664000000000001,0.0,0.0
:1221317058_1,0.0,11.664000000000001,0.0,0.0
:1221317060_0,0.0,11.664000000000001,0.0,0.0
:1221317060_1,0.0,11.664000000000001,0.0,0.0
:1221317073_0,0.0,11.664000000000001,0.0,0.0
:1221317073_1,0.0,11.664000000000001,0.0,0.0
:1221317074_0,0.0,11.664000000000001,0.0,0.0
:1221317074_1,0.0,11.664000000000001,0.0,0.0
:1221317083_0,0.0,11.664000000000001,0.0,0.0
:1221317083_1,0.0,11.664000000000001,0.0,0.0
:1221317086_0,0.0,10.007999999999997,0.0,0.0
:1221317086_1,0.0,10.007999999999997,0.0,0.0
:1221317092_0,0.0,11.664000000000001,0.0,0.0
:1221317092_1,0.0,11.664000000000001,0.0,0.0
:1221317095_0,0.0,11.664000000000001,0.0,0.0
:1221317095_1,0.0,11.664000000000001,0.0,0.0
:1221317097_0,0.0,11.664000000000001,0.0,0.0
:1221317097_1,0.0,11.664000000000001,0.0,0.0
:1221317108_0,0.0,11.664000000000001,0.0,0.0
:1221317108_1,0.0,11.664000000000001,0.0,0.0
:1221317110_0,0.0,11.664000000000001,0.0,0.0
:1221317110_1,0.0,11.664000000000001,0.0,0.0
:1221317144_0,0.0,11.664000000000001,0.0,0.0
:1221317144_1,0.0,11.664000000000001,0.0,0.0
:1221317163_0,0.0,10.007999999999997,0.0,0.0
:1221317163_1,0.0,10.007999999999997,0.0,0.0
:1221317181_0,0.0,11.664000000000001,0.0,0.0
:1221317181_1,0.0,11.664000000000001,0.0,0.0
:1221407387_0,0.0,11.664000000000001,0.0,0.0
:1221407387_1,0.0,11.664000000000001,0.0,0.0
:1221407389_0,0.0,23.220000000000002,0.0,0.0
:1221407389_1,0.0,11.664000000000001,0.0,0.0
:1221407389_2,0.0,13.14,0.0,0.0
:1221407389_3,0.0,23.831999999999997,0.0,0.0
:1221407389_4,0.0,23.831999999999997,0.0,0.0
:1221407389_5,0.0,39.995999999999995,0.0,0.0
:1221407389_6,0.0,23.220000000000002,0.0,0.0
:1221407389_7,0.0,11.664000000000001,0.0,0.0
:1221407389_8,0.0,13.14,0.0,0.0
:1221407390_0,0.0,28.872000000000007,0.0,0.0
:1221407390_1,0.0,28.872000000000007,0.0,0.0
:1221407390_10,0.0,11.664000000000001,0.0,0.0
:1221407390_11,0.0,13.14,0.0,0.0
:1221407390_12,0.0,28.872000000000007,0.0,0.0
:1221407390_13,0.0,28.872000000000007,0.0,0.0
:1221407390_14,0.0,11.664000000000001,0.0,0.0
:1221407390_15,0.0,13.14,0.0,0.0
:1221407390_16,0.0,11.664000000000001,0.0,0.0
:1221407390_17,0.0,13.14,0.0,0.0
:1221407390_18,0.0,11.664000000000001,0.0,0.0
:1221407390_19,0.0,13.14,0.0,0.0
:1221407390_2,0.0,11.664000000000001,0.0,0.0
:1221407390_3,0.0,13.14,0.0,0.0
:1221407390_4,0.0,23.472,0.0,0.0
:1221407390_5,0.0,23.472,0.0,0.0
:1221407390_6,0.0,11.664000000000001,0.0,0.0
:1221407390_7,0.0,13.14,0.0,0.0
:1221407390_8,0.0,23.472,0.0,0.0
:1221407390_9,0.0,23.472,0.0,0.0
:1221407391_0,0.0,11.664000000000001,0.0,0.0
:1221407391_1,0.0,11.664000000000001,0.0,0.0
:1221407396_0,0.0,11.664000000000001,0.0,0.0
:1221407396_1,0.0,11.664000000000001,0.0,0.0
:1221407401_0,0.0,20.699999999999996,0.0,0.0
:1221407401_1,0.0,20.699999999999996,0.0,0.0
:1221407401_11,0.0,11.664000000000001,0.0,0.0
:1221407401_12,0.0,13.14,0.0,0.0
:1221407401_2,0.0,39.995999999999995,0.0,0.0
:1221407401_6,0.0,18.648,0.0,0.0
:1221407401_7,0.0,11.664000000000001,0.0,0.0
:1221407401_8,0.0,13.14,0.0,0.0
:1221407401_9,0.0,22.878000000000007,0.0,0.0
:1221407403_0,0.0,11.664000000000001,0.0,0.0
:1221407403_1,0.0,11.664000000000001,0.0,0.0
:1221407405_0,0.0,11.664000000000001,0.0,0.0
:1221407405_1,0.0,11.664000000000001,0.0,0.0
:1221407414_0,0.0,11.664000000000001,0.0,0.0
:1221407414_1,0.0,11.664000000000001,0.0,0.0
:1221407420_0,0.0,11.664000000000001,0.0,0.0
:1221407420_1,0.0,11.664000000000001,0.0,0.0
:1221407427_0,0.0,11.664000000000001,0.0,0.0
:1221407427_1,0.0,11.664000000000001,0.0,0.0
:1221407431_0,0.0,11.664000000000001,0.0,0.0
:1221407431_1,0.0,11.664000000000001,0.0,0.0
:1221407437_0,0.0,28.98000000000001,0.0,0.0
:1221407437_1,0.0,11.664000000000001,0.0,0.0
:1221407437_2,0.0,13.14,0.0,0.0
:1221407437_3,0.0,20.699999999999996,0.0,0.0
:1221407437_4,0.0,20.699999999999996,0.0,0.0
:1221407437_5,0.0,39.995999999999995,0.0,0.0
:1221407437_6,0.0,28.98000000000001,0.0,0.0
:1221407437_7,0.0,11.664000000000001,0.0,0.0
:1221407437_8,0.0,13.14,0.0,0.0
:1221407448_0,0.0,11.664000000000001,0.0,0.0
:1221407448_1,0.0,11.664000000000001,0.0,0.0
:1221407457_0,0.0,11.664000000000001,0.0,0.0
:1221407457_1,0.0,11.664000000000001,0.0,0.0
:1221407461_0,0.0,11.664000000000001,0.0,0.0
:1221407461_1,0.0,11.664000000000001,0.0,0.0
:1221407462_0,0.0,11.664000000000001,0.0,0.0
:1221407462_1,0.0,11.664000000000001,0.0,0.0
:1221407466_0,0.0,11.664000000000001,0.0,0.0
:1221407466_1,0.0,11.664000000000001,0.0,0.0
:1221407467_0,0.0,28.872000000000007,0.0,0.0
:1221407467_1,0.0,28.872000000000007,0.0,0.0
:1221407467_10,0.0,11.664000000000001,0.0,0.0
:1221407467_11,0.0,13.14,0.0,0.0
:1221407467_12,0.0,23.472,0.0,0.0
:1221407467_13,0.0,23.472,0.0,0.0
:1221407467_14,0.0,11.664000000000001,0.0,0.0
:1221407467_15,0.0,13.14,0.0,0.0
:1221407467_16,0.0,11.664000000000001,0.0,0.0
:1221407467_17,0.0,13.14,0.0,0.0
:1221407467_18,0.0,11.664000000000001,0.0,0.0
:1221407467_19,0.0,13.14,0.0,0.0
:1221407467_2,0.0,11.664000000000001,0.0,0.0
:1221407467_3,0.0,13.14,0.0,0.0
:1221407467_4,0.0,28.872000000000007,0.0,0.0
:1221407467_5,0.0,28.872000000000007,0.0,0.0
:1221407467_6,0.0,11.664000000000001,0.0,0.0
:1221407467_7,0.0,13.14,0.0,0.0
:1221407467_8,0.0,23.472,0.0,0.0
:1221407467_9,0.0,23.472,0.0,0.0
:1221407470_0,0.0,11.664000000000001,0.0,0.0
:1221407470_1,0.0,11.664000000000001,0.0,0.0
:1221407475_0,0.0,11.664000000000001,0.0,0.0
:1221407475_1,0.0,11.664000000000001,0.0,0.0
:1221407476_0,0.0,28.872000000000007,0.0,0.0
:1221407476_1,0.0,28.872000000000007,0.0,0.0
:1221407476_10,0.0,11.664000000000001,0.0,0.0
:1221407476_11,0.0,13.14,0.0,0.0
:1221407476_12,0.0,28.872000000000007,0.0,0.0
:1221407476_13,0.0,28.872000000000007,0.0,0.0
:1221407476_14,0.0,11.664000000000001,0.0,0.0
:1221407476_15,0.0,13.14,0.0,0.0
:1221407476_16,0.0,11.664000000000001,0.0,0.0
:1221407476_17,0.0,13.14,0.0,0.0
:1221407476_18,0.0,11.664000000000001,0.0,0.0
:1221407476_19,0.0,13.14,0.0,0.0
:1221407476_2,0.0,11.664000000000001,0.0,0.0
:1221407476_3,0.0,13.14,0.0,0.0
:1221407476_4,0.0,23.472,0.0,0.0
:1221407476_5,0.0,23.472,0.0,0.0
:1221407476_6,0.0,11.664000000000001,0.0,0.0
:1221407476_7,0.0,13.14,0.0,0.0
:1221407476_8,0.0,23.472,0.0,0.0
:1221407476_9,0.0,23.472,0.0,0.0
:1221407479_0,0.0,11.664000000000001,0.0,0.0
:1221407479_1,0.0,11.664000000000001,0.0,0.0
:1221407488_0,0.0,11.664000000000001,0.0,0.0
:1221407488_1,0.0,11.664000000000001,0.0,0.0
:1221407493_0,0.0,21.384000000000004,0.0,0.0
:1221407493_1,0.0,21.384000000000004,0.0,0.0
:1221407493_2,0.0,39.995999999999995,0.0,0.0
:1221407493_3,0.0,28.800000000000004,0.0,0.0
:1221407493_4,0.0,11.664000000000001,0.0,0.0
:1221407493_5,0.0,13.14,0.0,0.0
:1221407493_6,0.0,28.800000000000004,0.0,0.0
:1221407493_7,0.0,11.664000000000001,0.0,0.0
:1221407493_8,0.0,13.14,0.0,0.0
:1221407503_0,0.0,11.664000000000001,0.0,0.0
:1221407503_1,0.0,11.664000000000001,0.0,0.0
:1221407504_0,0.0,11.664000000000001,0.0,0.0
:1221407504_1,0.0,11.664000000000001,0.0,0.0
:1221407522_0,0.0,11.664000000000001,0.0,0.0
:1221407522_1,0.0,11.664000000000001,0.0,0.0
:1221407526_0,0.0,11.664000000000001,0.0,0.0
:1221407526_1,0.0,11.664000000000001,0.0,0.0
:1221407533_0,0.0,11.664000000000001,0.0,0.0
:1221407533_1,0.0,11.664000000000001,0.0,0.0
:1221407536_0,0.0,11.664000000000001,0.0,0.0
:1221407536_1,0.0,11.664000000000001,0.0,0.0
:1221407545_0,0.0,11.664000000000001,0.0,0.0
:1221407545_1,0.0,11.664000000000001,0.0,0.0
:1221407547_0,0.0,11.664000000000001,0.0,0.0
:1221407547_1,0.0,11.664000000000001,0.0,0.0
:1221407555_0,0.0,11.664000000000001,0.0,0.0
:1221407555_1,0.0,11.664000000000001,0.0,0.0
:1221407557_0,0.0,11.664000000000001,0.0,0.0
:1221407557_1,0.0,11.664000000000001,0.0,0.0
:1221407559_0,0.0,11.664000000000001,0.0,0.0
:1221407559_1,0.0,11.664000000000001,0.0,0.0
:1221407565_0,0.0,11.664000000000001,0.0,0.0
:1221407565_1,0.0,11.664000000000001,0.0,0.0
:1221407566_0,0.0,11.664000000000001,0.0,0.0
:1221407566_1,0.0,11.664000000000001,0.0,0.0
:1221407569_0,0.0,23.436000000000003,0.0,0.0
:1221407569_1,0.0,23.436000000000003,0.0,0.0
:1221407569_10,0.0,11.664000000000001,0.0,0.0
:1221407569_11,0.0,13.14,0.0,0.0
:1221407569_12,0.0,23.436000000000003,0.0,0.0
:1221407569_13,0.0,23.436000000000003,0.0,0.0
:1221407569_14,0.0,11.664000000000001,0.0,0.0
:1221407569_15,0.0,13.14,0.0,0.0
:1221407569_16,0.0,11.664000000000001,0.0,0.0
:1221407569_17,0.0,13.14,0.0,0.0
:1221407569_18,0.0,11.664000000000001,0.0,0.0
:1221407569_19,0.0,13.14,0.0,0.0
:1221407569_2,0.0,11.664000000000001,0.0,0.0
:1221407569_3,0.0,13.14,0.0,0.0
:1221407569_4,0.0,28.836000000000006,0.0,0.0
:1221407569_5,0.0,28.836000000000006,0.0,0.0
:1221407569_6,0.0,11.664000000000001,0.0,0.0
:1221407569_7,0.0,13.14,0.0,0.0
:1221407569_8,0.0,28.836000000000006,0.0,0.0
:1221407569_9,0.0,28.836000000000006,0.0,0.0
:12234969329_0,0.0,11.664000000000001,0.0,0.0
:12234969329_1,0.0,11.664000000000001,0.0,0.0
:12287541097_0,0.0,11.664000000000001,0.0,0.0
:12287541097_1,0.0,11.664000000000001,0.0,0.0
:12287541099_0,0.0,11.664000000000001,0.0,0.0
:12287541099_1,0.0,11.664000000000001,0.0,0.0
:12287555203_0,0.0,11.664000000000001,0.0,0.0
:12287555203_1,0.0,11.664000000000001,0.0,0.0
:12287555204_0,0.0,11.664000000000001,0.0,0.0
:12287555204_1,0.0,11.664000000000001,0.0,0.0
:12287555214_0,0.0,11.664000000000001,0.0,0.0
:12287555214_1,0.0,11.664000000000001,0.0,0.0
:12287656431_0,0.0,23.291999999999998,0.0,0.0
:12287656431_1,0.0,23.291999999999998,0.0,0.0
:12287656431_2,0.0,60.012000000000015,0.0,0.0
:12287656431_4,0.0,23.508000000000006,0.0,0.0
:12287656431_5,0.0,11.664000000000001,0.0,0.0
:12287656431_6,0.0,13.14,0.0,0.0
:12287656431_7,0.0,26.46,0.0,0.0
:12287656431_8,0.0,11.664000000000001,0.0,0.0
:12287656431_9,0.0,13.14,0.0,0.0
:12395616263_0,0.0,11.664000000000001,0.0,0.0
:12395616263_1,0.0,11.664000000000001,0.0,0.0
:12429980266_0,0.0,11.664000000000001,0.0,0.0
:12429980266_1,0.0,11.664000000000001,0.0,0.0
:12429980268_0,0.0,11.664000000000001,0.0,0.0
:12429980268_1,0.0,11.664000000000001,0.0,0.0
:12435012855_0,0.0,11.664000000000001,0.0,0.0
:12435012855_1,0.0,11.664000000000001,0.0,0.0
:12435012857_0,0.0,11.664000000000001,0.0,0.0
:12435012857_1,0.0,11.664000000000001,0.0,0.0
:12435012859_0,0.0,11.664000000000001,0.0,0.0
:12435012859_1,0.0,11.664000000000001,0.0,0.0
:12435012876_0,0.0,11.664000000000001,0.0,0.0
:12435012876_1,0.0,11.664000000000001,0.0,0.0
:12438122826_0,0.0,11.664000000000001,0.0,0.0
:12438122826_1,0.0,11.664000000000001,0.0,0.0
:12438122827_0,0.0,11.664000000000001,0.0,0.0
:12438122827_1,0.0,11.664000000000001,0.0,0.0
:12443039843_0,0.0,60.012000000000015,0.0,0.0
:12443039843_2,0.0,25.163999999999998,0.0,0.0
:12443039843_3,0.0,25.163999999999998,0.0,0.0
:12443039843_4,0.0,21.096,0.0,0.0
:12443039843_5,0.0,11.664000000000001,0.0,0.0
:12443039843_6,0.0,13.14,0.0,0.0
:12443039843_7,0.0,21.096,0.0,0.0
:12443039843_8,0.0,11.664000000000001,0.0,0.0
:12443039843_9,0.0,13.14,0.0,0.0
:12451314681_0,0.0,11.664000000000001,0.0,0.0
:12451314681_1,0.0,11.664000000000001,0.0,0.0
:12451314682_0,0.0,11.664000000000001,0.0,0.0
:12451314682_1,0.0,11.664000000000001,0.0,0.0
:12632548716_0,0.0,10.007999999999997,0.0,0.0
:12632548716_1,0.0,10.007999999999997,0.0,0.0
:1269047246_0,0.0,11.664000000000001,0.0,0.0
:1269047246_1,0.0,11.664000000000001,0.0,0.0
:1269047282_0,0.0,22.967999999999996,0.0,0.0
:1269047282_1,0.0,11.664000000000001,0.0,0.0
:1269047282_2,0.0,13.14,0.0,0.0
:1269047282_3,0.0,24.264000000000006,0.0,0.0
:1269047282_4,0.0,24.264000000000006,0.0,0.0
:1269047282_5,0.0,39.995999999999995,0.0,0.0
:1269047282_6,0.0,22.967999999999996,0.0,0.0
:1269047282_7,0.0,11.664000000000001,0.0,0.0
:1269047282_8,0.0,13.14,0.0,0.0
:1269047298_0,0.0,11.664000000000001,0.0,0.0
:1269047298_1,0.0,11.664000000000001,0.0,0.0
:1269047313_0,0.0,11.664000000000001,0.0,0.0
:1269047313_1,0.0,11.664000000000001,0.0,0.0
:1269047316_0,0.0,39.995999999999995,0.0,0.0
:1269047316_1,0.0,11.664000000000001,0.0,0.0
:1269047316_2,0.0,13.14,0.0,0.0
:1269047316_3,0.0,39.995999999999995,0.0,0.0
:1269047316_4,0.0,11.664000000000001,0.0,0.0
:1269047316_5,0.0,13.14,0.0,0.0
:1269047335_0,0.0,11.664000000000001,0.0,0.0
:1269047335_1,0.0,11.664000000000001,0.0,0.0
:1269047339_0,0.0,28.98000000000001,0.0,0.0
:1269047339_1,0.0,28.98000000000001,0.0,0.0
:1269047339_10,0.0,11.664000000000001,0.0,0.0
:1269047339_11,0.0,13.14,0.0,0.0
:1269047339_12,0.0,23.544000000000004,0.0,0.0
:1269047339_13,0.0,23.544000000000004,0.0,0.0
:1269047339_14,0.0,11.664000000000001,0.0,0.0
:1269047339_15,0.0,13.14,0.0,0.0
:1269047339_16,0.0,13.14,0.0,0.0
:1269047339_2,0.0,11.664000000000001,0.0,0.0
:1269047339_3,0.0,13.14,0.0,0.0
:1269047339_4,0.0,28.98000000000001,0.0,0.0
:1269047339_5,0.0,28.98000000000001,0.0,0.0
:1269047339_6,0.0,11.664000000000001,0.0,0.0
:1269047339_7,0.0,13.14,0.0,0.0
:1269047339_8,0.0,23.544000000000004,0.0,0.0
:1269047339_9,0.0,23.544000000000004,0.0,0.0
:1269083234_0,0.0,10.007999999999997,0.0,0.0
:1269083234_1,0.0,10.007999999999997,0.0,0.0
:1269083235_0,0.0,11.664000000000001,0.0,0.0
:1269083235_1,0.0,11.664000000000001,0.0,0.0
:1269083263_0,0.0,11.664000000000001,0.0,0.0
:1269083263_1,0.0,11.664000000000001,0.0,0.0
:1269083265_0,0.0,11.664000000000001,0.0,0.0
:1269083265_1,0.0,11.664000000000001,0.0,0.0
:1269083266_0,0.0,11.664000000000001,0.0,0.0
:1269083266_1,0.0,11.664000000000001,0.0,0.0
:1269083268_0,0.0,11.664000000000001,0.0,0.0
:1269083268_1,0.0,11.664000000000001,0.0,0.0
:1269083287_0,0.0,50.00400000000001,0.0,0.0
:1269083287_1,0.0,50.00400000000001,0.0,0.0
:1269083287_10,0.0,11.664000000000001,0.0,0.0
:1269083287_11,0.0,13.14,0.0,0.0
:1269083287_12,0.0,50.00400000000001,0.0,0.0
:1269083287_13,0.0,50.00400000000001,0.0,0.0
:1269083287_14,0.0,11.664000000000001,0.0,0.0
:1269083287_15,0.0,13.14,0.0,0.0
:1269083287_16,0.0,11.664000000000001,0.0,0.0
:1269083287_17,0.0,13.14,0.0,0.0
:1269083287_18,0.0,11.664000000000001,0.0,0.0
:1269083287_19,0.0,13.14,0.0,0.0
:1269083287_2,0.0,11.664000000000001,0.0,0.0
:1269083287_3,0.0,13.14,0.0,0.0
:1269083287_4,0.0,50.00400000000001,0.0,0.0
:1269083287_5,0.0,50.00400000000001,0.0,0.0
:1269083287_6,0.0,11.664000000000001,0.0,0.0
:1269083287_7,0.0,13.14,0.0,0.0
:1269083287_8,0.0,50.00400000000001,0.0,0.0
:1269083287_9,0.0,50.00400000000001,0.0,0.0
:1269083289_0,0.0,11.664000000000001,0.0,0.0
:1269083289_1,0.0,11.664000000000001,0.0,0.0
:1269083300_0,0.0,50.00400000000001,0.0,0.0
:1269083300_1,0.0,50.00400000000001,0.0,0.0
:1269083300_10,0.0,11.664000000000001,0.0,0.0
:1269083300_11,0.0,13.14,0.0,0.0
:1269083300_12,0.0,50.00400000000001,0.0,0.0
:1269083300_13,0.0,50.00400000000001,0.0,0.0
:1269083300_14,0.0,11.664000000000001,0.0,0.0
:1269083300_15,0.0,13.14,0.0,0.0
:1269083300_16,0.1,11.736,0.0,0.006329113924050609
:1269083300_17,0.0,13.14,0.0,0.0
:1269083300_18,0.0,11.664000000000001,0.0,0.0
:1269083300_19,0.0,13.14,0.0,0.0
:1269083300_2,0.0,11.664000000000001,0.0,0.2716049382716049
:1269083300_3,0.0,13.14,0.0,0.0
:1269083300_4,0.0,50.00400000000001,0.0,0.0
:1269083300_5,0.0,50.00400000000001,0.0,0.0
:1269083300_6,0.0,11.664000000000001,0.0,0.0
:1269083300_7,0.0,13.14,0.0,0.0
:1269083300_8,0.0,50.00400000000001,0.0,0.0
:1269083300_9,0.0,50.00400000000001,0.0,0.0
:1269083301_0,0.0,10.007999999999997,0.0,0.0
:1269083301_1,0.0,10.007999999999997,0.0,0.0
:1269083305_0,0.0,39.995999999999995,0.0,0.0
:1269083305_1,0.0,21.924000000000003,0.0,0.0
:1269083305_2,0.0,21.924000000000003,0.0,0.0
:1269083305_3,0.0,21.888,0.0,0.0
:1269083305_4,0.0,11.664000000000001,0.0,0.0
:1269083305_5,0.0,13.14,0.0,0.0
:1269083305_6,0.0,21.888,0.0,0.0
:1269083305_7,0.0,11.664000000000001,0.0,0.0
:1269083305_8,0.0,13.14,0.0,0.0
:1269083316_0,0.0,11.664000000000001,0.0,0.0
:1269083316_1,0.0,11.664000000000001,0.0,0.0
:1269083319_0,0.0,23.508000000000006,0.0,0.0
:1269083319_1,0.1,23.644486519222102,0.0,0.05382775119617226
:1269083319_10,0.0,11.664000000000001,0.0,0.0
:1269083319_11,0.0,13.14,0.0,0.0
:1269083319_12,0.0,23.508000000000006,0.0,0.0
:1269083319_13,0.0,23.508000000000006,0.0,0.0
:1269083319_14,0.0,11.664000000000001,0.0,0.0
:1269083319_15,0.0,13.14,0.0,0.0
:1269083319_16,0.0,11.664000000000001,0.0,0.0
:1269083319_17,0.0,13.14,0.0,0.0
:1269083319_18,0.0,11.664000000000001,0.0,0.0
:1269083319_19,0.0,13.14,0.0,0.0
:1269083319_2,0.0,11.664000000000001,0.0,0.0
:1269083319_3,0.0,13.14,0.0,0.0
:1269083319_4,0.0,28.907999999999998,0.0,0.0
:1269083319_5,0.0,28.907999999999998,0.0,0.0
:1269083319_6,0.1,11.81773152,0.0,0.02046104756553085
:1269083319_7,0.0,13.14,0.0,0.0
:1269083319_8,0.0,28.907999999999998,0.0,0.0
:1269083319_9,0.1,28.722770908831414,3920.6218628392453,0.03427265803503427
:1269083321_0,0.0,11.664000000000001,0.0,0.0
:1269083321_1,0.0,11.664000000000001,0.0,0.0
:1269083335_0,0.0,10.007999999999997,0.0,0.0
:1269083335_1,0.0,10.007999999999997,0.0,0.0
:1269083349_0,0.1,11.713371892973868,2147.1139430761014,0.09782610614791688
:1269083349_1,0.0,11.664000000000001,0.0,0.0
:1269083350_0,0.0,11.664000000000001,0.0,0.0
:1269083350_1,0.0,11.664000000000001,0.0,0.0
:1269083356_0,0.0,11.664000000000001,0.0,0.0
:1269083356_1,0.0,11.664000000000001,0.0,0.0
:1269083357_0,0.0,11.664000000000001,0.0,0.0
:1269083357_1,0.0,11.664000000000001,0.0,0.0
:1269083360_0,0.0,11.664000000000001,0.0,0.0
:1269083360_1,0.0,11.664000000000001,0.0,0.0
:1269083362_0,0.0,11.664000000000001,0.0,0.0
:1269083362_1,0.0,11.664000000000001,0.0,0.0
:1269083363_0,0.0,11.664000000000001,0.0,0.0
:1269083363_1,0.0,11.664000000000001,0.0,0.0
:1269083364_0,0.0,11.664000000000001,0.0,0.0
:1269083364_1,0.0,11.664000000000001,0.0,0.0
:1269083369_0,0.0,11.664000000000001,0.0,0.0
:1269083369_1,0.0,11.664000000000001,0.0,0.0
:1269083372_0,0.0,11.664000000000001,0.0,0.0
:1269083372_1,0.0,11.664000000000001,0.0,0.0
:1269083373_0,0.0,26.603999999999992,0.0,0.0
:1269083373_1,0.0,26.603999999999992,0.0,0.0
:1269083373_10,0.0,11.664000000000001,0.0,0.0
:1269083373_11,0.0,13.14,0.0,0.0
:1269083373_12,0.0,21.563999999999997,0.0,0.0
:1269083373_13,0.0,21.563999999999997,0.0,0.0
:1269083373_14,0.0,50.00400000000001,0.0,0.0
:1269083373_15,0.0,50.00400000000001,0.0,0.0
:1269083373_16,0.0,11.664000000000001,0.0,0.0
:1269083373_17,0.0,13.14,0.0,0.0
:1269083373_18,0.0,21.563999999999997,0.0,0.0
:1269083373_19,0.0,21.563999999999997,0.0,0.0
:1269083373_2,0.0,27.360000000000007,0.0,0.0
:1269083373_20,0.0,50.00400000000001,0.0,0.0
:1269083373_21,0.0,50.00400000000001,0.0,0.0
:1269083373_22,0.0,11.664000000000001,0.0,0.0
:1269083373_23,0.0,13.14,0.0,0.0
:1269083373_24,0.0,50.00400000000001,0.0,0.0
:1269083373_25,0.0,50.00400000000001,0.0,0.0
:1269083373_26,0.0,31.5,0.0,0.0
:1269083373_27,0.0,31.5,0.0,0.0
:1269083373_28,0.0,11.664000000000001,0.0,0.0
:1269083373_29,0.0,13.14,0.0,0.0
:1269083373_3,0.0,27.360000000000007,0.0,0.0
:1269083373_30,0.0,50.00400000000001,0.0,0.0
:1269083373_31,0.0,50.00400000000001,0.0,0.0
:1269083373_32,0.0,31.5,0.0,0.0
:1269083373_33,0.0,31.5,0.0,0.0
:1269083373_34,0.0,11.664000000000001,0.0,0.0
:1269083373_35,0.0,13.14,0.0,0.0
:1269083373_36,0.0,11.664000000000001,0.0,0.0
:1269083373_37,0.0,13.14,0.0,0.0
:1269083373_38,0.0,31.5,0.0,0.0
:1269083373_39,0.0,31.5,0.0,0.0
:1269083373_4,0.0,11.664000000000001,0.0,0.0
:1269083373_40,0.0,11.664000000000001,0.0,0.0
:1269083373_41,0.0,13.14,0.0,0.0
:1269083373_5,0.0,13.14,0.0,0.0
:1269083373_6,0.0,26.603999999999992,0.0,0.0
:1269083373_7,0.0,26.603999999999992,0.0,0.0
:1269083373_8,0.0,27.360000000000007,0.0,0.0
:1269083373_9,0.0,27.360000000000007,0.0,0.0
:1269083376_0,0.0,11.664000000000001,0.0,0.0
:1269083376_1,0.0,11.664000000000001,0.0,0.0
:1269083381_0,0.0,11.664000000000001,0.0,0.0
:1269083381_1,0.0,11.664000000000001,0.0,0.0
:1269083382_0,0.0,11.664000000000001,0.0,0.0
:1269083382_1,0.0,11.664000000000001,0.0,0.0
:1269083406_0,0.0,11.664000000000001,0.0,0.0
:1269083406_1,0.0,11.664000000000001,0.0,0.0
:1269083409_0,0.0,11.664000000000001,0.0,0.0
:1269083409_1,0.0,11.664000000000001,0.0,0.0
:1269083426_0,0.0,10.007999999999997,0.0,0.0
:1269083426_1,0.0,10.007999999999997,0.0,0.0
:1269083427_0,0.0,11.664000000000001,0.0,0.0
:1269083427_1,0.0,11.664000000000001,0.0,0.0
:1269083431_0,0.0,11.664000000000001,0.0,0.0
:1269083431_1,0.0,11.664000000000001,0.0,0.0
:1269083434_0,0.0,50.00400000000001,0.0,0.0
:1269083434_1,0.0,50.00400000000001,0.0,0.0
:1269083434_10,0.0,11.664000000000001,0.0,0.0
:1269083434_11,0.0,13.14,0.0,0.0
:1269083434_12,0.0,50.00400000000001,0.0,0.0
:1269083434_13,0.0,50.00400000000001,0.0,0.0
:1269083434_14,0.0,11.664000000000001,0.0,0.0
:1269083434_15,0.0,13.14,0.0,0.0
:1269083434_16,0.0,11.664000000000001,0.0,0.0
:1269083434_17,0.0,13.14,0.0,0.0
:1269083434_18,0.0,11.664000000000001,0.0,0.0
:1269083434_19,0.0,13.14,0.0,0.0
:1269083434_2,0.0,11.664000000000001,0.0,0.0
:1269083434_3,0.0,13.14,0.0,0.0
:1269083434_4,0.0,47.34000000000001,0.0,0.0
:1269083434_5,0.0,47.34000000000001,0.0,0.0
:1269083434_6,0.0,11.664000000000001,0.0,0.0
:1269083434_7,0.0,13.14,0.0,0.0
:1269083434_8,0.0,47.34000000000001,0.0,0.0
:1269083434_9,0.0,47.34000000000001,0.0,0.0
:1269083440_0,0.0,10.007999999999997,0.0,0.0
:1269083440_1,0.0,10.007999999999997,0.0,0.0
:1269083442_0,0.0,11.664000000000001,0.0,0.0
:1269083442_1,0.0,11.664000000000001,0.0,0.0
:1269083446_0,0.0,11.664000000000001,0.0,0.0
:1269083446_1,0.0,11.664000000000001,0.0,0.0
:1269083449_0,0.0,11.664000000000001,0.0,0.0
:1269083449_1,0.0,11.664000000000001,0.0,0.0
:1269083450_0,0.0,10.007999999999997,0.0,0.0
:1269083450_1,0.0,10.007999999999997,0.0,0.0
:1269083453_0,0.0,50.00400000000001,0.0,0.0
:1269083453_1,0.0,50.00400000000001,0.0,0.0
:1269083453_10,0.0,11.664000000000001,0.0,0.0
:1269083453_11,0.0,13.14,0.0,0.0
:1269083453_12,0.0,22.464000000000002,0.0,0.0
:1269083453_13,0.0,22.464000000000002,0.0,0.0
:1269083453_14,0.0,31.104000000000003,0.0,0.0
:1269083453_15,0.0,31.104000000000003,0.0,0.0
:1269083453_16,0.0,11.664000000000001,0.0,0.0
:1269083453_17,0.0,13.14,0.0,0.0
:1269083453_18,0.0,22.464000000000002,0.0,0.0
:1269083453_19,0.0,22.464000000000002,0.0,0.0
:1269083453_2,0.0,28.044000000000004,0.0,0.0
:1269083453_20,0.0,31.104000000000003,0.0,0.0
:1269083453_21,0.0,31.104000000000003,0.0,0.0
:1269083453_22,0.0,11.664000000000001,0.0,0.0
:1269083453_23,0.0,13.14,0.0,0.0
:1269083453_24,0.0,26.136000000000003,0.0,0.0
:1269083453_25,0.0,26.136000000000003,0.0,0.0
:1269083453_26,0.0,50.00400000000001,0.0,0.0
:1269083453_27,0.0,50.00400000000001,0.0,0.0
:1269083453_28,0.0,11.664000000000001,0.0,0.0
:1269083453_29,0.0,13.14,0.0,0.0
:1269083453_3,0.0,28.044000000000004,0.0,0.0
:1269083453_30,0.0,26.136000000000003,0.0,0.0
:1269083453_31,0.0,26.136000000000003,0.0,0.0
:1269083453_32,0.0,50.00400000000001,0.0,0.0
:1269083453_33,0.0,50.00400000000001,0.0,0.0
:1269083453_34,0.0,11.664000000000001,0.0,0.0
:1269083453_35,0.0,13.14,0.0,0.0
:1269083453_36,0.0,28.044000000000004,0.0,0.0
:1269083453_37,0.0,28.044000000000004,0.0,0.0
:1269083453_38,0.0,11.664000000000001,0.0,0.0
:1269083453_39,0.0,13.14,0.0,0.0
:1269083453_4,0.0,11.664000000000001,0.0,0.0
:1269083453_40,0.0,11.664000000000001,0.0,0.0
:1269083453_41,0.0,13.14,0.0,0.0
:1269083453_5,0.0,13.14,0.0,0.0
:1269083453_6,0.0,50.00400000000001,0.0,0.0
:1269083453_7,0.0,50.00400000000001,0.0,0.0
:1269083453_8,0.0,28.044000000000004,0.0,0.0
:1269083453_9,0.0,28.044000000000004,0.0,0.0
:1269083458_0,0.0,11.664000000000001,0.0,0.0
:1269083458_1,0.0,11.664000000000001,0.0,0.0
:1269083460_0,0.0,11.664000000000001,0.0,0.0
:1269083460_1,0.0,11.664000000000001,0.0,0.0
:1269083464_0,0.0,11.664000000000001,0.0,0.0
:1269083464_1,0.0,11.664000000000001,0.0,0.0
:1269083470_0,0.0,11.664000000000001,0.0,0.0
:1269083470_1,0.0,11.664000000000001,0.0,0.0
:1269083482_0,0.0,23.544000000000004,0.0,0.0
:1269083482_1,0.0,23.544000000000004,0.0,0.0
:1269083482_10,0.0,11.664000000000001,0.0,0.0
:1269083482_11,0.0,13.14,0.0,0.0
:1269083482_12,0.0,23.544000000000004,0.0,0.0
:1269083482_13,0.0,23.544000000000004,0.0,0.0
:1269083482_14,0.0,11.664000000000001,0.0,0.0
:1269083482_15,0.0,13.14,0.0,0.0
:1269083482_16,0.0,11.664000000000001,0.0,0.0
:1269083482_17,0.0,13.14,0.0,0.0
:1269083482_18,0.0,11.664000000000001,0.0,0.0
:1269083482_19,0.0,13.14,0.0,0.0
:1269083482_2,0.0,11.664000000000001,0.0,0.0
:1269083482_3,0.0,13.14,0.0,0.0
:1269083482_4,0.0,28.944,0.0,0.0
:1269083482_5,0.0,28.944,0.0,0.0
:1269083482_6,0.0,11.664000000000001,0.0,0.0
:1269083482_7,0.0,13.14,0.0,0.0
:1269083482_8,0.0,28.944,0.0,0.0
:1269083482_9,0.0,28.944,0.0,0.0
:1269083483_0,0.0,11.664000000000001,0.0,0.0
:1269083483_1,0.0,11.664000000000001,0.0,0.0
:1269088542_0,0.0,11.664000000000001,0.0,0.0
:1269088542_1,0.0,11.664000000000001,0.0,0.0
:1269088544_0,0.0,11.664000000000001,0.0,0.0
:1269088544_1,0.0,11.664000000000001,0.0,0.0
:1269088558_0,0.0,11.664000000000001,0.0,0.0
:1269088558_1,0.0,11.664000000000001,0.0,0.0
:1269088571_0,0.0,11.664000000000001,0.0,0.0
:1269088571_1,0.0,11.664000000000001,0.0,0.0
:1269088573_0,0.0,11.664000000000001,0.0,0.0
:1269088573_1,0.0,11.664000000000001,0.0,0.0
:1269088609_0,0.0,11.664000000000001,0.0,0.0
:1269088609_1,0.0,11.664000000000001,0.0,0.0
:1270245569_0,0.0,11.664000000000001,0.0,0.0
:1270245569_1,0.0,11.664000000000001,0.0,0.0
:1270245571_0,0.0,11.664000000000001,0.0,0.0
:1270245571_1,0.0,11.664000000000001,0.0,0.0
:1270245581_0,0.0,11.664000000000001,0.0,0.0
:1270245581_1,0.0,11.664000000000001,0.0,0.0
:1270245592_0,0.0,11.664000000000001,0.0,0.0
:1270245592_1,0.0,11.664000000000001,0.0,0.0
:1270245594_0,0.0,11.664000000000001,0.0,0.0
:1270245594_1,0.0,11.664000000000001,0.0,0.0
:1270245608_0,0.0,23.472,0.0,0.0
:1270245608_1,0.0,23.472,0.0,0.0
:1270245608_10,0.0,11.664000000000001,0.0,0.0
:1270245608_11,0.0,13.14,0.0,0.0
:1270245608_12,0.0,28.872000000000007,0.0,0.0
:1270245608_13,0.0,28.872000000000007,0.0,0.0
:1270245608_14,0.0,11.664000000000001,0.0,0.0
:1270245608_15,0.0,13.14,0.0,0.0
:1270245608_16,0.0,13.14,0.0,0.0
:1270245608_2,0.0,11.664000000000001,0.0,0.0
:1270245608_3,0.0,13.14,0.0,0.0
:1270245608_4,0.0,23.472,0.0,0.0
:1270245608_5,0.0,23.472,0.0,0.0
:1270245608_6,0.0,11.664000000000001,0.0,0.0
:1270245608_7,0.0,13.14,0.0,0.0
:1270245608_8,0.0,28.872000000000007,0.0,0.0
:1270245608_9,0.0,28.872000000000007,0.0,0.0
:1270245622_0,0.0,11.664000000000001,0.0,0.0
:1270245622_1,0.0,11.664000000000001,0.0,0.0
:1270245625_0,0.0,11.664000000000001,0.0,0.0
:1270245625_1,0.0,11.664000000000001,0.0,0.0
:1270245629_0,0.0,11.664000000000001,0.0,0.0
:1270245629_1,0.0,11.664000000000001,0.0,0.0
:1270245631_0,0.0,11.664000000000001,0.0,0.0
:1270245631_1,0.0,11.664000000000001,0.0,0.0
:1270245635_0,0.0,11.664000000000001,0.0,0.0
:1270245635_1,0.0,11.664000000000001,0.0,0.0
:1270245640_0,0.0,11.664000000000001,0.0,0.0
:1270245640_1,0.0,11.664000000000001,0.0,0.0
:1270245642_0,0.0,11.664000000000001,0.0,0.0
:1270245642_1,0.0,11.664000000000001,0.0,0.0
:1270249847_0,0.0,11.664000000000001,0.0,0.0
:1270249847_1,0.0,11.664000000000001,0.0,0.0
:1270249876_0,0.0,20.196,0.0,0.0
:1270249876_1,0.0,11.664000000000001,0.0,0.0
:1270249876_2,0.0,13.14,0.0,0.0
:1270249876_3,0.0,20.196,0.0,0.0
:1270249876_4,0.0,11.664000000000001,0.0,0.0
:1270249876_5,0.0,13.14,0.0,0.0
:1270249876_6,0.0,30.240000000000002,0.0,0.0
:1270249876_7,0.0,30.240000000000002,0.0,0.0
:1270249876_8,0.0,39.995999999999995,0.0,0.0
:1270249886_0,0.0,10.007999999999997,0.0,0.0
:1270249886_1,0.0,10.007999999999997,0.0,0.0
:1270249888_0,0.0,10.007999999999997,0.0,0.0
:1270249888_1,0.0,10.007999999999997,0.0,0.0
:1270249898_0,0.0,10.007999999999997,0.0,0.0
:1270249898_1,0.0,10.007999999999997,0.0,0.0
:1270249901_0,0.0,24.12,0.0,0.0
:1270249901_1,0.0,10.007999999999997,0.0,0.0
:1270249901_2,0.0,10.007999999999997,0.0,0.0
:1270249901_3,0.0,24.12,0.0,0.0
:1270249901_4,0.0,10.007999999999997,0.0,0.0
:1270249901_5,0.0,10.007999999999997,0.0,0.0
:1270249901_6,0.0,22.932000000000006,0.0,0.0
:1270249901_7,0.0,22.932000000000006,0.0,0.0
:1270249901_8,0.0,39.995999999999995,0.0,0.0
:1270249911_0,0.0,11.664000000000001,0.0,0.0
:1270249911_1,0.0,11.664000000000001,0.0,0.0
:1270249913_0,0.0,11.664000000000001,0.0,0.0
:1270249913_1,0.0,11.664000000000001,0.0,0.0
:1270249914_0,0.0,10.007999999999997,0.0,0.0
:1270249914_1,0.0,10.007999999999997,0.0,0.0
:1270249928_0,0.0,10.007999999999997,0.0,0.0
:1270249928_1,0.0,10.007999999999997,0.0,0.0
:1270249933_0,0.0,11.664000000000001,0.0,0.0
:1270249933_1,0.0,11.664000000000001,0.0,0.0
:1270249939_0,0.0,11.664000000000001,0.0,0.0
:1270249939_1,0.0,11.664000000000001,0.0,0.0
:1270249941_0,0.0,11.664000000000001,0.0,0.0
:1270249941_1,0.0,11.664000000000001,0.0,0.0
:1270249945_0,0.0,22.860000000000003,0.0,0.0
:1270249945_1,0.0,22.860000000000003,0.0,0.0
:1270249945_2,0.0,79.99199999999999,0.0,0.0
:1270249945_3,0.0,24.515999999999995,0.0,0.0
:1270249945_4,0.0,11.664000000000001,0.0,0.0
:1270249945_5,0.0,13.14,0.0,0.0
:1270249945_6,0.0,24.515999999999995,0.0,0.0
:1270249945_7,0.0,11.664000000000001,0.0,0.0
:1270249945_8,0.0,13.14,0.0,0.0
:1270249947_0,0.0,10.007999999999997,0.0,0.0
:1270249947_1,0.0,10.007999999999997,0.0,0.0
:1270249947_10,0.0,10.007999999999997,0.0,0.0
:1270249947_11,0.0,10.007999999999997,0.0,0.0
:1270249947_12,0.0,10.007999999999997,0.0,0.0
:1270249947_13,0.0,10.007999999999997,0.0,0.0
:1270249947_14,0.0,10.007999999999997,0.0,0.0
:1270249947_15,0.0,10.007999999999997,0.0,0.0
:1270249947_2,0.0,10.007999999999997,0.0,0.0
:1270249947_3,0.0,10.007999999999997,0.0,0.0
:1270249947_4,0.0,10.007999999999997,0.0,0.0
:1270249947_5,0.0,10.007999999999997,0.0,0.0
:1270249947_6,0.0,10.007999999999997,0.0,0.0
:1270249947_7,0.0,10.007999999999997,0.0,0.0
:1270249947_8,0.0,10.007999999999997,0.0,0.0
:1270249947_9,0.0,10.007999999999997,0.0,0.0
:1270249954_0,0.0,22.247999999999998,0.0,0.0
:1270249954_1,0.0,39.995999999999995,0.0,0.0
:1270249969_0,0.0,23.688,0.0,0.0
:1270249969_1,0.0,39.995999999999995,0.0,0.0
:1270249973_0,0.0,10.007999999999997,0.0,0.0
:1270249973_1,0.0,10.007999999999997,0.0,0.0
:1270257355_0,0.0,11.664000000000001,0.0,0.0
:1270257355_1,0.0,11.664000000000001,0.0,0.0
:1270257361_0,0.0,11.664000000000001,0.0,0.0
:1270257361_1,0.0,11.664000000000001,0.0,0.0
:1270257371_0,0.0,11.664000000000001,0.0,0.0
:1270257371_1,0.0,11.664000000000001,0.0,0.0
:1270257394_0,0.0,11.664000000000001,0.0,0.0
:1270257394_1,0.0,11.664000000000001,0.0,0.0
:1270257397_0,0.0,11.664000000000001,0.0,0.0
:1270257397_1,0.0,11.664000000000001,0.0,0.0
:1270257400_0,0.0,11.664000000000001,0.0,0.0
:1270257400_1,0.0,11.664000000000001,0.0,0.0
:1270257405_0,0.0,11.664000000000001,0.0,0.0
:1270257405_1,0.0,11.664000000000001,0.0,0.0
:1270257414_0,0.0,11.664000000000001,0.0,0.0
:1270257414_1,0.0,11.664000000000001,0.0,0.0
:1270257432_0,0.0,11.664000000000001,0.0,0.0
:1270257432_1,0.0,11.664000000000001,0.0,0.0
:1270257439_0,0.0,30.024,0.0,0.0
:1270257439_1,0.0,30.024,0.0,0.0
:1270257439_10,0.0,11.664000000000001,0.0,0.0
:1270257439_11,0.0,13.14,0.0,0.0
:1270257439_12,0.0,30.024,0.0,0.0
:1270257439_13,0.0,30.024,0.0,0.0
:1270257439_14,0.0,11.664000000000001,0.0,0.0
:1270257439_15,0.0,13.14,0.0,0.0
:1270257439_16,0.0,13.14,0.0,0.0
:1270257439_2,0.0,10.007999999999997,0.0,0.0
:1270257439_3,0.0,10.007999999999997,0.0,0.0
:1270257439_4,0.0,30.024,0.0,0.0
:1270257439_5,0.0,30.024,0.0,0.0
:1270257439_6,0.0,10.007999999999997,0.0,0.0
:1270257439_7,0.0,10.007999999999997,0.0,0.0
:1270257439_8,0.0,30.024,0.0,0.0
:1270257439_9,0.0,30.024,0.0,0.0
:1270257449_0,0.0,11.664000000000001,0.0,0.0
:1270257449_1,0.0,11.664000000000001,0.0,0.0
:1270257470_0,0.0,11.664000000000001,0.0,0.0
:1270257470_1,0.0,11.664000000000001,0.0,0.0
:1270264366_0,0.0,27.576,0.0,0.0
:1270264366_1,0.0,27.576,0.0,0.0
:1270264366_10,0.0,11.664000000000001,0.0,0.0
:1270264366_11,0.0,13.14,0.0,0.0
:1270264366_12,0.0,21.888,0.0,0.0
:1270264366_13,0.0,21.888,0.0,0.0
:1270264366_14,0.0,11.664000000000001,0.0,0.0
:1270264366_15,0.0,13.14,0.0,0.0
:1270264366_2,0.0,11.664000000000001,0.0,0.0
:1270264366_3,0.0,13.14,0.0,0.0
:1270264366_4,0.0,27.576,0.0,0.0
:1270264366_5,0.0,27.576,0.0,0.0
:1270264366_6,0.0,11.664000000000001,0.0,0.0
:1270264366_7,0.0,13.14,0.0,0.0
:1270264366_8,0.0,21.888,0.0,0.0
:1270264366_9,0.0,21.888,0.0,0.0
:1270264430_0,0.0,16.704000000000004,0.0,0.0
:1270264430_3,0.0,16.704000000000004,0.0,0.0
:1270264446_0,0.0,11.664000000000001,0.0,0.0
:1270264446_1,0.0,11.664000000000001,0.0,0.0
:1270366815_0,0.0,22.068000000000005,0.0,0.0
:1270366815_1,0.0,22.068000000000005,0.0,0.0
:1270366815_10,0.0,11.664000000000001,0.0,0.0
:1270366815_11,0.0,13.14,0.0,0.0
:1270366815_12,0.0,22.068000000000005,0.0,0.0
:1270366815_13,0.0,22.068000000000005,0.0,0.0
:1270366815_14,0.0,11.664000000000001,0.0,0.0
:1270366815_15,0.0,13.14,0.0,0.0
:1270366815_16,0.0,11.664000000000001,0.0,0.0
:1270366815_17,0.0,13.14,0.0,0.0
:1270366815_18,0.0,11.664000000000001,0.0,0.0
:1270366815_19,0.0,13.14,0.0,0.0
:1270366815_2,0.0,11.664000000000001,0.0,0.0
:1270366815_3,0.0,13.14,0.0,0.0
:1270366815_4,0.0,27.720000000000006,0.0,0.0
:1270366815_5,0.0,27.720000000000006,0.0,0.0
:1270366815_6,0.0,11.664000000000001,0.0,0.0
:1270366815_7,0.0,13.14,0.0,0.0
:1270366815_8,0.0,27.720000000000006,0.0,0.0
:1270366815_9,0.0,27.720000000000006,0.0,0.0
:1270366823_0,0.0,11.664000000000001,0.0,0.0
:1270366823_1,0.0,11.664000000000001,0.0,0.0
:1270366825_0,0.0,11.664000000000001,0.0,0.0
:1270366825_1,0.0,11.664000000000001,0.0,0.0
:1270366851_0,0.0,11.664000000000001,0.0,0.0
:1270366851_1,0.0,11.664000000000001,0.0,0.0
:1270366862_0,0.0,11.664000000000001,0.0,0.0
:1270366862_1,0.0,11.664000000000001,0.0,0.0
:1270366864_0,0.0,11.664000000000001,0.0,0.0
:1270366864_1,0.0,11.664000000000001,0.0,0.0
:1270366913_0,0.0,11.664000000000001,0.0,0.0
:1270366913_1,0.0,11.664000000000001,0.0,0.0
:1270366982_0,0.0,11.664000000000001,0.0,0.0
:1270366982_1,0.0,11.664000000000001,0.0,0.0
:1270367046_0,0.0,11.664000000000001,0.0,0.0
:1270367046_1,0.0,11.664000000000001,0.0,0.0
:1270372580_0,0.0,11.664000000000001,0.0,0.0
:1270372580_1,0.0,11.664000000000001,0.0,0.0
:1270372582_0,0.0,11.664000000000001,0.0,0.0
:1270372582_1,0.0,11.664000000000001,0.0,0.0
:1270372584_0,0.0,50.00400000000001,0.0,0.0
:1270372584_1,0.0,50.00400000000001,0.0,0.0
:1270372584_10,0.0,11.664000000000001,0.0,0.0
:1270372584_11,0.0,13.14,0.0,0.0
:1270372584_12,0.0,50.00400000000001,0.0,0.0
:1270372584_13,0.0,50.00400000000001,0.0,0.0
:1270372584_14,0.0,11.664000000000001,0.0,0.0
:1270372584_15,0.0,13.14,0.0,0.0
:1270372584_16,0.0,11.664000000000001,0.0,0.0
:1270372584_17,0.0,13.14,0.0,0.0
:1270372584_18,0.0,11.664000000000001,0.0,0.0
:1270372584_19,0.0,13.14,0.0,0.0
:1270372584_2,0.0,11.664000000000001,0.0,0.0
:1270372584_3,0.0,13.14,0.0,0.0
:1270372584_4,0.0,50.00400000000001,0.0,0.0
:1270372584_5,0.0,50.00400000000001,0.0,0.0
:1270372584_6,0.0,11.664000000000001,0.0,0.0
:1270372584_7,0.0,13.14,0.0,0.0
:1270372584_8,0.0,50.00400000000001,0.0,0.0
:1270372584_9,0.0,50.00400000000001,0.0,0.0
:1270372585_0,0.0,11.664000000000001,0.0,0.0
:1270372585_1,0.0,11.664000000000001,0.0,0.0
:1270372588_0,0.0,11.664000000000001,0.0,0.0
:1270372588_1,0.0,11.664000000000001,0.0,0.0
:1270372597_0,0.0,11.664000000000001,0.0,0.0
:1270372597_1,0.0,11.664000000000001,0.0,0.0
:1274942862_0,0.0,11.664000000000001,0.0,0.0
:1274942862_1,0.0,11.664000000000001,0.0,0.0
:1274942878_0,0.0,10.007999999999997,0.0,0.0
:1274942878_1,0.0,10.007999999999997,0.0,0.0
:1274942880_0,0.0,11.664000000000001,0.0,0.0
:1274942880_1,0.0,11.664000000000001,0.0,0.0
:1274942898_0,0.0,10.007999999999997,0.0,0.0
:1274942898_1,0.0,10.007999999999997,0.0,0.0
:1274942917_0,0.0,10.007999999999997,0.0,0.0
:1274942917_1,0.0,10.007999999999997,0.0,0.0
:1274942949_0,0.0,10.007999999999997,0.0,0.0
:1274942949_1,0.0,10.007999999999997,0.0,0.0
:1274942953_0,0.0,10.007999999999997,0.0,0.0
:1274942953_1,0.0,10.007999999999997,0.0,0.0
:1274942958_0,0.0,11.664000000000001,0.0,0.0
:1274942958_1,0.0,11.664000000000001,0.0,0.0
:1274942971_0,0.0,11.664000000000001,0.0,0.0
:1274942971_1,0.0,11.664000000000001,0.0,0.0
:1274942995_0,0.0,8.244,0.0,0.0
:1274942995_1,0.0,8.244,0.0,0.0
:1274943008_0,0.0,11.664000000000001,0.0,0.0
:1274943008_1,0.0,11.664000000000001,0.0,0.0
:1274943011_0,0.0,10.007999999999997,0.0,0.0
:1274943011_1,0.0,10.007999999999997,0.0,0.0
:1274943080_0,0.0,10.007999999999997,0.0,0.0
:1274943080_1,0.0,10.007999999999997,0.0,0.0
:1274943101_0,0.0,11.664000000000001,0.0,0.0
:1274943101_1,0.0,11.664000000000001,0.0,0.0
:1274943106_0,0.0,11.664000000000001,0.0,0.0
:1274943106_1,0.0,11.664000000000001,0.0,0.0
:1274943108_0,0.0,10.007999999999997,0.0,0.0
:1274943108_1,0.0,10.007999999999997,0.0,0.0
:1274943110_0,0.0,10.007999999999997,0.0,0.0
:1274943110_1,0.0,10.007999999999997,0.0,0.0
:1274943115_0,0.0,10.007999999999997,0.0,0.0
:1274943115_1,0.0,10.007999999999997,0.0,0.0
:1274943165_0,0.0,11.664000000000001,0.0,0.0
:1274943165_1,0.0,11.664000000000001,0.0,0.0
:1274943206_0,0.0,10.007999999999997,0.0,0.0
:1274943206_1,0.0,10.007999999999997,0.0,0.0
:1274943230_0,0.0,11.664000000000001,0.0,0.0
:1274943230_1,0.0,11.664000000000001,0.0,0.0
:1274943233_0,0.0,20.663999999999998,0.0,0.0
:1274943233_1,0.0,20.663999999999998,0.0,0.0
:1274943233_10,0.0,11.664000000000001,0.0,0.0
:1274943233_11,0.0,13.14,0.0,0.0
:1274943233_12,0.0,20.663999999999998,0.0,0.0
:1274943233_13,0.0,20.663999999999998,0.0,0.0
:1274943233_14,0.0,11.664000000000001,0.0,0.0
:1274943233_15,0.0,13.14,0.0,0.0
:1274943233_16,0.0,11.664000000000001,0.0,0.0
:1274943233_17,0.0,13.14,0.0,0.0
:1274943233_18,0.0,11.664000000000001,0.0,0.0
:1274943233_19,0.0,13.14,0.0,0.0
:1274943233_2,0.0,11.664000000000001,0.0,0.0
:1274943233_3,0.0,13.14,0.0,0.0
:1274943233_4,0.0,26.603999999999992,0.0,0.0
:1274943233_5,0.0,26.603999999999992,0.0,0.0
:1274943233_6,0.0,11.664000000000001,0.0,0.0
:1274943233_7,0.0,13.14,0.0,0.0
:1274943233_8,0.0,26.603999999999992,0.0,0.0
:1274943233_9,0.0,26.603999999999992,0.0,0.0
:1274943252_0,0.0,10.007999999999997,0.0,0.0
:1274943252_1,0.0,10.007999999999997,0.0,0.0
:1274943304_0,0.0,11.664000000000001,0.0,0.0
:1274943304_1,0.0,11.664000000000001,0.0,0.0
:1274943346_0,0.0,11.664000000000001,0.0,0.0
:1274943346_1,0.0,11.664000000000001,0.0,0.0
:1274943368_0,0.0,10.007999999999997,0.0,0.1500004551577097
:1274943368_1,0.0,10.007999999999997,0.0,0.0
:1278414007_0,0.0,11.664000000000001,0.0,0.0
:1278414007_1,0.0,11.664000000000001,0.0,0.0
:1278414037_0,0.0,28.836000000000006,0.0,0.0
:1278414037_1,0.0,28.836000000000006,0.0,0.0
:1278414037_10,0.0,11.664000000000001,0.0,0.0
:1278414037_11,0.0,13.14,0.0,0.0
:1278414037_12,0.0,23.436000000000003,0.0,0.0
:1278414037_13,0.0,23.436000000000003,0.0,0.0
:1278414037_14,0.0,11.664000000000001,0.0,0.0
:1278414037_15,0.0,13.14,0.0,0.0
:1278414037_16,0.0,13.14,0.0,0.0
:1278414037_2,0.0,11.664000000000001,0.0,0.0
:1278414037_3,0.0,13.14,0.0,0.0
:1278414037_4,0.0,28.836000000000006,0.0,0.0
:1278414037_5,0.0,28.836000000000006,0.0,0.0
:1278414037_6,0.0,11.664000000000001,0.0,0.0
:1278414037_7,0.0,13.14,0.0,0.0
:1278414037_8,0.0,23.436000000000003,0.0,0.0
:1278414037_9,0.0,23.436000000000003,0.0,0.0
:1278414039_0,0.0,11.664000000000001,0.0,0.0
:1278414039_1,0.0,11.664000000000001,0.0,0.0
:1278414074_0,0.0,11.664000000000001,0.0,0.0
:1278414074_1,0.0,11.664000000000001,0.0,0.0
:1278427827_0,0.0,23.472,0.0,0.0
:1278427827_1,0.0,23.472,0.0,0.0
:1278427827_10,0.0,11.664000000000001,0.0,0.0
:1278427827_11,0.0,13.14,0.0,0.0
:1278427827_12,0.0,23.472,0.0,0.0
:1278427827_13,0.0,23.472,0.0,0.0
:1278427827_14,0.0,11.664000000000001,0.0,0.0
:1278427827_15,0.0,13.14,0.0,0.0
:1278427827_16,0.0,11.664000000000001,0.0,0.0
:1278427827_17,0.0,13.14,0.0,0.0
:1278427827_18,0.0,11.664000000000001,0.0,0.0
:1278427827_19,0.0,13.14,0.0,0.0
:1278427827_2,0.0,11.664000000000001,0.0,0.0
:1278427827_3,0.0,13.14,0.0,0.0
:1278427827_4,0.0,28.872000000000007,0.0,0.0
:1278427827_5,0.0,28.872000000000007,0.0,0.0
:1278427827_6,0.0,11.664000000000001,0.0,0.0
:1278427827_7,0.0,13.14,0.0,0.0
:1278427827_8,0.0,28.872000000000007,0.0,0.0
:1278427827_9,0.0,28.872000000000007,0.0,0.0
:1278427837_0,0.0,11.664000000000001,0.0,0.0
:1278427837_1,0.0,11.664000000000001,0.0,0.0
:1278427846_0,0.0,11.664000000000001,0.0,0.0
:1278427846_1,0.0,11.664000000000001,0.0,0.0
:1278427851_0,0.0,90.0,0.0,0.0
:1278427851_1,0.0,90.0,0.0,0.0
:1278427851_10,0.0,11.664000000000001,0.0,0.0
:1278427851_11,0.0,13.14,0.0,0.0
:1278427851_12,0.0,27.648000000000003,0.0,0.0
:1278427851_13,0.0,27.648000000000003,0.0,0.0
:1278427851_14,0.0,26.964000000000006,0.0,0.0
:1278427851_15,0.0,26.964000000000006,0.0,0.0
:1278427851_16,0.0,11.664000000000001,0.0,0.0
:1278427851_17,0.0,13.14,0.0,0.0
:1278427851_18,0.0,20.988,0.0,0.0
:1278427851_19,0.0,20.988,0.0,0.0
:1278427851_2,0.0,32.39999999999999,0.0,0.0
:1278427851_20,0.0,90.0,0.0,0.0
:1278427851_21,0.0,90.0,0.0,0.0
:1278427851_22,0.0,11.664000000000001,0.0,0.0
:1278427851_23,0.0,13.14,0.0,0.0
:1278427851_24,0.0,20.988,0.0,0.0
:1278427851_25,0.0,20.988,0.0,0.0
:1278427851_26,0.0,90.0,0.0,0.0
:1278427851_27,0.0,90.0,0.0,0.0
:1278427851_28,0.0,11.664000000000001,0.0,0.0
:1278427851_29,0.0,13.14,0.0,0.0
:1278427851_3,0.0,32.39999999999999,0.0,0.0
:1278427851_30,0.0,90.0,0.0,0.0
:1278427851_31,0.0,90.0,0.0,0.0
:1278427851_32,0.0,32.39999999999999,0.0,0.0
:1278427851_33,0.0,32.39999999999999,0.0,0.0
:1278427851_34,0.0,11.664000000000001,0.0,0.0
:1278427851_35,0.0,13.14,0.0,0.0
:1278427851_36,0.0,11.664000000000001,0.0,0.0
:1278427851_37,0.0,13.14,0.0,0.0
:1278427851_38,0.0,26.964000000000006,0.0,0.0
:1278427851_39,0.0,26.964000000000006,0.0,0.0
:1278427851_4,0.0,11.664000000000001,0.0,0.0
:1278427851_40,0.0,11.664000000000001,0.0,0.0
:1278427851_41,0.0,13.14,0.0,0.0
:1278427851_5,0.0,13.14,0.0,0.0
:1278427851_6,0.0,27.648000000000003,0.0,0.0
:1278427851_7,0.0,27.648000000000003,0.0,0.0
:1278427851_8,0.0,26.964000000000006,0.0,0.0
:1278427851_9,0.0,26.964000000000006,0.0,0.0
:1278427860_0,0.0,11.664000000000001,0.0,0.0
:1278427860_1,0.0,11.664000000000001,0.0,0.0
:1278427864_0,0.0,11.664000000000001,0.0,0.0
:1278427864_1,0.0,11.664000000000001,0.0,0.0
:1278427879_0,0.0,11.664000000000001,0.0,0.0
:1278427879_1,0.0,11.664000000000001,0.0,0.0
:1278427939_0,0.0,11.664000000000001,0.0,0.0
:1278427939_1,0.0,11.664000000000001,0.0,0.0
:1278427984_0,0.0,11.664000000000001,0.0,0.0
:1278427984_1,0.0,11.664000000000001,0.0,0.0
:1278428013_0,0.0,11.664000000000001,0.0,0.0
:1278428013_1,0.0,11.664000000000001,0.0,0.0
:1278428028_0,0.0,11.664000000000001,0.0,0.0
:1278428028_1,0.0,11.664000000000001,0.0,0.0
:1278428029_0,0.0,11.664000000000001,0.0,0.0
:1278428029_1,0.0,11.664000000000001,0.0,0.0
:1278428032_0,0.0,11.664000000000001,0.0,0.0
:1278428032_1,0.0,11.664000000000001,0.0,0.0
:1278428060_0,0.0,22.896000000000004,0.0,0.0
:1278428060_1,0.0,26.244,0.0,0.0
:1278428060_10,0.0,20.304,0.0,0.0
:1278428060_11,0.0,20.304,0.0,0.0
:1278428060_12,0.0,79.99199999999999,0.0,0.0
:1278428060_13,0.0,11.664000000000001,0.0,0.0
:1278428060_14,0.0,13.14,0.0,0.0
:1278428060_15,0.0,22.896000000000004,0.0,0.0
:1278428060_16,0.0,26.244,0.0,0.0
:1278428060_17,0.0,26.244,0.0,0.0
:1278428060_18,0.0,11.664000000000001,0.0,0.0
:1278428060_19,0.0,13.14,0.0,0.0
:1278428060_2,0.0,26.244,0.0,0.0
:1278428060_20,0.0,11.664000000000001,0.0,0.0
:1278428060_21,0.0,13.14,0.0,0.0
:1278428060_22,0.0,11.664000000000001,0.0,0.0
:1278428060_23,0.0,13.14,0.0,0.0
:1278428060_3,0.0,11.664000000000001,0.0,0.0
:1278428060_4,0.0,13.14,0.0,0.0
:1278428060_5,0.0,20.304,0.0,0.0
:1278428060_6,0.0,20.304,0.0,0.0
:1278428060_7,0.0,79.99199999999999,0.0,0.0
:1278428060_8,0.0,11.664000000000001,0.0,0.0
:1278428060_9,0.0,13.14,0.0,0.0
:1278428071_0,0.0,11.664000000000001,0.0,0.0
:1278428071_1,0.0,11.664000000000001,0.0,0.0
:1278428077_0,0.0,11.664000000000001,0.0,0.0
:1278428077_1,0.0,11.664000000000001,0.0,0.0
:1278428130_0,0.0,27.720000000000006,0.0,0.0
:1278428130_1,0.0,27.720000000000006,0.0,0.0
:1278428130_10,0.0,11.664000000000001,0.0,0.0
:1278428130_11,0.0,13.14,0.0,0.0
:1278428130_12,0.0,27.720000000000006,0.0,0.0
:1278428130_13,0.0,27.720000000000006,0.0,0.0
:1278428130_14,0.0,11.664000000000001,0.0,0.0
:1278428130_15,0.0,13.14,0.0,0.0
:1278428130_16,0.0,13.14,0.0,0.0
:1278428130_2,0.0,11.664000000000001,0.0,0.0
:1278428130_3,0.0,13.14,0.0,0.0
:1278428130_4,0.0,22.103999999999996,0.0,0.0
:1278428130_5,0.0,22.103999999999996,0.0,0.0
:1278428130_6,0.0,11.664000000000001,0.0,0.0
:1278428130_7,0.0,13.14,0.0,0.0
:1278428130_8,0.0,22.103999999999996,0.0,0.0
:1278428130_9,0.0,22.103999999999996,0.0,0.0
:1278428144_0,0.0,50.00400000000001,0.0,0.0
:1278428144_1,0.0,50.00400000000001,0.0,0.0
:1278428144_10,0.0,11.664000000000001,0.0,0.0
:1278428144_11,0.0,13.14,0.0,0.0
:1278428144_12,0.0,50.00400000000001,0.0,0.0
:1278428144_13,0.0,50.00400000000001,0.0,0.0
:1278428144_14,0.0,11.664000000000001,0.0,0.0
:1278428144_15,0.0,13.14,0.0,0.0
:1278428144_16,0.0,11.664000000000001,0.0,0.0
:1278428144_17,0.0,13.14,0.0,0.0
:1278428144_18,0.0,11.664000000000001,0.0,0.0
:1278428144_19,0.0,13.14,0.0,0.0
:1278428144_2,0.0,11.664000000000001,0.0,0.0
:1278428144_3,0.0,13.14,0.0,0.0
:1278428144_4,0.0,50.00400000000001,0.0,0.0
:1278428144_5,0.0,50.00400000000001,0.0,0.0
:1278428144_6,0.0,11.664000000000001,0.0,0.0
:1278428144_7,0.0,13.14,0.0,0.0
:1278428144_8,0.0,50.00400000000001,0.0,0.0
:1278428144_9,0.0,50.00400000000001,0.0,0.0
:1280429213_0,0.0,11.664000000000001,0.0,0.0
:1280429213_1,0.0,11.664000000000001,0.0,0.0
:1280429251_0,0.0,11.664000000000001,0.0,0.0
:1280429251_1,0.0,11.664000000000001,0.0,0.0
:1280447526_0,0.0,11.664000000000001,0.0,0.0
:1280447526_1,0.0,11.664000000000001,0.0,0.0
:1280447629_0,0.0,10.331999999999999,0.0,0.0
:1280447629_1,0.0,10.331999999999999,0.0,0.0
:1280447705_0,0.0,9.216000000000003,0.0,0.0
:1280447705_1,0.0,9.216000000000003,0.0,0.0
:1280447743_0,0.0,11.664000000000001,0.0,0.0
:1280447743_1,0.0,11.664000000000001,0.0,0.0
:1280447920_0,0.0,11.664000000000001,0.0,0.0
:1280447920_1,0.0,11.664000000000001,0.0,0.0
:1280447929_0,0.0,11.664000000000001,0.0,0.0
:1280447929_1,0.0,11.664000000000001,0.0,0.0
:1280447985_0,0.0,11.664000000000001,0.0,0.0
:1280447985_1,0.0,11.664000000000001,0.0,0.0
:1280448059_0,0.0,11.664000000000001,0.0,0.0
:1280448059_1,0.0,11.664000000000001,0.0,0.0
:1280448071_0,0.0,9.216000000000003,0.0,0.0
:1280448071_1,0.0,9.216000000000003,0.0,0.0
:1281884007_0,0.0,11.664000000000001,0.0,0.0
:1281884007_1,0.0,11.664000000000001,0.0,0.0
:1281884021_0,0.0,11.664000000000001,0.0,0.0
:1281884021_1,0.0,11.664000000000001,0.0,0.0
:1281884039_0,0.0,11.664000000000001,0.0,0.0
:1281884039_1,0.0,11.664000000000001,0.0,0.0
:1281884058_0,0.0,11.664000000000001,0.0,0.0
:1281884058_1,0.0,11.664000000000001,0.0,0.0
:1281884068_0,0.0,10.007999999999997,0.0,0.0
:1281884068_1,0.0,10.007999999999997,0.0,0.0
:1281884082_0,0.0,20.124,0.0,0.0
:1281884082_1,0.0,20.124,0.0,0.0
:1281884082_10,0.0,11.664000000000001,0.0,0.0
:1281884082_11,0.0,13.14,0.0,0.0
:1281884082_12,0.0,20.124,0.0,0.0
:1281884082_13,0.0,20.124,0.0,0.0
:1281884082_14,0.0,11.664000000000001,0.0,0.0
:1281884082_15,0.0,13.14,0.0,0.0
:1281884082_16,0.0,11.664000000000001,0.0,0.0
:1281884082_17,0.0,13.14,0.0,0.0
:1281884082_18,0.0,11.664000000000001,0.0,0.0
:1281884082_19,0.0,13.14,0.0,0.0
:1281884082_2,0.0,11.664000000000001,0.0,0.0
:1281884082_3,0.0,13.14,0.0,0.0
:1281884082_4,0.0,26.351999999999997,0.0,0.0
:1281884082_5,0.0,26.351999999999997,0.0,0.0
:1281884082_6,0.0,11.664000000000001,0.0,0.0
:1281884082_7,0.0,13.14,0.0,0.0
:1281884082_8,0.0,26.351999999999997,0.0,0.0
:1281884082_9,0.0,26.351999999999997,0.0,0.0
:1281884083_0,0.0,11.664000000000001,0.0,0.0
:1281884083_1,0.0,11.664000000000001,0.0,0.0
:1281884108_0,0.0,11.664000000000001,0.0,0.0
:1281884108_1,0.0,11.664000000000001,0.0,0.0
:1281884153_0,0.0,11.664000000000001,0.0,0.0
:1281884153_1,0.0,11.664000000000001,0.0,0.0
:1281884171_0,0.0,11.664000000000001,0.0,0.0
:1281884171_1,0.0,11.664000000000001,0.0,0.0
:1281884177_0,0.0,11.664000000000001,0.0,0.0
:1281884177_1,0.0,11.664000000000001,0.0,0.0
:1281884217_0,0.0,11.664000000000001,0.0,0.0
:1281884217_1,0.0,11.664000000000001,0.0,0.0
:1281884232_0,0.0,11.664000000000001,0.0,0.0
:1281884232_1,0.0,11.664000000000001,0.0,0.0
:1281884244_0,0.0,10.331999999999999,0.0,0.0
:1281884244_1,0.0,10.331999999999999,0.0,0.0
:1281884257_0,0.0,11.664000000000001,0.0,0.0
:1281884257_1,0.0,11.664000000000001,0.0,0.0
:1281884263_0,0.0,11.664000000000001,0.0,0.0
:1281884263_1,0.0,11.664000000000001,0.0,0.0
:1281884271_0,0.0,11.664000000000001,0.0,0.0
:1281884271_1,0.0,11.664000000000001,0.0,0.0
:1281884285_0,0.0,11.664000000000001,0.0,0.0
:1281884285_1,0.0,11.664000000000001,0.0,0.0
:1281884307_0,0.0,11.664000000000001,0.0,0.0
:1281884307_1,0.0,11.664000000000001,0.0,0.0
:1281884312_0,0.0,26.532000000000004,0.0,0.0
:1281884312_1,0.0,26.532000000000004,0.0,0.0
:1281884312_10,0.0,11.664000000000001,0.0,0.0
:1281884312_11,0.0,13.14,0.0,0.0
:1281884312_12,0.0,20.448000000000004,0.0,0.0
:1281884312_13,0.0,20.448000000000004,0.0,0.0
:1281884312_14,0.0,11.664000000000001,0.0,0.0
:1281884312_15,0.0,13.14,0.0,0.0
:1281884312_16,0.0,11.664000000000001,0.0,0.0
:1281884312_17,0.0,13.14,0.0,0.0
:1281884312_18,0.0,11.664000000000001,0.0,0.0
:1281884312_19,0.0,13.14,0.0,0.0
:1281884312_2,0.0,11.664000000000001,0.0,0.0
:1281884312_3,0.0,13.14,0.0,0.0
:1281884312_4,0.0,26.532000000000004,0.0,0.0
:1281884312_5,0.0,26.532000000000004,0.0,0.0
:1281884312_6,0.0,11.664000000000001,0.0,0.0
:1281884312_7,0.0,13.14,0.0,0.0
:1281884312_8,0.0,20.448000000000004,0.0,0.0
:1281884312_9,0.0,20.448000000000004,0.0,0.0
:1281884319_0,0.0,11.664000000000001,0.0,0.0
:1281884319_1,0.0,11.664000000000001,0.0,0.0
:1282446098_0,0.0,11.664000000000001,0.0,0.0
:1282446098_1,0.0,11.664000000000001,0.0,0.0
:1282446120_0,0.0,11.664000000000001,0.0,0.0
:1282446120_1,0.0,11.664000000000001,0.0,0.0
:1283735020_0,0.0,11.664000000000001,0.0,0.0
:1283735020_1,0.0,11.664000000000001,0.0,0.0
:1283735162_0,0.0,11.664000000000001,0.0,0.0
:1283735162_1,0.0,11.664000000000001,0.0,0.0
:1283735224_0,0.0,11.664000000000001,0.0,0.0
:1283735224_1,0.0,11.664000000000001,0.0,0.0
:1283735234_0,0.0,11.664000000000001,0.0,0.0
:1283735234_1,0.0,11.664000000000001,0.0,0.0
:1283735245_0,0.0,11.664000000000001,0.0,0.0
:1283735245_1,0.0,11.664000000000001,0.0,0.0
:1283735289_0,0.0,79.99199999999999,0.0,0.0
:1283735289_1,0.0,79.99199999999999,0.0,0.0
:1283735289_10,0.0,11.664000000000001,0.0,0.0
:1283735289_11,0.0,13.14,0.0,0.0
:1283735289_12,0.0,79.99199999999999,0.0,0.0
:1283735289_13,0.0,79.99199999999999,0.0,0.0
:1283735289_14,0.0,11.664000000000001,0.0,0.0
:1283735289_15,0.0,13.14,0.0,0.0
:1283735289_16,0.0,11.664000000000001,0.0,0.0
:1283735289_17,0.0,13.14,0.0,0.0
:1283735289_18,0.0,11.664000000000001,0.0,0.0
:1283735289_19,0.0,13.14,0.0,0.0
:1283735289_2,0.0,11.664000000000001,0.0,0.0
:1283735289_3,0.0,13.14,0.0,0.0
:1283735289_4,0.0,79.99199999999999,0.0,0.0
:1283735289_5,0.0,79.99199999999999,0.0,0.0
:1283735289_6,0.0,11.664000000000001,0.0,0.0
:1283735289_7,0.0,13.14,0.0,0.0
:1283735289_8,0.0,79.99199999999999,0.0,0.0
:1283735289_9,0.0,79.99199999999999,0.0,0.0
:1283735332_0,0.0,11.664000000000001,0.0,0.0
:1283735332_1,0.0,11.664000000000001,0.0,0.0
:1283735339_0,0.0,11.664000000000001,0.0,0.0
:1283735339_1,0.0,11.664000000000001,0.0,0.0
:1283735401_0,0.0,79.99199999999999,0.0,0.0
:1283735401_1,0.0,21.708000000000002,0.0,0.0
:1283735401_2,0.0,21.708000000000002,0.0,0.0
:1283735401_3,0.0,21.960000000000004,0.0,0.0
:1283735401_4,0.0,11.664000000000001,0.0,0.0
:1283735401_5,0.0,13.14,0.0,0.0
:1283735401_6,0.0,21.960000000000004,0.0,0.0
:1283735401_7,0.0,11.664000000000001,0.0,0.0
:1283735401_8,0.0,13.14,0.0,0.0
:1283776487_0,0.0,11.664000000000001,0.0,0.0
:1283776487_1,0.0,11.664000000000001,0.0,0.0
:1283776523_0,0.0,100.00800000000002,0.0,0.0
:1283776523_10,0.0,21.960000000000004,0.0,0.0
:1283776523_11,0.0,11.664000000000001,0.0,0.0
:1283776523_12,0.0,13.14,0.0,0.0
:1283776523_4,0.0,22.139999999999997,0.0,0.0
:1283776523_5,0.0,22.139999999999997,0.0,0.0
:1283776523_6,0.0,26.172000000000004,0.0,0.0
:1283776523_8,0.0,11.664000000000001,0.0,0.0
:1283776523_9,0.0,13.14,0.0,0.0
:1283776531_0,0.0,11.664000000000001,0.0,0.0
:1283776531_1,0.0,11.664000000000001,0.0,0.0
:1283776551_0,0.0,23.472,0.0,0.0
:1283776551_1,0.0,23.472,0.0,0.0
:1283776551_10,0.0,11.664000000000001,0.0,0.0
:1283776551_11,0.0,13.14,0.0,0.0
:1283776551_12,0.0,23.472,0.0,0.0
:1283776551_13,0.0,23.472,0.0,0.0
:1283776551_14,0.0,11.664000000000001,0.0,0.0
:1283776551_15,0.0,13.14,0.0,0.0
:1283776551_16,0.0,11.664000000000001,0.0,0.0
:1283776551_17,0.0,13.14,0.0,0.0
:1283776551_18,0.0,11.664000000000001,0.0,0.0
:1283776551_19,0.0,13.14,0.0,0.0
:1283776551_2,0.0,11.664000000000001,0.0,0.0
:1283776551_3,0.0,13.14,0.0,0.0
:1283776551_4,0.0,28.872000000000007,0.0,0.0
:1283776551_5,0.0,28.872000000000007,0.0,0.0
:1283776551_6,0.0,11.664000000000001,0.0,0.0
:1283776551_7,0.0,13.14,0.0,0.0
:1283776551_8,0.0,28.872000000000007,0.0,0.0
:1283776551_9,0.0,28.872000000000007,0.0,0.0
:1283776645_0,0.0,11.664000000000001,0.0,0.0
:1283776645_1,0.0,11.664000000000001,0.0,0.0
:1285338831_0,0.0,11.664000000000001,0.0,0.0
:1285338831_1,0.0,11.664000000000001,0.0,0.0
:1285908435_0,0.0,11.664000000000001,0.0,0.0
:1285908435_1,0.0,11.664000000000001,0.0,0.0
:1285908443_0,0.0,11.664000000000001,0.0,0.0
:1285908443_1,0.0,11.664000000000001,0.0,0.0
:1285908467_0,0.0,11.664000000000001,0.0,0.0
:1285908467_1,0.0,11.664000000000001,0.0,0.0
:1285908472_0,0.0,11.664000000000001,0.0,0.0
:1285908472_1,0.0,11.664000000000001,0.0,0.0
:1285908564_0,0.0,11.664000000000001,0.0,0.0
:1285908564_1,0.0,11.664000000000001,0.0,0.0
:1285908617_0,0.0,11.664000000000001,0.0,0.0
:1285908617_1,0.0,11.664000000000001,0.0,0.0
:1285915530_0,0.0,11.664000000000001,0.0,0.0
:1285915530_1,0.0,11.664000000000001,0.0,0.0
:1285915560_0,0.0,10.007999999999997,0.0,0.0
:1285915560_1,0.0,10.007999999999997,0.0,0.0
:1285915572_0,0.0,10.007999999999997,0.0,0.0
:1285915572_1,0.0,10.007999999999997,0.0,0.0
:1285915587_0,0.0,28.800000000000004,0.0,0.0
:1285915587_1,0.0,28.800000000000004,0.0,0.0
:1285915587_10,0.0,10.007999999999997,0.0,0.0
:1285915587_11,0.0,10.007999999999997,0.0,0.0
:1285915587_12,0.0,23.400000000000002,0.0,0.0
:1285915587_13,0.0,23.400000000000002,0.0,0.0
:1285915587_14,0.0,10.007999999999997,0.0,0.0
:1285915587_15,0.0,10.007999999999997,0.0,0.0
:1285915587_16,0.0,13.14,0.0,0.0
:1285915587_2,0.0,11.664000000000001,0.0,0.0
:1285915587_3,0.0,13.14,0.0,0.0
:1285915587_4,0.0,28.800000000000004,0.0,0.0
:1285915587_5,0.0,28.800000000000004,0.0,0.0
:1285915587_6,0.0,11.664000000000001,0.0,0.0
:1285915587_7,0.0,13.14,0.0,0.0
:1285915587_8,0.0,23.400000000000002,0.0,0.0
:1285915587_9,0.0,23.400000000000002,0.0,0.0
:1285915593_0,0.0,11.664000000000001,0.0,0.0
:1285915593_1,0.0,11.664000000000001,0.0,0.0
:1285915597_0,0.0,28.368000000000002,0.0,0.0
:1285915597_1,0.0,28.368000000000002,0.0,0.0
:1285915597_10,0.0,11.664000000000001,0.0,0.0
:1285915597_11,0.0,13.14,0.0,0.0
:1285915597_12,0.0,22.860000000000003,0.0,0.0
:1285915597_13,0.0,22.860000000000003,0.0,0.0
:1285915597_14,0.0,11.664000000000001,0.0,0.0
:1285915597_15,0.0,13.14,0.0,0.0
:1285915597_16,0.0,13.14,0.0,0.0
:1285915597_2,0.0,10.007999999999997,0.0,0.0
:1285915597_3,0.0,10.007999999999997,0.0,0.0
:1285915597_4,0.0,28.368000000000002,0.0,0.0
:1285915597_5,0.0,28.368000000000002,0.0,0.0
:1285915597_6,0.0,10.007999999999997,0.0,0.0
:1285915597_7,0.0,10.007999999999997,0.0,0.0
:1285915597_8,0.0,22.860000000000003,0.0,0.0
:1285915597_9,0.0,22.860000000000003,0.0,0.0
:1285915635_0,0.0,100.00800000000002,0.0,0.0
:1285915635_1,0.0,21.888,0.0,0.0
:1285915635_2,0.0,21.888,0.0,0.0
:1285915635_3,0.0,21.888,0.0,0.0
:1285915635_4,0.0,10.007999999999997,0.0,0.0
:1285915635_5,0.0,10.007999999999997,0.0,0.0
:1285915635_6,0.0,21.888,0.0,0.0
:1285915635_7,0.0,10.007999999999997,0.0,0.0
:1285915635_8,0.0,10.007999999999997,0.0,0.0
:12864925881_0,0.0,11.664000000000001,0.0,0.0
:12864925881_1,0.0,11.664000000000001,0.0,0.0
:12872938670_0,0.0,11.664000000000001,0.0,0.0
:12872938670_1,0.0,11.664000000000001,0.0,0.0
:12874896691_0,0.0,11.664000000000001,0.0,0.0
:12874896691_1,0.0,11.664000000000001,0.0,0.0
:1289308354_0,0.0,11.664000000000001,0.0,0.0
:1289308354_1,0.0,11.664000000000001,0.0,0.0
:1289308662_0,0.0,11.664000000000001,0.0,0.0
:1289308662_1,0.0,11.664000000000001,0.0,0.0
:12905641711_0,0.0,100.00800000000002,0.0,0.0
:12905641711_1,0.0,11.664000000000001,0.0,0.0
:12905641711_10,0.0,13.14,0.0,0.030887899868686924
:12905641711_2,0.0,13.14,0.0,0.0
:12905641711_3,0.0,100.00800000000002,0.0,0.0
:12905641711_4,0.0,11.664000000000001,0.0,0.0
:12905641711_5,0.0,13.14,0.0,0.0
:12905641711_6,0.0,45.36000000000001,0.0,0.0
:12905641711_7,0.0,100.00800000000002,0.0,0.0
:12905641711_8,0.0,100.00800000000002,0.0,0.0
:12905641711_9,0.0,11.664000000000001,0.0,0.0
:13062879351_0,0.0,11.664000000000001,0.0,0.0
:13062879351_1,0.0,11.664000000000001,0.0,0.0
:13062879352_0,0.0,50.00400000000001,0.0,0.0
:13062879352_1,0.0,50.00400000000001,0.0,0.0
:13062879352_10,0.0,11.664000000000001,0.0,0.0
:13062879352_11,0.0,13.14,0.0,0.0
:13062879352_12,0.0,50.00400000000001,0.0,0.0
:13062879352_13,0.0,50.00400000000001,0.0,0.0
:13062879352_14,0.0,11.664000000000001,0.0,0.0
:13062879352_15,0.0,13.14,0.0,0.0
:13062879352_16,0.0,11.664000000000001,0.0,0.0
:13062879352_17,0.0,13.14,0.0,0.0
:13062879352_18,0.0,11.664000000000001,0.0,0.0
:13062879352_19,0.0,13.14,0.0,0.0
:13062879352_2,0.0,11.664000000000001,0.0,0.0
:13062879352_3,0.0,13.14,0.0,0.0
:13062879352_4,0.0,50.00400000000001,0.0,0.0
:13062879352_5,0.0,50.00400000000001,0.0,0.0
:13062879352_6,0.0,11.664000000000001,0.0,0.0
:13062879352_7,0.0,13.14,0.0,0.0
:13062879352_8,0.0,50.00400000000001,0.0,0.0
:13062879352_9,0.0,50.00400000000001,0.0,0.0
:1309394255_0,0.0,11.664000000000001,0.0,0.0
:1309394255_1,0.0,11.664000000000001,0.0,0.0
:1309394281_0,0.0,23.544000000000004,0.0,0.0
:1309394281_1,0.0,23.544000000000004,0.0,0.0
:1309394281_2,0.0,100.00800000000002,0.0,0.0
:1309394281_3,0.0,23.436000000000003,0.0,0.0
:1309394281_4,0.0,11.664000000000001,0.0,0.0
:1309394281_5,0.0,13.14,0.0,0.0
:1309394281_6,0.0,23.436000000000003,0.0,0.0
:1309394281_7,0.0,11.664000000000001,0.0,0.0
:1309394281_8,0.0,13.14,0.0,0.0
:13179781513_0,0.0,11.664000000000001,0.0,0.0
:13179781513_1,0.0,11.664000000000001,0.0,0.0
:13290125042_0,0.0,11.664000000000001,0.0,0.0
:13290125042_1,0.0,11.664000000000001,0.0,0.0
:13298747727_0,0.0,11.664000000000001,0.0,0.0
:13298747727_1,0.0,11.664000000000001,0.0,0.0
:13300645526_0,0.0,13.032,0.0,0.0
:13300645526_1,0.0,13.032,0.0,0.0
:13319101808_0,0.0,11.664000000000001,0.0,0.0
:13319101808_1,0.0,11.664000000000001,0.0,0.0
:13460217826_0,0.0,39.995999999999995,0.0,0.0
:13460217826_10,0.0,39.995999999999995,0.0,0.0
:13460217826_12,0.0,39.995999999999995,0.0,0.0
:13460217826_13,0.0,11.664000000000001,0.0,0.0
:13460217826_14,0.0,13.14,0.0,0.0
:13460217826_15,0.0,39.995999999999995,0.0,0.0
:13460217826_17,0.0,39.995999999999995,0.0,0.0
:13460217826_18,0.0,11.664000000000001,0.0,0.0
:13460217826_19,0.0,13.14,0.0,0.0
:13460217826_2,0.0,39.995999999999995,0.0,0.0
:13460217826_3,0.0,11.664000000000001,0.0,0.0
:13460217826_4,0.0,13.14,0.0,0.0
:13460217826_5,0.0,39.995999999999995,0.0,0.0
:13460217826_7,0.0,39.995999999999995,0.0,0.0
:13460217826_8,0.0,11.664000000000001,0.0,0.0
:13460217826_9,0.0,13.14,0.0,0.0
:13619904153_0,0.0,39.995999999999995,0.0,0.0
:13619904153_1,0.0,21.852,0.0,0.0
:13619904153_2,0.0,21.852,0.0,0.0
:13619904153_3,0.0,22.032000000000004,0.0,0.0
:13619904153_4,0.0,10.007999999999997,0.0,0.0
:13619904153_5,0.0,10.007999999999997,0.0,0.0
:13619904153_6,0.0,22.032000000000004,0.0,0.0
:13619904153_7,0.0,10.007999999999997,0.0,0.0
:13619904153_8,0.0,10.007999999999997,0.0,0.0
:13658648954_0,0.0,11.664000000000001,0.0,0.0
:13658648954_1,0.0,11.664000000000001,0.0,0.0
:13658648959_0,0.0,11.664000000000001,0.0,0.0
:13658648959_1,0.0,11.664000000000001,0.0,0.0
:13797886361_0,0.0,22.932000000000006,0.0,0.0
:13797886361_1,0.0,11.664000000000001,0.0,0.0
:13797886361_2,0.0,13.14,0.0,0.0
:13797886361_3,0.0,22.932000000000006,0.0,0.0
:13797886361_4,0.0,11.664000000000001,0.0,0.0
:13797886361_5,0.0,13.14,0.0,0.0
:13797886361_6,0.0,98.60400000000001,0.0,0.0
:13797886361_7,0.0,22.5,0.0,0.0
:13797886361_8,0.0,22.5,0.0,0.0
:13797886362_0,0.0,78.87599999999999,0.0,0.0
:13797886362_1,0.0,19.764000000000006,0.0,0.0
:13848946994_0,0.0,11.664000000000001,0.0,0.0
:13848946994_1,0.0,11.664000000000001,0.0,0.0
:13921863106_0,0.0,11.664000000000001,0.0,0.0
:13921863106_1,0.0,11.664000000000001,0.0,0.0
:13945221710_0,0.0,11.664000000000001,0.0,0.0
:13945221710_1,0.0,11.664000000000001,0.0,0.0
:13974165574_0,0.0,11.664000000000001,0.0,0.0
:13974165574_1,0.1,11.432489261166147,0.0,0.035496692433441446
:13974165575_0,0.0,11.664000000000001,0.0,0.0
:13974165575_1,0.0,11.664000000000001,0.0,0.12205559024416957
:13974625509_0,0.0,32.76,0.0,0.0
:13974625509_1,0.0,11.664000000000001,0.0,0.0
:13974625509_2,0.0,13.14,0.0,0.0
:13974625509_3,0.0,26.928000000000004,0.0,0.0
:13974625509_4,0.0,70.02,0.0,0.0
:13974625509_5,0.0,70.02,0.0,0.0
:13974625509_6,0.0,32.76,0.0,0.0
:13974625509_7,0.0,11.664000000000001,0.0,0.0
:13974625509_8,0.0,13.14,0.0,0.0
:13974625509_9,0.0,13.14,0.0,0.0
:13974625515_0,0.0,11.664000000000001,0.0,0.0
:13974625515_1,0.0,13.14,0.0,0.0
:13974625515_2,0.0,11.664000000000001,0.0,0.0
:13974625515_3,0.0,13.14,0.0,0.0
:13974625515_4,0.0,19.656000000000002,0.0,0.0
:13974625515_5,0.0,19.656000000000002,0.0,0.0
:13974625520_0,0.0,14.256,0.0,0.0
:13977163698_0,0.0,100.00800000000002,0.0,0.0
:13977163698_1,0.0,22.284,0.0,0.0
:13977163698_2,0.0,22.284,0.0,0.0
:13977163698_3,0.0,21.744,0.0,0.0
:13977163698_4,0.0,10.007999999999997,0.0,0.0
:13977163698_5,0.0,10.007999999999997,0.0,0.0
:13977163698_6,0.0,21.744,0.0,0.0
:13977163698_7,0.0,10.007999999999997,0.0,0.0
:13977163698_8,0.0,10.007999999999997,0.0,0.0
:1487735628_0,0.0,100.00800000000002,0.0,0.0
:1487735628_1,0.0,70.02,0.0,0.0
:1487735629_0,0.0,39.995999999999995,0.0,0.0
:1487735629_1,0.0,39.995999999999995,0.0,0.0
:2015020725_0,0.0,39.995999999999995,0.0,0.0
:2015020725_2,0.0,70.02,0.0,0.0
:2015368322_0,0.0,39.995999999999995,0.0,0.0
:2015368322_2,0.0,26.297999999999995,0.0,0.0
:204145251#0-AddedOffRampNode_0,0.0,39.995999999999995,0.0,0.0
:2141600984_0,0.0,11.664000000000001,0.0,0.0
:2141600984_1,0.0,11.664000000000001,0.0,0.0
:2141600989_0,0.0,20.196,0.0,0.0
:2141600989_1,0.0,39.995999999999995,0.0,0.0
:2141600989_11,0.0,11.664000000000001,0.0,0.0
:2141600989_12,0.0,13.14,0.0,0.0
:2141600989_3,0.0,39.995999999999995,0.0,0.0
:2141600989_5,0.0,39.995999999999995,0.0,0.0
:2141600989_7,0.0,11.664000000000001,0.0,0.0
:2141600989_8,0.0,13.14,0.0,0.0
:2141600989_9,0.0,39.995999999999995,0.0,0.0
:2141600990_0,0.0,11.664000000000001,0.0,0.0
:2141600990_1,0.0,11.664000000000001,0.0,0.0
:2141601018_0,0.0,70.02,0.0,0.0
:2141601018_11,0.0,70.02,0.0,0.0
:2141601018_13,0.0,11.664000000000001,0.0,0.0
:2141601018_14,0.0,13.14,0.0,0.0
:2141601018_2,0.0,11.664000000000001,0.0,0.0
:2141601018_3,0.0,13.14,0.0,0.0
:2141601018_4,0.0,70.02,0.0,0.0
:2141601018_6,0.0,11.664000000000001,0.0,0.0
:2141601018_7,0.0,13.14,0.0,0.0
:2141601018_8,0.0,16.884000000000004,0.0,0.0
:2141601018_9,0.0,70.02,0.0,0.0
:2141601020_0,0.0,49.968,0.0,0.0
:2150484085_0,0.0,39.995999999999995,0.0,0.0
:2150484085_4,0.0,59.976,0.0,0.0
:2150488966_0,0.0,11.664000000000001,0.0,0.0
:2150488966_1,0.0,11.664000000000001,0.0,0.0
:2280413781_0,0.0,11.664000000000001,0.0,0.0
:2280413781_1,0.0,11.664000000000001,0.0,0.0
:2283710608_0,0.0,39.995999999999995,0.0,0.0
:2283710608_10,0.0,39.995999999999995,0.0,0.0
:2283710608_12,0.0,39.995999999999995,0.0,0.0
:2283710608_13,0.0,11.664000000000001,0.0,0.0
:2283710608_14,0.0,13.14,0.0,0.0
:2283710608_15,0.0,39.995999999999995,0.0,0.0
:2283710608_17,0.0,39.995999999999995,0.0,0.0
:2283710608_18,0.0,11.664000000000001,0.0,0.0
:2283710608_19,0.0,13.14,0.0,0.0
:2283710608_2,0.0,39.995999999999995,0.0,0.0
:2283710608_3,0.0,11.664000000000001,0.0,0.0
:2283710608_4,0.0,13.14,0.0,0.0
:2283710608_5,0.0,39.995999999999995,0.0,0.0
:2283710608_7,0.0,39.995999999999995,0.0,0.0
:2283710608_8,0.0,11.664000000000001,0.0,0.0
:2283710608_9,0.0,13.14,0.0,0.0
:2283710611_0,0.0,16.704000000000004,0.0,0.0
:2283710611_3,0.0,16.704000000000004,0.0,0.0
:2283710613_0,0.0,35.53199999999999,0.0,0.020317136748716363
:2283710613_1,0.0,14.418000000000003,0.0,0.0
:2283710613_10,0.0,39.995999999999995,0.0,0.0
:2283710613_11,0.0,59.976,0.0,0.0
:2283710613_14,0.0,59.976,0.0,0.0
:2283710613_17,0.0,32.07600000000001,0.0,0.0
:2283710613_18,0.0,13.14,0.0,0.0
:2283710613_3,0.0,13.14,0.0,0.0
:2283710613_4,0.0,35.53199999999999,0.0,0.0
:2283710613_5,0.0,14.418000000000003,0.0,0.0
:2283710613_7,0.0,13.14,0.0,0.0
:2283710613_8,0.0,21.096,0.0,0.0
:2283710613_9,0.0,21.096,0.0,0.0
:2283710621_0,0.0,70.02,0.0,0.0
:2283710623_0,0.0,70.02,0.0,0.0
:2813576231_0,0.0,28.800000000000004,0.0,0.0
:2813576231_1,0.0,28.800000000000004,0.0,0.0
:2813576231_10,0.0,11.664000000000001,0.0,0.0
:2813576231_11,0.0,13.14,0.0,0.0
:2813576231_12,0.0,23.436000000000003,0.0,0.0
:2813576231_13,0.0,23.436000000000003,0.0,0.0
:2813576231_14,0.0,11.664000000000001,0.0,0.0
:2813576231_15,0.0,13.14,0.0,0.0
:2813576231_16,0.0,11.664000000000001,0.0,0.0
:2813576231_17,0.0,13.14,0.0,0.0
:2813576231_18,0.0,11.664000000000001,0.0,0.0
:2813576231_19,0.0,13.14,0.0,0.0
:2813576231_2,0.0,11.664000000000001,0.0,0.0
:2813576231_3,0.0,13.14,0.0,0.0
:2813576231_4,0.0,28.800000000000004,0.0,0.0
:2813576231_5,0.0,28.800000000000004,0.0,0.0
:2813576231_6,0.0,11.664000000000001,0.0,0.0
:2813576231_7,0.0,13.14,0.0,0.0
:2813576231_8,0.0,23.436000000000003,0.0,0.0
:2813576231_9,0.0,23.436000000000003,0.0,0.0
:2813576232_0,0.0,11.664000000000001,0.0,0.0
:2813576232_1,0.0,11.664000000000001,0.0,0.0
:2813616590_0,0.0,11.664000000000001,0.0,0.0
:2813616590_1,0.0,11.664000000000001,0.0,0.0
:302476661_0,0.0,20.628000000000007,0.0,0.0
:302476661_1,0.0,70.02,0.0,0.0
:302476661_5,0.0,79.99199999999999,0.0,0.0
:302476661_6,0.0,24.804000000000002,0.0,0.0
:302476662_0,0.0,100.00800000000002,0.0,0.0
:302476662_10,0.0,21.744,0.0,0.0
:302476662_11,0.0,11.664000000000001,0.0,0.0
:302476662_12,0.0,13.14,0.0,0.0
:302476662_4,0.0,22.284,0.0,0.0
:302476662_5,0.0,22.284,0.0,0.0
:302476662_6,0.0,25.99200000000001,0.0,0.0
:302476662_8,0.0,11.664000000000001,0.0,0.0
:302476662_9,0.0,13.14,0.0,0.0
:302477392_0,0.0,25.884000000000007,0.0,0.0
:302477392_1,0.0,11.664000000000001,0.0,0.0
:302477392_2,0.0,13.14,0.0,0.0
:302477392_3,0.0,24.552,0.0,0.0
:302477392_4,0.0,24.552,0.0,0.0
:302477392_5,0.0,39.995999999999995,0.0,0.0
:302477392_7,0.0,22.896000000000004,0.0,0.0
:302477392_8,0.0,11.664000000000001,0.0,0.0
:302477392_9,0.0,13.14,0.0,0.0
:302477393_0,0.0,70.02,0.0,0.0
:302477393_2,0.0,37.404,0.0,0.0
:302477394_0,0.0,70.02,0.0,0.0
:302477394_1,0.0,22.464000000000002,0.0,0.0
:302477394_2,0.0,22.464000000000002,0.0,0.0
:302477394_3,0.0,21.599999999999998,0.0,0.0
:302477394_4,0.0,11.664000000000001,0.0,0.0
:302477394_5,0.0,13.14,0.0,0.0
:302477394_6,0.0,21.599999999999998,0.0,0.0
:302477394_7,0.0,11.664000000000001,0.0,0.0
:302477394_8,0.0,13.14,0.0,0.0
:302477396_0,0.0,20.843999999999998,0.0,0.0
:302477396_1,0.0,20.843999999999998,0.0,0.0
:302477396_10,0.0,39.995999999999995,0.0,0.0
:302477396_11,0.0,39.995999999999995,0.0,0.0
:302477396_12,0.0,28.872000000000007,0.0,0.0
:302477396_13,0.0,11.664000000000001,0.0,0.0
:302477396_14,0.0,13.14,0.0,0.0
:302477396_15,0.0,36.036,0.0,0.0
:302477396_16,0.0,39.995999999999995,0.0,0.0
:302477396_18,0.0,39.995999999999995,0.0,0.0
:302477396_2,0.0,39.995999999999995,0.0,0.0
:302477396_20,0.0,11.664000000000001,0.0,0.0
:302477396_21,0.0,13.14,0.0,0.0
:302477396_22,0.0,36.036,0.0,0.0
:302477396_23,0.0,39.995999999999995,0.0,0.0
:302477396_25,0.0,39.995999999999995,0.0,0.0
:302477396_27,0.0,11.664000000000001,0.0,0.0
:302477396_28,0.0,13.14,0.0,0.0
:302477396_3,0.0,39.995999999999995,0.0,0.0
:302477396_4,0.0,39.995999999999995,0.0,0.0
:302477396_5,0.0,39.995999999999995,0.0,0.0
:302477396_6,0.0,39.995999999999995,0.0,0.0
:302477396_7,0.0,28.872000000000007,0.0,0.0
:302477396_8,0.0,11.664000000000001,0.0,0.0
:302477396_9,0.0,13.14,0.0,0.0
:302478440_0,0.0,11.664000000000001,0.0,0.0
:302478440_1,0.0,11.664000000000001,0.0,0.0
:302478452_0,0.0,11.664000000000001,0.0,0.0
:302478452_1,0.0,11.664000000000001,0.0,0.0
:302478453_0,0.0,11.664000000000001,0.0,0.0
:302478453_1,0.0,11.664000000000001,0.0,0.0
:302478457_0,0.0,26.1,0.0,0.0
:302478457_1,0.0,11.664000000000001,0.0,0.0
:302478457_2,0.0,13.14,0.0,0.0
:302478457_3,0.0,22.428,0.0,0.0
:302478457_4,0.0,22.428,0.0,0.0
:302478457_5,0.0,39.995999999999995,0.0,0.0
:302478457_6,0.0,26.1,0.0,0.0
:302478457_7,0.0,11.664000000000001,0.0,0.0
:302478457_8,0.0,13.14,0.0,0.0
:302478462_0,0.0,11.664000000000001,0.0,0.0
:302478462_1,0.0,11.664000000000001,0.0,0.0
:302478473_0,0.0,24.408000000000005,0.0,0.0
:302478473_1,0.0,70.02,0.0,0.0
:302478473_10,0.0,70.02,0.0,0.0
:302478473_11,0.0,70.02,0.0,0.0
:302478473_12,0.0,25.343999999999998,0.0,0.0
:302478473_13,0.0,11.664000000000001,0.0,0.0
:302478473_14,0.0,13.14,0.0,0.0
:302478473_15,0.0,70.02,0.0,0.0
:302478473_16,0.0,70.02,0.0,0.0
:302478473_17,0.0,25.343999999999998,0.0,0.0
:302478473_18,0.0,11.664000000000001,0.0,0.0
:302478473_19,0.0,13.14,0.0,0.0
:302478473_2,0.0,70.02,0.0,0.0
:302478473_20,0.0,24.408000000000005,0.0,0.0
:302478473_21,0.0,70.02,0.0,0.0
:302478473_22,0.0,70.02,0.0,0.0
:302478473_23,0.0,11.664000000000001,0.0,0.0
:302478473_24,0.0,13.14,0.0,0.0
:302478473_25,0.0,13.14,0.0,0.0
:302478473_3,0.0,11.664000000000001,0.0,0.0
:302478473_4,0.0,13.14,0.0,0.0
:302478473_5,0.0,23.615999999999996,0.0,0.0
:302478473_6,0.0,23.615999999999996,0.0,0.0
:302478473_7,0.0,39.995999999999995,0.0,0.0
:302478473_8,0.0,25.776000000000003,0.0,0.0
:302478473_9,0.0,25.776000000000003,0.0,0.0
:302479299_0,0.0,39.995999999999995,0.0,0.0
:302479299_4,0.0,59.976,0.0,0.0
:3638322293_0,0.0,10.007999999999997,0.0,0.0
:3638322293_1,0.0,10.007999999999997,0.0,0.0
:3638322499_0,0.0,10.007999999999997,0.0,0.0
:3638322499_1,0.0,10.007999999999997,0.0,0.0
:3638484914_0,0.0,20.843999999999998,0.0,0.0
:3638484914_1,0.0,11.664000000000001,0.0,0.0
:3638484914_2,0.0,13.14,0.0,0.0
:3638484914_3,0.0,39.995999999999995,0.0,0.0
:3638484914_5,0.0,29.124000000000002,0.0,0.0
:3638484914_6,0.0,29.124000000000002,0.0,0.0
:3638484914_7,0.0,20.843999999999998,0.0,0.0
:3638484914_8,0.0,11.664000000000001,0.0,0.0
:3638484914_9,0.0,13.14,0.0,0.0
:3638486732_0,0.0,10.007999999999997,0.0,0.0
:3638486732_1,0.0,10.007999999999997,0.0,0.0
:3638679504_0,0.0,11.664000000000001,0.0,0.0
:3638679504_1,0.0,11.664000000000001,0.0,0.0
:3638680431_0,0.0,11.664000000000001,0.0,0.0
:3638680431_1,0.0,11.664000000000001,0.0,0.0
:3639025674_0,0.0,11.664000000000001,0.0,0.0
:3639025674_1,0.0,11.664000000000001,0.0,0.0
:3639026640_0,0.0,11.664000000000001,0.0,0.0
:3639026640_1,0.0,11.664000000000001,0.0,0.0
:3640244997_0,0.0,10.007999999999997,0.0,0.0
:3640244997_1,0.0,10.007999999999997,0.0,0.0
:3640307229_0,0.0,11.664000000000001,0.0,0.0
:3640307229_1,0.0,11.664000000000001,0.0,0.0
:3640578079_0,0.0,10.007999999999997,0.0,0.0
:3640578079_1,0.0,10.007999999999997,0.0,0.0
:3640631207_0,0.0,10.007999999999997,0.0,0.0
:3640631207_1,0.0,10.007999999999997,0.0,0.0
:3641859387_0,0.0,11.664000000000001,0.0,0.0
:3641859387_1,0.0,11.664000000000001,0.0,0.0
:3641934878_0,0.0,11.664000000000001,0.0,0.0
:3641934878_1,0.0,11.664000000000001,0.0,0.0
:3642033206_0,0.0,11.664000000000001,0.0,0.0
:3642033206_1,0.0,11.664000000000001,0.0,0.0
:3642341907_0,0.0,10.007999999999997,0.0,0.0
:3642341907_1,0.0,10.007999999999997,0.0,0.0
:3644281256_0,0.0,11.664000000000001,0.0,0.0
:3644281256_1,0.0,11.664000000000001,0.0,0.0
:3648402337_0,0.0,11.664000000000001,0.0,0.0
:3648402337_1,0.0,11.664000000000001,0.0,0.0
:3648402342_0,0.0,11.664000000000001,0.0,0.0
:3648402342_1,0.0,11.664000000000001,0.0,0.0
:3648402351_0,0.0,11.664000000000001,0.0,0.0
:3648402351_1,0.0,11.664000000000001,0.0,0.0
:3670043849_0,0.0,10.007999999999997,0.0,0.0
:3670043849_1,0.0,10.007999999999997,0.0,0.0
:3670248082_0,0.0,11.664000000000001,0.0,0.11012041224606187
:3670248082_1,0.0,11.664000000000001,0.0,0.0
:3671350738_0,0.0,11.664000000000001,0.0,0.0
:3671350738_1,0.0,11.664000000000001,0.0,0.0
:3671350744_0,0.0,11.664000000000001,0.0,0.0
:3671350744_1,0.0,11.664000000000001,0.0,0.0
:3671544416_0,0.0,11.664000000000001,0.0,0.0
:3671544416_1,0.0,11.664000000000001,0.0,0.0
:3671556325_0,0.0,10.007999999999997,0.0,0.0
:3671556325_1,0.0,10.007999999999997,0.0,0.0
:3671779366_0,0.0,11.664000000000001,0.0,0.0
:3671779366_1,0.0,11.664000000000001,0.0,0.0
:3672817910_0,0.0,10.007999999999997,0.0,0.0
:3672817910_1,0.0,10.007999999999997,0.0,0.0
:3678382112_0,0.0,11.664000000000001,0.0,0.0
:3678382112_1,0.0,11.664000000000001,0.0,0.0
:3681695535_0,0.0,10.007999999999997,0.0,0.0
:3681695535_1,0.0,10.007999999999997,0.0,0.0
:3876477425_0,0.0,11.664000000000001,0.0,0.0
:3876477425_1,0.0,13.14,0.0,0.0
:3876477425_2,0.0,11.664000000000001,0.0,0.0
:3876477425_3,0.0,13.14,0.0,0.0
:3876477425_4,0.0,23.544000000000004,0.0,0.0
:3876477425_5,0.0,23.544000000000004,0.0,0.0
:3876477426_0,0.0,39.995999999999995,0.0,0.0
:3876477426_1,0.0,39.995999999999995,0.0,0.0
:3876477459_0,0.0,11.664000000000001,0.0,0.0
:3876477459_1,0.0,11.664000000000001,0.0,0.0
:429364844_0,0.0,57.528000000000006,0.0,0.0
:429364844_1,0.0,32.040000000000006,0.0,0.0
:429364849_0,0.0,100.00800000000002,0.0,0.0
:429364849_1,0.0,21.563999999999997,0.0,0.0
:429364863_0,0.0,11.664000000000001,0.0,0.0
:429364863_1,0.0,11.664000000000001,0.0,0.0
:4375726330_0,0.0,20.663999999999998,0.0,0.0
:4375726330_1,0.0,20.663999999999998,0.0,0.0
:4375726330_11,0.0,11.664000000000001,0.0,0.0
:4375726330_12,0.0,13.14,0.0,0.0
:4375726330_2,0.0,39.995999999999995,0.0,0.0
:4375726330_6,0.0,18.612,0.0,0.0
:4375726330_7,0.0,11.664000000000001,0.0,0.0
:4375726330_8,0.0,13.14,0.0,0.0
:4375726330_9,0.0,22.841999999999995,0.0,0.0
:4462348343_0,0.0,50.00400000000001,0.0,0.0
:4462348343_1,0.0,50.00400000000001,0.0,0.0
:4462348343_10,0.0,11.664000000000001,0.0,0.0
:4462348343_11,0.0,13.14,0.0,0.0
:4462348343_12,0.0,50.00400000000001,0.0,0.0
:4462348343_13,0.0,50.00400000000001,0.0,0.0
:4462348343_14,0.0,11.664000000000001,0.0,0.0
:4462348343_15,0.0,13.14,0.0,0.0
:4462348343_16,0.0,11.664000000000001,0.0,0.0
:4462348343_17,0.0,13.14,0.0,0.0
:4462348343_18,0.0,11.664000000000001,0.0,0.0
:4462348343_19,0.0,13.14,0.0,0.0
:4462348343_2,0.0,11.664000000000001,0.0,0.0
:4462348343_3,0.0,13.14,0.0,0.0
:4462348343_4,0.0,50.00400000000001,0.0,0.0
:4462348343_5,0.0,50.00400000000001,0.0,0.0
:4462348343_6,0.0,11.664000000000001,0.0,0.0
:4462348343_7,0.0,13.14,0.0,0.0
:4462348343_8,0.0,50.00400000000001,0.0,0.0
:4462348343_9,0.0,50.00400000000001,0.0,0.0
:4588604654_0,0.1,11.662426218218583,0.0,0.050556693499070327
:4588604654_1,0.0,11.664000000000001,0.0,0.0
:4682730141_0,0.0,27.863999999999997,0.0,0.0
:4682730141_1,0.0,11.664000000000001,0.0,0.0
:4682730141_2,0.0,13.14,0.0,0.0
:4682730141_3,0.0,21.024,0.0,0.0
:4682730141_4,0.0,21.024,0.0,0.0
:4682730141_5,0.0,39.995999999999995,0.0,0.0
:4682730141_7,0.0,24.984000000000005,0.0,0.0
:4682730141_8,0.0,11.664000000000001,0.0,0.0
:4682730141_9,0.0,13.14,0.0,0.0
:4682730142_0,0.0,11.664000000000001,0.0,0.0
:4682730142_1,0.0,11.664000000000001,0.0,0.0
:4682730147_0,0.0,19.656000000000002,0.0,0.0
:4682730147_1,0.0,19.656000000000002,0.0,0.0
:4682730147_10,0.0,11.664000000000001,0.0,0.0
:4682730147_11,0.0,13.14,0.0,0.0
:4682730147_12,0.0,19.656000000000002,0.0,0.0
:4682730147_13,0.0,19.656000000000002,0.0,0.0
:4682730147_14,0.0,11.664000000000001,0.0,0.0
:4682730147_15,0.0,13.14,0.0,0.0
:4682730147_16,0.0,13.14,0.0,0.0
:4682730147_2,0.0,11.664000000000001,0.0,0.0
:4682730147_3,0.0,13.14,0.0,0.0
:4682730147_4,0.0,27.18,0.0,0.0
:4682730147_5,0.0,27.18,0.0,0.0
:4682730147_6,0.0,11.664000000000001,0.0,0.0
:4682730147_7,0.0,13.14,0.0,0.0
:4682730147_8,0.0,27.18,0.0,0.0
:4682730147_9,0.0,27.18,0.0,0.0
:4682731640_0,0.0,39.995999999999995,0.0,0.0
:4682731640_1,0.0,11.664000000000001,0.0,0.0
:4682731640_2,0.0,13.14,0.0,0.0
:4682731640_3,0.0,19.728000000000005,0.0,0.0
:4682731640_4,0.0,19.728000000000005,0.0,0.0
:4682731640_5,0.0,39.995999999999995,0.0,0.0
:4682731640_7,0.0,39.995999999999995,0.0,0.0
:4682731640_8,0.0,11.664000000000001,0.0,0.0
:4682731640_9,0.0,13.14,0.0,0.0
:4682731718_0,0.0,32.76,0.0,0.0
:4682731718_1,0.0,11.664000000000001,0.0,0.0
:4682731718_2,0.0,13.14,0.0,0.0
:4682731718_3,0.0,20.916,0.0,0.0
:4682731718_4,0.0,20.916,0.0,0.0
:4682731718_5,0.0,39.995999999999995,0.0,0.0
:4682731718_7,0.0,30.095999999999997,0.0,0.0
:4682731718_8,0.0,11.664000000000001,0.0,0.0
:4682731718_9,0.0,13.14,0.0,0.0
:4682731719_0,0.0,11.664000000000001,0.0,0.0
:4682731719_1,0.0,11.664000000000001,0.0,0.0
:4682738194_0,0.0,11.664000000000001,0.0,0.0
:4682738194_1,0.0,11.664000000000001,0.0,0.0
:4682738196_0,0.0,21.384000000000004,0.0,0.0
:4682738196_1,0.0,39.995999999999995,0.0,0.0
:4682739223_0,0.0,11.664000000000001,0.0,0.0
:4682739223_1,0.0,11.664000000000001,0.0,0.0
:4682739227_0,0.0,11.664000000000001,0.0,0.0
:4682739227_1,0.0,11.664000000000001,0.0,0.0
:4682739228_0,0.0,11.664000000000001,0.0,0.0
:4682739228_1,0.0,11.664000000000001,0.0,0.0
:4682739229_0,0.0,11.664000000000001,0.0,0.0
:4682739229_1,0.0,11.664000000000001,0.0,0.0
:52152282#1-AddedOffRampNode_0,0.0,39.995999999999995,0.0,0.0
:5226017251_0,0.0,10.007999999999997,0.0,0.0
:5226017251_1,0.0,10.007999999999997,0.0,0.0
:5226017257_0,0.0,10.007999999999997,0.0,0.0
:5226017257_1,0.0,10.007999999999997,0.0,0.0
:5226017257_10,0.0,10.007999999999997,0.0,0.0
:5226017257_11,0.0,10.007999999999997,0.0,0.0
:5226017257_12,0.0,10.007999999999997,0.0,0.0
:5226017257_13,0.0,10.007999999999997,0.0,0.0
:5226017257_14,0.0,10.007999999999997,0.0,0.0
:5226017257_15,0.0,10.007999999999997,0.0,0.0
:5226017257_2,0.0,10.007999999999997,0.0,0.0
:5226017257_3,0.0,10.007999999999997,0.0,0.0
:5226017257_4,0.0,10.007999999999997,0.0,0.0
:5226017257_5,0.0,10.007999999999997,0.0,0.0
:5226017257_6,0.0,10.007999999999997,0.0,0.0
:5226017257_7,0.0,10.007999999999997,0.0,0.0
:5226017257_8,0.0,10.007999999999997,0.0,0.0
:5226017257_9,0.0,10.007999999999997,0.0,0.0
:5226034415_0,0.0,10.007999999999997,0.0,0.0
:5226034415_1,0.0,10.007999999999997,0.0,0.0
:5226034420_0,0.0,11.664000000000001,0.0,0.0
:5226034420_1,0.0,11.664000000000001,0.0,0.0
:5424222002_0,0.0,100.00800000000002,0.0,0.0
:5424222002_1,0.0,22.068000000000005,0.0,0.0
:5424222002_2,0.0,22.068000000000005,0.0,0.0
:5424222002_3,0.0,21.996000000000006,0.0,0.0
:5424222002_4,0.0,11.664000000000001,0.0,0.0
:5424222002_5,0.0,13.14,0.0,0.0
:5424222002_6,0.0,21.996000000000006,0.0,0.0
:5424222002_7,0.0,11.664000000000001,0.0,0.0
:5424222002_8,0.0,13.14,0.0,0.0
:5428015574_0,0.0,36.036,0.0,0.0
:5428015574_1,0.0,39.995999999999995,0.0,0.0
:5428015574_2,0.0,39.995999999999995,0.0,0.0
:5428054336_0,0.0,100.00800000000002,0.0,0.0
:5428054336_1,0.0,22.211999999999996,0.0,0.0
:5429017618_0,0.0,24.840000000000003,0.0,0.0
:5429017618_2,0.0,70.02,0.0,0.0
:5429017618_3,0.0,39.995999999999995,0.0,0.0
:5429018326_0,0.0,21.924000000000003,0.0,0.0
:5429018326_1,0.0,11.664000000000001,0.0,0.0
:5429018326_2,0.0,13.14,0.0,0.0
:5429018326_3,0.0,21.924000000000003,0.0,0.0
:5429018326_4,0.0,11.664000000000001,0.0,0.0
:5429018326_5,0.0,13.14,0.0,0.0
:5429018326_6,0.0,39.995999999999995,0.0,0.0
:5429018326_8,0.0,21.996000000000006,0.0,0.0
:5429018326_9,0.0,21.996000000000006,0.0,0.0
:6083926873_0,0.0,39.995999999999995,0.0,0.0
:6083926873_1,0.0,39.995999999999995,0.0,0.0
:6083926879_0,0.0,19.872000000000003,0.0,0.0
:6083926879_1,0.0,39.995999999999995,0.0,0.0
:6083926879_2,0.0,39.995999999999995,0.0,0.0
:6083926879_3,0.0,19.943999999999996,0.0,0.0
:6083935037_0,0.0,39.995999999999995,0.0,0.0
:6083935037_1,0.0,70.02,0.0,0.0
:6083935052_0,0.0,70.02,0.0,0.0
:6083935052_1,0.0,39.995999999999995,0.0,0.0
:6083977678_0,0.0,35.495999999999995,0.0,0.0
:6083977678_1,0.0,23.723999999999997,0.0,0.0
:6083977679_0,0.0,21.924000000000003,0.0,0.0
:6083977679_1,0.0,38.01600000000001,0.0,0.0
:6083977680_0,0.0,39.995999999999995,0.0,0.0
:6083977680_1,0.0,12.924000000000003,0.0,0.0
:6083983188_0,0.0,39.204,0.0,0.0
:6083983188_1,0.0,21.888,0.0,0.0
:6083983193_0,0.0,41.471999999999994,0.0,0.0
:6083983193_1,0.0,46.08,0.0,0.0
:6083983203_0,0.0,21.024,0.0,0.0
:6083983203_1,0.0,100.00800000000002,0.0,0.0
:6084044828_0,0.0,100.00800000000002,0.0,0.0
:6084044828_2,0.0,59.11200000000001,0.0,0.0
:6148940998_0,0.0,21.240000000000006,0.0,0.0
:6148940998_1,0.0,100.00800000000002,0.0,0.0
:6148940998_3,0.0,39.995999999999995,0.0,0.0
:6148940998_4,0.0,21.563999999999997,0.0,0.0
:6148941000_0,0.0,25.128000000000007,0.0,0.0
:6148941000_1,0.0,25.128000000000007,0.0,0.0
:6148941000_10,0.0,13.14,0.0,0.0
:6148941000_11,0.0,39.995999999999995,0.0,0.0
:6148941000_12,0.0,39.995999999999995,0.0,0.0
:6148941000_13,0.0,27.396000000000008,0.0,0.0
:6148941000_14,0.0,11.664000000000001,0.0,0.0
:6148941000_15,0.0,13.14,0.0,0.0
:6148941000_16,0.0,22.608,0.0,0.0
:6148941000_17,0.0,39.995999999999995,0.0,0.0
:6148941000_18,0.0,39.995999999999995,0.0,0.0
:6148941000_19,0.0,11.664000000000001,0.0,0.0
:6148941000_2,0.0,100.00800000000002,0.0,0.0
:6148941000_20,0.0,13.14,0.0,0.0
:6148941000_21,0.0,22.608,0.0,0.0
:6148941000_22,0.0,39.995999999999995,0.0,0.0
:6148941000_23,0.0,39.995999999999995,0.0,0.0
:6148941000_24,0.0,11.664000000000001,0.0,0.0
:6148941000_25,0.0,13.14,0.0,0.0
:6148941000_4,0.0,26.208000000000006,0.0,0.0
:6148941000_5,0.0,26.208000000000006,0.0,0.0
:6148941000_6,0.0,39.995999999999995,0.0,0.0
:6148941000_7,0.0,39.995999999999995,0.0,0.0
:6148941000_8,0.0,27.396000000000008,0.0,0.0
:6148941000_9,0.0,11.664000000000001,0.0,0.0
:6152929178_0,0.0,70.02,0.0,0.0
:6152929178_1,0.0,24.768,0.0,0.0
:6152999609_0,0.0,11.664000000000001,0.0,0.0
:6152999609_1,0.0,11.664000000000001,0.0,0.0
:6152999610_0,0.0,25.668,0.0,0.0
:6152999610_1,0.0,25.668,0.0,0.0
:6152999610_10,0.0,11.664000000000001,0.0,0.0
:6152999610_11,0.0,13.14,0.0,0.0
:6152999610_12,0.0,19.656000000000002,0.0,0.0
:6152999610_13,0.0,19.656000000000002,0.0,0.0
:6152999610_14,0.0,11.664000000000001,0.0,0.0
:6152999610_15,0.0,13.14,0.0,0.0
:6152999610_16,0.0,11.664000000000001,0.0,0.0
:6152999610_17,0.0,13.14,0.0,0.0
:6152999610_18,0.0,11.664000000000001,0.0,0.0
:6152999610_19,0.0,13.14,0.0,0.0
:6152999610_2,0.0,11.664000000000001,0.0,0.0
:6152999610_3,0.0,13.14,0.0,0.0
:6152999610_4,0.0,25.668,0.0,0.0
:6152999610_5,0.0,25.668,0.0,0.0
:6152999610_6,0.0,11.664000000000001,0.0,0.0
:6152999610_7,0.0,13.14,0.0,0.0
:6152999610_8,0.0,19.656000000000002,0.0,0.0
:6152999610_9,0.0,19.656000000000002,0.0,0.0
:6153014172_0,0.0,23.112,0.0,0.0
:6153014172_1,0.0,23.112,0.0,0.0
:6153014172_2,0.0,11.664000000000001,0.0,0.0
:6153014172_3,0.0,13.14,0.0,0.0
:6153014172_4,0.0,11.664000000000001,0.0,0.0
:6153014172_5,0.0,13.14,0.0,0.0
:6153014173_0,0.0,23.436000000000003,0.0,0.0
:6153014173_1,0.0,11.664000000000001,0.0,0.0
:6153014173_2,0.0,13.14,0.0,0.0
:6153014173_3,0.0,26.387999999999998,0.0,0.0
:6153014173_4,0.0,11.664000000000001,0.0,0.0
:6153014173_5,0.0,13.14,0.0,0.0
:6153014173_6,0.0,13.14,0.0,0.0
:6158050615_0,0.0,11.664000000000001,0.0,0.0
:6158050615_1,0.0,11.664000000000001,0.0,0.0
:6158050616_0,0.0,11.664000000000001,0.0,0.0
:6158050616_1,0.0,11.664000000000001,0.0,0.0
:6173706992_0,0.0,14.651999999999997,0.0,0.0
:638354065_0,0.0,25.991999999999997,0.0,0.0
:638354065_1,0.0,11.664000000000001,0.0,0.0
:638354065_2,0.0,13.14,0.0,0.0
:638354065_3,0.0,24.984000000000005,0.0,0.0
:638354065_4,0.0,24.984000000000005,0.0,0.0
:638354065_5,0.0,39.995999999999995,0.0,0.0
:638354065_7,0.0,23.04,0.0,0.0
:638354065_8,0.0,11.664000000000001,0.0,0.0
:638354065_9,0.0,13.14,0.0,0.0
:638354074_0,0.0,24.264000000000006,0.0,0.0
:638354074_1,0.0,24.264000000000006,0.0,0.0
:638354074_10,0.0,11.664000000000001,0.0,0.0
:638354074_11,0.0,13.14,0.0,0.0
:638354074_12,0.0,24.264000000000006,0.0,0.0
:638354074_13,0.0,24.264000000000006,0.0,0.0
:638354074_14,0.0,11.664000000000001,0.0,0.0
:638354074_15,0.0,13.14,0.0,0.0
:638354074_16,0.0,11.664000000000001,0.0,0.0
:638354074_17,0.0,13.14,0.0,0.0
:638354074_18,0.0,11.664000000000001,0.0,0.0
:638354074_19,0.0,13.14,0.0,0.0
:638354074_2,0.0,11.664000000000001,0.0,0.0
:638354074_3,0.0,13.14,0.0,0.0
:638354074_4,0.0,29.880000000000003,0.0,0.0
:638354074_5,0.0,29.880000000000003,0.0,0.0
:638354074_6,0.0,11.664000000000001,0.0,0.0
:638354074_7,0.0,13.14,0.0,0.0
:638354074_8,0.0,29.880000000000003,0.0,0.0
:638354074_9,0.0,29.880000000000003,0.0,0.0
:6464193579_0,0.0,30.024,0.0,0.0
:6464193579_1,0.0,30.024,0.0,0.0
:6464193579_10,0.0,10.007999999999997,0.0,0.0
:6464193579_11,0.0,10.007999999999997,0.0,0.0
:6464193579_12,0.0,30.024,0.0,0.0
:6464193579_13,0.0,30.024,0.0,0.0
:6464193579_14,0.0,10.007999999999997,0.0,0.0
:6464193579_15,0.0,10.007999999999997,0.0,0.0
:6464193579_16,0.0,13.14,0.0,0.0
:6464193579_2,0.0,11.664000000000001,0.0,0.0
:6464193579_3,0.0,13.14,0.0,0.0
:6464193579_4,0.0,30.024,0.0,0.0
:6464193579_5,0.0,30.024,0.0,0.0
:6464193579_6,0.0,11.664000000000001,0.0,0.0
:6464193579_7,0.0,13.14,0.0,0.0
:6464193579_8,0.0,30.024,0.0,0.0
:6464193579_9,0.0,30.024,0.0,0.0
:6464522799_0,0.0,11.664000000000001,0.0,0.0
:6464522799_1,0.0,11.664000000000001,0.0,0.0
:6464522800_0,0.0,11.664000000000001,0.0,0.0
:6464522800_1,0.0,11.664000000000001,0.0,0.0
:6464591263_0,0.0,11.664000000000001,0.0,0.0
:6464591263_1,0.0,11.664000000000001,0.0,0.0
:6465103068_0,0.0,11.664000000000001,0.0,0.0
:6465103068_1,0.0,11.664000000000001,0.0,0.0
:6465176221_0,0.0,11.664000000000001,0.0,0.0
:6465176221_1,0.0,11.664000000000001,0.0,0.0
:6465176225_0,0.0,11.664000000000001,0.0,0.0
:6465176225_1,0.0,11.664000000000001,0.0,0.0
:6465176226_0,0.0,11.664000000000001,0.0,0.0
:6465176226_1,0.0,11.664000000000001,0.0,0.0
:6465292662_0,0.0,11.664000000000001,0.0,0.0
:6465292662_1,0.0,11.664000000000001,0.0,0.0
:6465379786_0,0.0,11.664000000000001,0.0,0.0
:6465379786_1,0.0,11.664000000000001,0.0,0.0
:6465379787_0,0.0,90.0,0.0,0.0
:6465379787_1,0.0,11.664000000000001,0.0,0.0
:6465379787_2,0.0,13.14,0.0,0.0
:6465379787_3,0.0,90.0,0.0,0.0
:6465379787_4,0.0,11.664000000000001,0.0,0.0
:6465379787_5,0.0,13.14,0.0,0.0
:6465379787_6,0.0,20.484000000000005,0.0,0.0
:6465379787_7,0.0,20.484000000000005,0.0,0.0
:6465379787_8,0.0,79.99199999999999,0.0,0.0
:6468889780_0,0.0,11.664000000000001,0.0,0.0
:6468889780_1,0.0,11.664000000000001,0.0,0.0
:6469377685_0,0.0,11.664000000000001,0.0,0.0
:6469377685_1,0.0,11.664000000000001,0.0,0.0
:6469377686_0,0.0,11.664000000000001,0.0,0.0
:6469377686_1,0.0,11.664000000000001,0.0,0.0
:6469564794_0,0.0,11.664000000000001,0.0,0.0
:6469564794_1,0.0,11.664000000000001,0.0,0.0
:6469564795_0,0.0,11.664000000000001,0.0,0.0
:6469564795_1,0.0,11.664000000000001,0.0,0.0
:6469975646_0,0.0,23.723999999999997,0.0,0.0
:6469975646_1,0.0,11.664000000000001,0.0,0.0
:6469975646_2,0.0,13.14,0.0,0.0
:6469975646_3,0.0,26.639999999999993,0.0,0.0
:6469975646_4,0.0,11.664000000000001,0.0,0.0
:6469975646_5,0.0,13.14,0.0,0.0
:6469975646_6,0.0,22.860000000000003,0.0,0.0
:6469975646_7,0.0,22.860000000000003,0.0,0.0
:6469975646_8,0.0,39.995999999999995,0.0,0.0
:6470135654_0,0.0,11.664000000000001,0.0,0.0
:6470135654_1,0.0,11.664000000000001,0.0,0.0
:6470135655_0,0.0,11.664000000000001,0.0,0.0
:6470135655_1,0.0,11.664000000000001,0.0,0.0
:647925184#0-AddedOffRampNode_0,0.0,39.995999999999995,0.0,0.0
:6508547961_0,0.0,11.664000000000001,0.0,0.0
:6508547961_1,0.0,11.664000000000001,0.0,0.0
:6508547962_0,0.0,11.664000000000001,0.0,0.0
:6508547962_1,0.0,11.664000000000001,0.0,0.0
:6508726662_0,0.0,23.472,0.0,0.0
:6508726662_1,0.0,39.995999999999995,0.0,0.0
:6508726663_0,0.0,14.039999999999996,0.0,0.0
:6508737683_0,0.0,11.664000000000001,0.0,0.0
:6508737683_1,0.0,11.664000000000001,0.0,0.0
:6508737684_0,0.0,11.664000000000001,0.0,0.0
:6508737684_1,0.0,11.664000000000001,0.0,0.0
:6508781444_0,0.0,11.664000000000001,0.0,0.0
:6508781444_1,0.0,11.664000000000001,0.0,0.0
:6509150310_0,0.0,79.99199999999999,0.0,0.0
:6509150310_1,0.0,79.99199999999999,0.0,0.0
:6509150310_10,0.0,11.664000000000001,0.0,0.0
:6509150310_11,0.0,13.14,0.0,0.0
:6509150310_12,0.0,79.99199999999999,0.0,0.0
:6509150310_13,0.0,79.99199999999999,0.0,0.0
:6509150310_14,0.0,11.664000000000001,0.0,0.0
:6509150310_15,0.0,13.14,0.0,0.0
:6509150310_16,0.0,11.664000000000001,0.0,0.0
:6509150310_17,0.0,13.14,0.0,0.0
:6509150310_18,0.0,11.664000000000001,0.0,0.0
:6509150310_19,0.0,13.14,0.0,0.0
:6509150310_2,0.0,11.664000000000001,0.0,0.0
:6509150310_3,0.0,13.14,0.0,0.0
:6509150310_4,0.0,79.99199999999999,0.0,0.0
:6509150310_5,0.0,79.99199999999999,0.0,0.0
:6509150310_6,0.0,11.664000000000001,0.0,0.0
:6509150310_7,0.0,13.14,0.0,0.0
:6509150310_8,0.0,79.99199999999999,0.0,0.0
:6509150310_9,0.0,79.99199999999999,0.0,0.0
:6510772148_0,0.0,26.351999999999997,0.0,0.0
:6510772148_1,0.0,11.664000000000001,0.0,0.0
:6510772148_2,0.0,13.14,0.0,0.0
:6510772148_3,0.0,22.139999999999997,0.0,0.0
:6510772148_4,0.0,22.139999999999997,0.0,0.0
:6510772148_5,0.0,100.00800000000002,0.0,0.0
:6510772148_6,0.0,26.351999999999997,0.0,0.0
:6510772148_7,0.0,11.664000000000001,0.0,0.0
:6510772148_8,0.0,13.14,0.0,0.0
:6544027820_0,0.0,50.00400000000001,0.0,0.0
:6544027820_1,0.0,50.00400000000001,0.0,0.0
:6544027820_10,0.0,11.664000000000001,0.0,0.0
:6544027820_11,0.0,13.14,0.0,0.0
:6544027820_12,0.0,50.00400000000001,0.0,0.0
:6544027820_13,0.0,50.00400000000001,0.0,0.0
:6544027820_14,0.0,11.664000000000001,0.0,0.0
:6544027820_15,0.0,13.14,0.0,0.0
:6544027820_16,0.0,11.664000000000001,0.0,0.0
:6544027820_17,0.0,13.14,0.0,0.0
:6544027820_18,0.0,11.664000000000001,0.0,0.0
:6544027820_19,0.0,13.14,0.0,0.0
:6544027820_2,0.0,11.664000000000001,0.0,0.0
:6544027820_3,0.0,13.14,0.0,0.0
:6544027820_4,0.0,50.00400000000001,0.0,0.0
:6544027820_5,0.0,50.00400000000001,0.0,0.0
:6544027820_6,0.0,11.664000000000001,0.0,0.0
:6544027820_7,0.0,13.14,0.0,0.0
:6544027820_8,0.0,50.00400000000001,0.0,0.0
:6544027820_9,0.0,50.00400000000001,0.0,0.0
:6544027821_0,0.0,23.364,0.0,0.0
:6544027821_1,0.0,23.364,0.0,0.0
:6544027821_10,0.0,11.664000000000001,0.0,0.0
:6544027821_11,0.0,13.14,0.0,0.0
:6544027821_12,0.0,28.764000000000003,0.0,0.0
:6544027821_13,0.0,28.764000000000003,0.0,0.0
:6544027821_14,0.0,11.664000000000001,0.0,0.0
:6544027821_15,0.0,13.14,0.0,0.0
:6544027821_16,0.0,11.664000000000001,0.0,0.0
:6544027821_17,0.0,13.14,0.0,0.0
:6544027821_18,0.0,11.664000000000001,0.0,0.0
:6544027821_19,0.0,13.14,0.0,0.0
:6544027821_2,0.0,11.664000000000001,0.0,0.0
:6544027821_3,0.0,13.14,0.0,0.0
:6544027821_4,0.0,23.364,0.0,0.0
:6544027821_5,0.0,23.364,0.0,0.0
:6544027821_6,0.0,11.664000000000001,0.0,0.0
:6544027821_7,0.0,13.14,0.0,0.0
:6544027821_8,0.0,28.764000000000003,0.0,0.0
:6544027821_9,0.0,28.764000000000003,0.0,0.0
:6544715978_0,0.0,39.995999999999995,0.0,0.0
:6544715978_1,0.0,22.536,0.0,0.0
:6544715978_2,0.0,22.536,0.0,0.0
:6544715978_3,0.0,21.672,0.0,0.0
:6544715978_4,0.0,11.664000000000001,0.0,0.0
:6544715978_5,0.0,13.14,0.0,0.0
:6544715978_6,0.0,21.672,0.0,0.0
:6544715978_7,0.0,11.664000000000001,0.0,0.0
:6544715978_8,0.0,13.14,0.0,0.0
:6544715979_0,0.0,39.995999999999995,0.0,0.0
:6544715979_1,0.0,22.896000000000004,0.0,0.0
:6544715979_2,0.0,19.548,0.0,0.0
:6544715979_3,0.0,39.995999999999995,0.0,0.0
:6544715984_0,0.0,39.995999999999995,0.0,0.0
:6544715984_1,0.0,23.148,0.0,0.0
:6544730092_0,0.0,22.355999999999998,0.0,0.0
:6544730092_1,0.0,11.664000000000001,0.0,0.0
:6544730092_10,0.0,39.995999999999995,0.0,0.0
:6544730092_11,0.0,22.355999999999998,0.0,0.0
:6544730092_12,0.0,11.664000000000001,0.0,0.0
:6544730092_13,0.0,13.14,0.0,0.0
:6544730092_14,0.0,13.14,0.0,0.0
:6544730092_2,0.0,13.14,0.0,0.0
:6544730092_3,0.0,23.328000000000003,0.0,0.0
:6544730092_4,0.0,23.328000000000003,0.0,0.0
:6544730092_5,0.0,39.995999999999995,0.0,0.0
:6544730092_6,0.0,27.0,0.0,0.0
:6544730092_8,0.0,27.972,0.0,0.0
:6544730093_0,0.0,30.528000000000002,0.0,0.0
:6544730093_1,0.0,11.664000000000001,0.0,0.0
:6544730093_11,0.0,39.995999999999995,0.0,0.0
:6544730093_12,0.0,27.467999999999996,0.0,0.0
:6544730093_13,0.0,27.467999999999996,0.0,0.0
:6544730093_14,0.0,13.14,0.0,0.0
:6544730093_2,0.0,13.14,0.0,0.0
:6544730093_3,0.0,30.528000000000002,0.0,0.0
:6544730093_4,0.0,11.664000000000001,0.0,0.0
:6544730093_5,0.0,13.14,0.0,0.0
:6544730093_6,0.0,38.62799999999999,0.0,0.0
:6544730093_7,0.0,30.96,0.0,0.0
:6544730093_9,0.0,25.866000000000007,0.0,0.0
:6544765250_0,0.0,10.007999999999997,0.0,0.0
:6544765250_1,0.0,10.007999999999997,0.0,0.0
:6544885948_0,0.0,11.664000000000001,0.0,0.0
:6544885948_1,0.0,11.664000000000001,0.0,0.0
:6544885949_0,0.0,22.355999999999998,0.0,0.0
:6544885949_1,0.0,11.664000000000001,0.0,0.0
:6544885949_2,0.0,13.14,0.0,0.0
:6544885949_3,0.0,22.355999999999998,0.0,0.0
:6544885949_4,0.0,11.664000000000001,0.0,0.0
:6544885949_5,0.0,13.14,0.0,0.0
:6544885949_6,0.0,39.995999999999995,0.0,0.0
:6544885949_7,0.0,21.744,0.0,0.0
:6544885949_8,0.0,21.744,0.0,0.0
:6544885953_0,0.0,11.664000000000001,0.0,0.0
:6544885953_1,0.0,11.664000000000001,0.0,0.0
:6544885954_0,0.0,39.995999999999995,0.0,0.0
:6544885954_2,0.0,21.455999999999996,0.0,0.0
:6544885954_3,0.0,21.455999999999996,0.0,0.0
:6544885954_4,0.0,23.075999999999997,0.0,0.0
:6544885954_5,0.0,11.664000000000001,0.0,0.0
:6544885954_6,0.0,13.14,0.0,0.0
:6544885954_7,0.0,23.075999999999997,0.0,0.0
:6544885954_8,0.0,11.664000000000001,0.0,0.0
:6544885954_9,0.0,13.14,0.0,0.0
:6546445050_0,0.0,11.664000000000001,0.0,0.0
:6546445050_1,0.0,11.664000000000001,0.0,0.0
:6546445055_0,0.0,11.664000000000001,0.0,0.0
:6546445055_1,0.0,11.664000000000001,0.0,0.0
:6546445056_0,0.0,39.995999999999995,0.0,0.0
:6546445056_2,0.0,21.78,0.0,0.0
:6546445056_3,0.0,21.78,0.0,0.0
:6546445056_4,0.0,22.103999999999996,0.0,0.0
:6546445056_5,0.0,11.664000000000001,0.0,0.0
:6546445056_6,0.0,13.14,0.0,0.0
:6546445056_7,0.0,22.103999999999996,0.0,0.0
:6546445056_8,0.0,11.664000000000001,0.0,0.0
:6546445056_9,0.0,13.14,0.0,0.0
:6546445057_0,0.0,50.00400000000001,0.0,0.0
:6546445057_1,0.0,50.00400000000001,0.0,0.0
:6546445057_10,0.0,11.664000000000001,0.0,0.0
:6546445057_11,0.0,13.14,0.0,0.0
:6546445057_12,0.0,50.00400000000001,0.0,0.0
:6546445057_13,0.0,50.00400000000001,0.0,0.0
:6546445057_14,0.0,11.664000000000001,0.0,0.0
:6546445057_15,0.0,13.14,0.0,0.0
:6546445057_16,0.0,11.664000000000001,0.0,0.0
:6546445057_17,0.0,13.14,0.0,0.0
:6546445057_18,0.0,11.664000000000001,0.0,0.0
:6546445057_19,0.0,13.14,0.0,0.0
:6546445057_2,0.0,11.664000000000001,0.0,0.0
:6546445057_3,0.0,13.14,0.0,0.0
:6546445057_4,0.0,50.00400000000001,0.0,0.0
:6546445057_5,0.0,50.00400000000001,0.0,0.0
:6546445057_6,0.0,11.664000000000001,0.0,0.0
:6546445057_7,0.0,13.14,0.0,0.0
:6546445057_8,0.0,50.00400000000001,0.0,0.0
:6546445057_9,0.0,50.00400000000001,0.0,0.0
:6546745087_0,0.0,11.664000000000001,0.0,0.0
:6546745087_1,0.0,11.664000000000001,0.0,0.0
:6546745088_0,0.0,27.18,0.0,0.0
:6546745088_1,0.0,27.18,0.0,0.0
:6546745088_10,0.0,10.007999999999997,0.0,0.0
:6546745088_11,0.0,10.007999999999997,0.0,0.0
:6546745088_12,0.0,30.024,0.0,0.0
:6546745088_13,0.0,30.024,0.0,0.0
:6546745088_14,0.0,10.007999999999997,0.0,0.0
:6546745088_15,0.0,10.007999999999997,0.0,0.0
:6546745088_16,0.0,13.14,0.0,0.0
:6546745088_2,0.0,11.664000000000001,0.0,0.0
:6546745088_3,0.0,13.14,0.0,0.0
:6546745088_4,0.0,27.18,0.0,0.0
:6546745088_5,0.0,27.18,0.0,0.0
:6546745088_6,0.0,11.664000000000001,0.0,0.0
:6546745088_7,0.0,13.14,0.0,0.0
:6546745088_8,0.0,30.024,0.0,0.0
:6546745088_9,0.0,30.024,0.0,0.0
:6546745089_0,0.0,11.664000000000001,0.0,0.0
:6546745089_1,0.0,11.664000000000001,0.0,0.0
:6547093690_0,0.0,11.664000000000001,0.0,0.0
:6547093690_1,0.0,11.664000000000001,0.0,0.0
:660617314_0,0.0,11.664000000000001,0.0,0.0
:660617314_1,0.0,11.664000000000001,0.0,0.0
:660617315_0,0.0,11.664000000000001,0.0,0.0
:660617315_1,0.0,11.664000000000001,0.0,0.0
:660617317_0,0.0,11.664000000000001,0.0,0.0
:660617317_1,0.0,11.664000000000001,0.0,0.0
:660617320_0,0.0,100.00800000000002,0.0,0.0
:660617321_0,0.0,11.664000000000001,0.0,0.09357562827257623
:660617321_1,0.0,11.664000000000001,0.0,0.0
:660617322_0,0.0,11.664000000000001,0.0,0.0
:660617322_1,0.0,11.664000000000001,0.0,0.0
:660617323_0,0.0,11.664000000000001,0.0,0.0
:660617323_1,0.0,11.664000000000001,0.0,0.0
:660617324_0,0.0,11.664000000000001,0.0,0.0
:660617324_1,0.0,11.664000000000001,0.0,0.0
:660617326_0,0.0,11.664000000000001,0.0,0.0
:660617326_1,0.0,11.664000000000001,0.0,0.0
:660617327_0,0.0,11.664000000000001,0.0,0.0
:660617327_1,0.0,11.664000000000001,0.0,0.0
:660618366_0,0.0,70.02,0.0,0.0
:6630507051_0,0.0,11.664000000000001,0.0,0.0
:6630507051_1,0.0,11.664000000000001,0.0,0.0
:6630531511_0,0.0,13.644000000000002,0.0,0.0
:663804413_0,0.0,39.995999999999995,0.0,0.0
:663804413_1,0.0,19.979999999999997,0.0,0.0
:663804413_2,0.0,23.075999999999997,0.0,0.0
:663804413_3,0.0,39.995999999999995,0.0,0.0
:663825856_0,0.0,22.932000000000006,0.0,0.0
:663825856_1,0.0,11.664000000000001,0.0,0.0
:663825856_2,0.0,13.14,0.0,0.0
:663825856_3,0.0,24.336000000000002,0.0,0.0
:663825856_4,0.0,24.336000000000002,0.0,0.0
:663825856_5,0.0,39.995999999999995,0.0,0.0
:663825856_6,0.0,22.932000000000006,0.0,0.0
:663825856_7,0.0,11.664000000000001,0.0,0.0
:663825856_8,0.0,13.14,0.0,0.0
:663825864_0,0.0,29.124000000000002,0.0,0.0
:663825864_1,0.0,39.995999999999995,0.0,0.0
:663825864_2,0.0,39.995999999999995,0.0,0.0
:663825864_4,0.0,29.880000000000003,0.0,0.0
:663825905_0,0.0,26.1,0.0,0.0
:663825905_1,0.0,39.995999999999995,0.0,0.0
:663825905_10,0.0,11.664000000000001,0.0,0.0
:663825905_11,0.0,13.14,0.0,0.0
:663825905_2,0.0,39.995999999999995,0.0,0.0
:663825905_3,0.0,39.995999999999995,0.0,0.0
:663825905_4,0.0,33.156000000000006,0.0,0.0
:663825905_5,0.0,33.156000000000006,0.0,0.0
:663825905_6,0.0,25.955999999999996,0.0,0.0
:663825905_7,0.0,11.664000000000001,0.0,0.0
:663825905_8,0.0,13.14,0.0,0.0
:663825905_9,0.0,25.955999999999996,0.0,0.0
:663825934_0,0.0,26.424,0.0,0.0
:663825934_1,0.0,11.664000000000001,0.0,0.0
:663825934_2,0.0,13.14,0.0,0.0
:663825934_3,0.0,22.139999999999997,0.0,0.0
:663825934_4,0.0,22.139999999999997,0.0,0.0
:663825934_5,0.0,70.02,0.0,0.0
:663825934_6,0.0,26.424,0.0,0.0
:663825934_7,0.0,11.664000000000001,0.0,0.0
:663825934_8,0.0,13.14,0.0,0.0
:663826006_0,0.0,39.995999999999995,0.0,0.0
:663826006_1,0.0,39.995999999999995,0.0,0.0
:663826006_10,0.0,11.664000000000001,0.0,0.0
:663826006_11,0.0,13.14,0.0,0.0
:663826006_12,0.0,23.112,0.0,0.0
:663826006_13,0.0,23.112,0.0,0.0
:663826006_14,0.0,31.536,0.0,0.0
:663826006_15,0.0,31.536,0.0,0.0
:663826006_16,0.0,11.664000000000001,0.0,0.0
:663826006_17,0.0,13.14,0.0,0.0
:663826006_18,0.0,26.46,0.0,0.0
:663826006_19,0.0,26.46,0.0,0.0
:663826006_2,0.0,28.547999999999995,0.0,0.0
:663826006_20,0.0,39.995999999999995,0.0,0.0
:663826006_21,0.0,39.995999999999995,0.0,0.0
:663826006_22,0.0,11.664000000000001,0.0,0.0
:663826006_23,0.0,13.14,0.0,0.0
:663826006_24,0.0,26.46,0.0,0.0
:663826006_25,0.0,26.46,0.0,0.0
:663826006_26,0.0,39.995999999999995,0.0,0.0
:663826006_27,0.0,39.995999999999995,0.0,0.0
:663826006_28,0.0,11.664000000000001,0.0,0.0
:663826006_29,0.0,13.14,0.0,0.0
:663826006_3,0.0,28.547999999999995,0.0,0.0
:663826006_30,0.0,39.995999999999995,0.0,0.0
:663826006_31,0.0,39.995999999999995,0.0,0.0
:663826006_32,0.0,28.547999999999995,0.0,0.0
:663826006_33,0.0,28.547999999999995,0.0,0.0
:663826006_34,0.0,11.664000000000001,0.0,0.0
:663826006_35,0.0,13.14,0.0,0.0
:663826006_36,0.0,13.14,0.0,0.0
:663826006_4,0.0,11.664000000000001,0.0,0.0
:663826006_5,0.0,13.14,0.0,0.0
:663826006_6,0.0,23.112,0.0,0.0
:663826006_7,0.0,23.112,0.0,0.0
:663826006_8,0.0,31.536,0.0,0.0
:663826006_9,0.0,31.536,0.0,0.0
:663826016_0,0.0,22.068000000000005,0.0,0.0
:663826016_1,0.0,11.664000000000001,0.0,0.0
:663826016_2,0.0,13.14,0.0,0.0
:663826016_3,0.0,27.0,0.0,0.0
:663826016_4,0.0,27.0,0.0,0.0
:663826016_5,0.0,39.995999999999995,0.0,0.0
:663826016_6,0.0,22.068000000000005,0.0,0.0
:663826016_7,0.0,11.664000000000001,0.0,0.0
:663826016_8,0.0,13.14,0.0,0.0
:663826016_9,0.0,13.14,0.0,0.0
:663826061_0,0.0,22.176,0.0,0.0
:663826061_1,0.0,29.088,0.0,0.0
:663826061_2,0.0,29.088,0.0,0.0
:663826061_3,0.0,39.995999999999995,0.0,0.0
:663826061_4,0.0,11.664000000000001,0.0,0.0
:663826061_5,0.0,13.14,0.0,0.0
:663826061_6,0.0,39.995999999999995,0.0,0.0
:663826061_7,0.0,11.664000000000001,0.0,0.0
:663826061_8,0.0,13.14,0.0,0.0
:663826141_0,0.0,11.664000000000001,0.0,0.0
:663826141_1,0.0,11.664000000000001,0.0,0.0
:663837140_0,0.0,23.04,0.0,0.0
:663837140_1,0.0,39.995999999999995,0.0,0.0
:663837433_0,0.0,70.02,0.0,0.0
:663842386_0,0.0,24.912000000000003,0.0,0.0
:663842386_1,0.0,11.664000000000001,0.0,0.0
:663842386_2,0.0,13.14,0.0,0.0
:663842386_3,0.0,22.680000000000003,0.0,0.0
:663842386_4,0.0,22.680000000000003,0.0,0.0
:663842386_5,0.0,39.995999999999995,0.0,0.0
:663842386_6,0.0,24.912000000000003,0.0,0.0
:663842386_7,0.0,11.664000000000001,0.0,0.0
:663842386_8,0.0,13.14,0.0,0.0
:663843486_0,0.0,28.944,0.0,0.0
:663843486_1,0.0,39.995999999999995,0.0,0.0
:663843486_10,0.0,39.995999999999995,0.0,0.0
:663843486_11,0.0,29.196000000000005,0.0,0.0
:663843486_12,0.0,29.196000000000005,0.0,0.0
:663843486_13,0.0,11.664000000000001,0.0,0.0
:663843486_14,0.0,13.14,0.0,0.0
:663843486_15,0.0,23.868,0.0,0.0
:663843486_16,0.0,23.868,0.0,0.0
:663843486_17,0.0,27.18,0.0,0.0
:663843486_18,0.0,11.664000000000001,0.0,0.0
:663843486_19,0.0,13.14,0.0,0.0
:663843486_2,0.0,39.995999999999995,0.0,0.0
:663843486_20,0.0,23.868,0.0,0.0
:663843486_21,0.0,23.868,0.0,0.0
:663843486_22,0.0,27.18,0.0,0.0
:663843486_23,0.0,11.664000000000001,0.0,0.0
:663843486_24,0.0,13.14,0.0,0.0
:663843486_25,0.0,25.271999999999995,0.0,0.0
:663843486_26,0.0,25.271999999999995,0.0,0.0
:663843486_27,0.0,27.18,0.0,0.0
:663843486_28,0.0,11.664000000000001,0.0,0.0
:663843486_29,0.0,13.14,0.0,0.0
:663843486_3,0.0,25.271999999999995,0.0,0.0
:663843486_4,0.0,25.271999999999995,0.0,0.0
:663843486_5,0.0,39.995999999999995,0.0,0.0
:663843486_6,0.0,29.196000000000005,0.0,0.0
:663843486_7,0.0,29.196000000000005,0.0,0.0
:663843486_8,0.0,11.664000000000001,0.0,0.0
:663843486_9,0.0,13.14,0.0,0.0
:663843597_0,0.0,39.995999999999995,0.0,0.0
:663843597_1,0.0,23.904,0.0,0.0
:663843597_2,0.0,23.651999999999997,0.0,0.0
:663843597_3,0.0,39.995999999999995,0.0,0.0
:663843644_0,0.0,45.0,0.0,0.0
:663843644_1,0.0,45.0,0.0,0.0
:663843644_11,0.0,39.995999999999995,0.0,0.0
:663843644_12,0.0,39.995999999999995,0.0,0.0
:663843644_13,0.0,11.664000000000001,0.0,0.0
:663843644_14,0.0,13.14,0.0,0.0
:663843644_15,0.0,20.952,0.0,0.0
:663843644_16,0.0,20.952,0.0,0.0
:663843644_17,0.0,39.995999999999995,0.0,0.0
:663843644_19,0.0,39.995999999999995,0.0,0.0
:663843644_2,0.0,45.0,0.0,0.0
:663843644_20,0.0,39.995999999999995,0.0,0.0
:663843644_21,0.0,11.664000000000001,0.0,0.0
:663843644_22,0.0,13.14,0.0,0.0
:663843644_23,0.0,36.57600000000001,0.0,0.0
:663843644_24,0.0,36.57600000000001,0.0,0.0
:663843644_25,0.0,45.0,0.0,0.0
:663843644_26,0.0,45.0,0.0,0.0
:663843644_27,0.0,23.723999999999997,0.0,0.0
:663843644_28,0.0,11.664000000000001,0.0,0.0
:663843644_29,0.0,13.14,0.0,0.0
:663843644_3,0.0,29.412,0.0,0.0
:663843644_30,0.0,36.57600000000001,0.0,0.0
:663843644_31,0.0,36.57600000000001,0.0,0.0
:663843644_32,0.0,45.0,0.0,0.0
:663843644_33,0.0,45.0,0.0,0.0
:663843644_34,0.0,23.723999999999997,0.0,0.0
:663843644_35,0.0,11.664000000000001,0.0,0.0
:663843644_36,0.0,13.14,0.0,0.0
:663843644_37,0.0,19.656000000000002,0.0,0.0
:663843644_38,0.0,30.024,0.0,0.0
:663843644_39,0.0,30.024,0.0,0.0
:663843644_4,0.0,29.412,0.0,0.0
:663843644_40,0.0,39.995999999999995,0.0,0.0
:663843644_41,0.0,39.995999999999995,0.0,0.0
:663843644_43,0.0,32.040000000000006,0.0,0.0
:663843644_44,0.0,32.040000000000006,0.0,0.0
:663843644_45,0.0,45.0,0.0,0.0
:663843644_46,0.0,45.0,0.0,0.0
:663843644_47,0.0,45.0,0.0,0.0
:663843644_48,0.0,29.412,0.0,0.0
:663843644_49,0.0,29.412,0.0,0.0
:663843644_5,0.0,11.664000000000001,0.0,0.0
:663843644_50,0.0,11.664000000000001,0.0,0.0
:663843644_51,0.0,13.14,0.0,0.0
:663843644_52,0.0,39.995999999999995,0.0,0.0
:663843644_53,0.0,39.995999999999995,0.0,0.0
:663843644_54,0.0,11.664000000000001,0.0,0.0
:663843644_55,0.0,13.14,0.0,0.0
:663843644_56,0.0,32.040000000000006,0.0,0.0
:663843644_57,0.0,32.040000000000006,0.0,0.0
:663843644_6,0.0,13.14,0.0,0.0
:663843644_7,0.0,20.952,0.0,0.0
:663843644_8,0.0,20.952,0.0,0.0
:663843644_9,0.0,39.995999999999995,0.0,0.0
:663844118_0,0.0,11.664000000000001,0.0,0.0
:663844118_1,0.0,11.664000000000001,0.0,0.0
:663844204_0,0.0,24.948000000000004,0.0,0.0
:663844204_1,0.0,39.995999999999995,0.0,0.0
:663844204_10,0.0,13.032,0.0,0.0
:663844204_11,0.0,14.687999999999999,0.0,0.0
:663844204_12,0.0,14.687999999999999,0.0,0.0
:663844204_2,0.0,27.936,0.0,0.0
:663844204_3,0.0,27.936,0.0,0.0
:663844204_4,0.0,100.00800000000002,0.0,0.0
:663844204_5,0.0,27.360000000000007,0.0,0.0
:663844204_6,0.0,13.032,0.0,0.0
:663844204_7,0.0,14.687999999999999,0.0,0.0
:663844204_8,0.0,100.00800000000002,0.0,0.0
:663844204_9,0.0,27.360000000000007,0.0,0.0
:663846645_0,0.0,23.94,0.0,0.0
:663846645_1,0.0,39.995999999999995,0.0,0.0
:663846647_0,0.0,23.688,0.0,0.0
:663846647_1,0.0,39.995999999999995,0.0,0.0
:663846647_2,0.0,100.00800000000002,0.0,0.0
:663846647_3,0.0,23.796,0.0,0.0
:663846650_0,0.0,27.54,0.0,0.0
:663846650_1,0.0,11.664000000000001,0.0,0.0
:663846650_2,0.0,13.14,0.0,0.0
:663846650_3,0.0,21.996000000000006,0.0,0.0
:663846650_4,0.0,21.996000000000006,0.0,0.0
:663846650_5,0.0,100.00800000000002,0.0,0.0
:663846650_6,0.0,27.54,0.0,0.0
:663846650_7,0.0,11.664000000000001,0.0,0.0
:663846650_8,0.0,13.14,0.0,0.0
:663847548_0,0.0,39.995999999999995,0.0,0.0
:663847548_2,0.0,23.94,0.0,0.0
:663940631_0,0.0,22.896000000000004,0.0,0.0
:663940631_1,0.0,22.896000000000004,0.0,0.0
:663940631_10,0.0,13.14,0.0,0.0
:663940631_11,0.0,100.00800000000002,0.0,0.0
:663940631_12,0.0,100.00800000000002,0.0,0.0
:663940631_13,0.0,26.532000000000004,0.0,0.0
:663940631_14,0.0,11.664000000000001,0.0,0.0
:663940631_15,0.0,13.14,0.0,0.0
:663940631_16,0.0,23.003999999999994,0.0,0.0
:663940631_17,0.0,100.00800000000002,0.0,0.0
:663940631_18,0.0,100.00800000000002,0.0,0.0
:663940631_19,0.0,11.664000000000001,0.0,0.0
:663940631_2,0.0,60.012000000000015,0.0,0.0
:663940631_20,0.0,13.14,0.0,0.0
:663940631_21,0.0,23.003999999999994,0.0,0.0
:663940631_22,0.0,100.00800000000002,0.0,0.0
:663940631_23,0.0,100.00800000000002,0.0,0.0
:663940631_24,0.0,11.664000000000001,0.0,0.0
:663940631_25,0.0,13.14,0.0,0.0
:663940631_4,0.0,27.144,0.0,0.0
:663940631_5,0.0,27.144,0.0,0.0
:663940631_6,0.0,100.00800000000002,0.0,0.0
:663940631_7,0.0,100.00800000000002,0.0,0.0
:663940631_8,0.0,26.532000000000004,0.0,0.0
:663940631_9,0.0,11.664000000000001,0.0,0.0
:663940642_0,0.0,21.599999999999998,0.0,0.0
:663940642_1,0.0,11.664000000000001,0.0,0.0
:663940642_10,0.0,13.14,0.0,0.0
:663940642_2,0.0,13.14,0.0,0.0
:663940642_3,0.0,29.412,0.0,0.0
:663940642_4,0.0,29.412,0.0,0.0
:663940642_5,0.0,39.995999999999995,0.0,0.0
:663940642_6,0.0,21.599999999999998,0.0,0.0
:663940642_7,0.0,11.664000000000001,0.0,0.0
:663940642_8,0.0,13.14,0.0,0.0
:663940642_9,0.0,11.664000000000001,0.0,0.0
:663940656_0,0.0,24.264000000000006,0.0,0.0
:663940656_1,0.0,11.664000000000001,0.0,0.0
:663940656_2,0.0,13.14,0.0,0.0
:663940656_3,0.0,24.012,0.0,0.0
:663940656_4,0.0,24.012,0.0,0.0
:663940656_5,0.0,70.02,0.0,0.0
:663940656_6,0.0,24.264000000000006,0.0,0.0
:663940656_7,0.0,11.664000000000001,0.0,0.0
:663940656_8,0.0,13.14,0.0,0.0
:663940656_9,0.0,13.14,0.0,0.0
:663940665_0,0.0,11.664000000000001,0.0,0.0
:663940665_1,0.0,11.664000000000001,0.0,0.0
:663940666_0,0.0,39.995999999999995,0.0,0.0
:663940666_2,0.0,21.420000000000005,0.0,0.0
:663940666_3,0.0,21.420000000000005,0.0,0.0
:663940666_4,0.0,19.872000000000003,0.0,0.0
:663940666_5,0.0,11.664000000000001,0.0,0.0
:663940666_6,0.0,13.14,0.0,0.0
:663940666_7,0.0,19.872000000000003,0.0,0.0
:663940666_8,0.0,11.664000000000001,0.0,0.0
:663940666_9,0.0,13.14,0.0,0.0
:663940667_0,0.0,11.664000000000001,0.0,0.0
:663940667_1,0.0,11.664000000000001,0.0,0.0
:663943263_0,0.0,11.664000000000001,0.0,0.0
:663943263_1,0.0,11.664000000000001,0.0,0.0
:663943265_0,0.0,11.664000000000001,0.0,0.0
:663943265_1,0.0,11.664000000000001,0.0,0.0
:663943276_0,0.0,23.220000000000002,0.0,0.0
:663943276_1,0.0,100.00800000000002,0.0,0.0
:663943276_2,0.0,39.995999999999995,0.0,0.0
:663943276_3,0.0,24.372000000000003,0.0,0.0
:663943484_0,0.0,100.00800000000002,0.0,0.0
:663943484_1,0.0,58.42800000000001,0.0,0.0
:663944085_0,0.0,39.995999999999995,0.0,0.0
:663944085_1,0.0,31.536,0.0,0.0
:663944094_0,0.0,39.995999999999995,0.0,0.0
:663944094_1,0.0,39.995999999999995,0.0,0.0
:663944139_0,0.0,11.664000000000001,0.0,0.0
:663944139_1,0.0,11.664000000000001,0.0,0.0
:663944141_0,0.0,39.995999999999995,0.0,0.0
:663944141_1,0.0,24.912000000000003,0.0,0.0
:663944142_0,0.0,39.995999999999995,0.0,0.0
:663944142_1,0.0,39.995999999999995,0.0,0.0
:663944146_0,0.0,39.995999999999995,0.0,0.0
:663944146_1,0.0,46.656000000000006,0.0,0.0
:663944149_0,0.0,39.995999999999995,0.0,0.0
:663944149_1,0.0,39.995999999999995,0.0,0.0
:663944167_0,0.0,73.548,0.0,0.0
:663944167_1,0.0,50.14800000000001,0.0,0.0
:663944168_0,0.0,65.19600000000001,0.0,0.0
:663944168_1,0.0,96.78600000000002,0.0,0.0
:663944171_0,0.0,100.00800000000002,0.0,0.0
:663944171_1,0.0,43.092,0.0,0.0
:663944173_0,0.0,97.956,0.0,0.0
:663944173_1,0.0,66.34799999999998,0.0,0.0
:663944178_0,0.0,39.995999999999995,0.0,0.0
:663944178_1,0.0,39.995999999999995,0.0,0.0
:663944182_0,0.0,70.02,0.0,0.0
:663944182_1,0.0,70.02,0.0,0.0
:6639643311_0,0.0,11.664000000000001,0.0,0.0
:6639643311_1,0.0,11.664000000000001,0.0,0.0
:6639643313_0,0.0,11.664000000000001,0.0,0.0
:6639643313_1,0.0,11.664000000000001,0.0,0.0
:6639643316_0,0.0,11.664000000000001,0.0,0.0
:6639643316_1,0.0,11.664000000000001,0.0,0.0
:6639643318_0,0.0,11.664000000000001,0.0,0.0
:6639643318_1,0.0,11.664000000000001,0.0,0.0
:664445900_0,0.0,24.228000000000005,0.0,0.0
:664445900_1,0.0,39.995999999999995,0.0,0.0
:664445900_3,0.0,39.995999999999995,0.0,0.0
:664445900_4,0.0,25.955999999999996,0.0,0.0
:664445907_0,0.0,39.995999999999995,0.0,0.0
:664445907_2,0.0,25.848000000000006,0.0,0.0
:664445907_3,0.0,25.848000000000006,0.0,0.0
:664445907_4,0.0,29.844,0.0,0.0
:664445907_5,0.0,11.664000000000001,0.0,0.0
:664445907_6,0.0,13.14,0.0,0.0
:664445907_7,0.0,29.844,0.0,0.0
:664445907_8,0.0,11.664000000000001,0.0,0.0
:664445907_9,0.0,13.14,0.0,0.0
:664446019_0,0.0,24.984000000000005,0.0,0.0
:664446019_1,0.0,39.995999999999995,0.0,0.0
:664446019_2,0.0,39.995999999999995,0.0,0.0
:664446019_4,0.0,25.488,0.0,0.0
:664446119_0,0.0,31.247999999999998,0.0,0.0
:664446119_1,0.0,20.988,0.0,0.0
:664446119_2,0.0,38.01600000000001,0.0,0.0
:664446119_3,0.0,39.995999999999995,0.0,0.0
:664446125_0,0.0,39.995999999999995,0.0,0.0
:664446125_1,0.0,39.995999999999995,0.0,0.0
:664446129_0,0.0,39.995999999999995,0.0,0.0
:664446129_1,0.0,20.196,0.0,0.0
:664446130_0,0.0,37.224,0.0,0.0
:664446130_1,0.0,28.944,0.0,0.0
:664446130_10,0.0,39.995999999999995,0.0,0.0
:664446130_11,0.0,39.995999999999995,0.0,0.0
:664446130_2,0.0,28.944,0.0,0.0
:664446130_3,0.0,44.02800000000001,0.0,0.0
:664446130_4,0.0,11.664000000000001,0.0,0.0
:664446130_5,0.0,13.14,0.0,0.0
:664446130_6,0.0,44.02800000000001,0.0,0.0
:664446130_7,0.0,11.664000000000001,0.0,0.0
:664446130_8,0.0,13.14,0.0,0.0
:664446130_9,0.0,19.728000000000005,0.0,0.0
:664446344_0,0.0,21.672,0.0,0.0
:664446344_1,0.0,39.995999999999995,0.0,0.0
:664446353_0,0.0,19.692000000000004,0.0,0.0
:664446353_1,0.0,100.00800000000002,0.0,0.0
:664446353_2,0.0,39.995999999999995,0.0,0.0
:664446353_4,0.0,19.764000000000006,0.0,0.0
:664446370_0,0.0,19.800000000000004,0.0,0.0
:664446370_1,0.0,39.995999999999995,0.0,0.0
:664446370_3,0.0,39.995999999999995,0.0,0.0
:664446370_4,0.0,25.452,0.0,0.0
:664446415_0,0.0,25.955999999999996,0.0,0.0
:664446415_1,0.0,11.664000000000001,0.0,0.0
:664446415_2,0.0,13.14,0.0,0.0
:664446415_3,0.0,22.176,0.0,0.0
:664446415_4,0.0,22.176,0.0,0.0
:664446415_5,0.0,39.995999999999995,0.0,0.0
:664446415_7,0.0,23.003999999999994,0.0,0.0
:664446415_8,0.0,11.664000000000001,0.0,0.0
:664446415_9,0.0,13.14,0.0,0.0
:664446416_0,0.0,22.284,0.0,0.0
:664446416_1,0.0,11.664000000000001,0.0,0.0
:664446416_2,0.0,13.14,0.0,0.0
:664446416_3,0.0,100.00800000000002,0.0,0.0
:664446416_4,0.0,21.744,0.0,0.0
:664446416_5,0.0,21.744,0.0,0.0
:664446416_6,0.0,22.284,0.0,0.0
:664446416_7,0.0,11.664000000000001,0.0,0.0
:664446416_8,0.0,13.14,0.0,0.0
:664446419_0,0.0,64.44000000000001,0.0,0.0
:664446419_1,0.0,21.491999999999997,0.0,0.0
:664446423_0,0.0,11.664000000000001,0.0,0.0
:664446423_1,0.0,11.664000000000001,0.0,0.0
:664446425_0,0.0,11.664000000000001,0.0,0.0
:664446425_1,0.0,11.664000000000001,0.0,0.0
:664446430_0,0.0,22.788000000000004,0.0,0.0
:664446430_1,0.0,100.00800000000002,0.0,0.0
:664446430_2,0.0,22.788000000000004,0.0,0.0
:664446431_0,0.0,21.924000000000003,0.0,0.0
:664446431_1,0.0,39.995999999999995,0.0,0.0
:664446438_0,0.0,28.692,0.0,0.0
:664446438_1,0.0,23.579999999999995,0.0,0.0
:664446445_0,0.0,47.663999999999994,0.0,0.0
:664446445_1,0.0,47.663999999999994,0.0,0.0
:664446445_10,0.0,26.568000000000005,0.0,0.0
:664446445_11,0.0,51.336,0.0,0.0
:664446445_12,0.0,51.336,0.0,0.0
:664446445_13,0.0,11.664000000000001,0.0,0.0
:664446445_14,0.0,13.14,0.0,0.0
:664446445_15,0.0,19.764000000000006,0.0,0.0
:664446445_16,0.0,19.764000000000006,0.0,0.0
:664446445_17,0.0,42.37200000000001,0.0,0.0
:664446445_18,0.0,30.96,0.0,0.0
:664446445_19,0.0,30.96,0.0,0.0
:664446445_2,0.0,37.224,0.0,0.0
:664446445_20,0.0,47.663999999999994,0.0,0.0
:664446445_21,0.0,47.663999999999994,0.0,0.0
:664446445_22,0.0,37.224,0.0,0.0
:664446445_23,0.0,11.664000000000001,0.0,0.0
:664446445_24,0.0,13.14,0.0,0.0
:664446445_3,0.0,11.664000000000001,0.0,0.0
:664446445_4,0.0,13.14,0.0,0.0
:664446445_5,0.0,26.568000000000005,0.0,0.0
:664446445_6,0.0,51.336,0.0,0.0
:664446445_7,0.0,51.336,0.0,0.0
:664446445_8,0.0,11.664000000000001,0.0,0.0
:664446445_9,0.0,13.14,0.0,0.0
:664446446_0,0.0,11.664000000000001,0.0,0.0
:664446446_1,0.0,11.664000000000001,0.0,0.0
:664446453_0,0.0,22.032000000000004,0.0,0.0
:664446453_1,0.0,22.032000000000004,0.0,0.0
:664446453_10,0.0,11.664000000000001,0.0,0.0
:664446453_11,0.0,13.14,0.0,0.0
:664446453_12,0.0,22.032000000000004,0.0,0.0
:664446453_13,0.0,22.032000000000004,0.0,0.0
:664446453_14,0.0,11.664000000000001,0.0,0.0
:664446453_15,0.0,13.14,0.0,0.0
:664446453_16,0.0,13.14,0.0,0.0
:664446453_2,0.0,11.664000000000001,0.0,0.0
:664446453_3,0.0,13.14,0.0,0.0
:664446453_4,0.0,27.684000000000005,0.0,0.0
:664446453_5,0.0,27.684000000000005,0.0,0.0
:664446453_6,0.0,11.664000000000001,0.0,0.0
:664446453_7,0.0,13.14,0.0,0.0
:664446453_8,0.0,27.684000000000005,0.0,0.0
:664446453_9,0.0,27.684000000000005,0.0,0.0
:664446454_0,0.0,11.664000000000001,0.0,0.0
:664446454_1,0.0,11.664000000000001,0.0,0.0
:664446456_0,0.0,11.664000000000001,0.0,0.0
:664446456_1,0.0,11.664000000000001,0.0,0.0
:664446471_0,0.0,70.02,0.0,0.0
:664446475_0,0.0,22.644000000000002,0.0,0.0
:664446475_1,0.0,11.664000000000001,0.0,0.0
:664446475_2,0.0,13.14,0.0,0.0
:664446475_3,0.0,24.192000000000004,0.0,0.0
:664446475_4,0.0,24.192000000000004,0.0,0.0
:664446475_5,0.0,39.995999999999995,0.0,0.0
:664446475_6,0.0,22.644000000000002,0.0,0.0
:664446475_7,0.0,11.664000000000001,0.0,0.0
:664446475_8,0.0,13.14,0.0,0.0
:664446479_0,0.0,10.007999999999997,0.0,0.0
:664446479_1,0.0,10.007999999999997,0.0,0.0
:664446481_0,0.0,11.664000000000001,0.0,0.0
:664446481_1,0.0,11.664000000000001,0.0,0.0
:664446535_0,0.0,22.644000000000002,0.0,0.0
:664446535_1,0.0,50.00400000000001,0.0,0.0
:664446535_2,0.0,39.995999999999995,0.0,0.0
:664446535_3,0.0,21.888,0.0,0.0
:664446557_0,0.0,39.995999999999995,0.0,0.0
:664446557_1,0.0,33.983999999999995,0.0,0.0
:664446557_2,0.0,39.995999999999995,0.0,0.0
:664446557_3,0.0,29.483999999999998,0.0,0.0
:664446557_4,0.0,24.228000000000005,0.0,0.0
:664446557_5,0.0,79.99199999999999,0.0,0.0
:664446557_6,0.0,29.483999999999998,0.0,0.0
:664446558_0,0.0,23.436000000000003,0.0,0.0
:664446558_1,0.0,39.995999999999995,0.0,0.0
:664446558_2,0.0,79.99199999999999,0.0,0.0
:664446558_3,0.0,22.355999999999998,0.0,0.0
:664446571_0,0.0,24.912000000000003,0.0,0.0
:664446571_1,0.0,11.664000000000001,0.0,0.0
:664446571_2,0.0,13.14,0.0,0.0
:664446571_3,0.0,22.680000000000003,0.0,0.0
:664446571_4,0.0,22.680000000000003,0.0,0.0
:664446571_5,0.0,39.995999999999995,0.0,0.0
:664446571_6,0.0,24.912000000000003,0.0,0.0
:664446571_7,0.0,11.664000000000001,0.0,0.0
:664446571_8,0.0,13.14,0.0,0.0
:664446586_0,0.0,11.664000000000001,0.0,0.0
:664446586_1,0.0,11.664000000000001,0.0,0.0
:664446588_0,0.0,23.544000000000004,0.0,0.0
:664446588_1,0.0,39.995999999999995,0.0,0.0
:664446590_0,0.0,100.00800000000002,0.0,0.0
:664446590_1,0.0,22.608,0.0,0.0
:664446590_2,0.0,22.608,0.0,0.0
:664446590_3,0.0,21.672,0.0,0.0
:664446590_4,0.0,11.664000000000001,0.0,0.0
:664446590_5,0.0,13.14,0.0,0.0
:664446590_6,0.0,21.672,0.0,0.0
:664446590_7,0.0,11.664000000000001,0.0,0.0
:664446590_8,0.0,13.14,0.0,0.0
:664446591_0,0.0,28.619999999999997,0.0,0.0
:664446591_1,0.0,11.664000000000001,0.0,0.0
:664446591_2,0.0,13.14,0.0,0.0
:664446591_3,0.0,21.240000000000006,0.0,0.0
:664446591_4,0.0,21.240000000000006,0.0,0.0
:664446591_5,0.0,39.995999999999995,0.0,0.0
:664446591_6,0.0,28.619999999999997,0.0,0.0
:664446591_7,0.0,11.664000000000001,0.0,0.0
:664446591_8,0.0,13.14,0.0,0.0
:664446593_0,0.0,50.00400000000001,0.0,0.0
:664446593_1,0.0,11.664000000000001,0.0,0.0
:664446593_2,0.0,13.14,0.0,0.0
:664446593_3,0.0,50.00400000000001,0.0,0.0
:664446593_4,0.0,11.664000000000001,0.0,0.0
:664446593_5,0.0,13.14,0.0,0.0
:664446593_6,0.0,13.14,0.0,0.0
:664446594_0,0.0,11.664000000000001,0.0,0.0
:664446594_1,0.0,11.664000000000001,0.0,0.0
:664446599_0,0.0,11.664000000000001,0.0,0.0
:664446599_1,0.0,11.664000000000001,0.0,0.0
:664447065_0,0.0,23.508000000000006,0.0,0.0
:664447065_1,0.0,39.995999999999995,0.0,0.0
:664447076_0,0.0,23.831999999999997,0.0,0.0
:664447076_1,0.0,39.995999999999995,0.0,0.0
:664447077_0,0.0,31.5,0.0,0.0
:664447077_1,0.0,11.664000000000001,0.0,0.0
:664447077_10,0.0,11.664000000000001,0.0,0.0
:664447077_11,0.0,13.14,0.0,0.0
:664447077_12,0.0,18.503999999999994,0.0,0.0
:664447077_13,0.0,29.052000000000003,0.0,0.0
:664447077_14,0.0,29.052000000000003,0.0,0.0
:664447077_2,0.0,13.14,0.0,0.0
:664447077_3,0.0,22.860000000000003,0.0,0.0
:664447077_4,0.0,22.860000000000003,0.0,0.0
:664447077_5,0.0,18.503999999999994,0.0,0.0
:664447077_6,0.0,39.995999999999995,0.0,0.0
:664447077_7,0.0,29.052000000000003,0.0,0.0
:664447077_8,0.0,29.052000000000003,0.0,0.0
:664447077_9,0.0,31.5,0.0,0.0
:664447176_0,0.0,23.796,0.0,0.0
:664447176_1,0.0,39.995999999999995,0.0,0.0
:664447176_3,0.0,39.995999999999995,0.0,0.0
:664447176_5,0.0,24.696,0.0,0.0
:664447201_0,0.0,35.495999999999995,0.0,0.0
:664447201_1,0.0,11.664000000000001,0.0,0.0
:664447201_2,0.0,13.14,0.0,0.0
:664447201_3,0.0,24.768,0.0,0.0
:664447201_4,0.0,28.187999999999995,0.0,0.0
:664447201_5,0.0,25.812000000000005,0.0,0.0
:664447201_6,0.0,35.495999999999995,0.0,0.0
:664447201_7,0.0,11.664000000000001,0.0,0.0
:664447201_8,0.0,13.14,0.0,0.0
:664447206_0,0.0,22.788000000000004,0.0,0.0
:664447206_1,0.0,11.664000000000001,0.0,0.0
:664447206_2,0.0,13.14,0.0,0.0
:664447206_3,0.0,39.995999999999995,0.0,0.0
:664447206_5,0.0,21.491999999999997,0.0,0.0
:664447206_6,0.0,21.491999999999997,0.0,0.0
:664447206_7,0.0,22.788000000000004,0.0,0.0
:664447206_8,0.0,11.664000000000001,0.0,0.0
:664447206_9,0.0,13.14,0.0,0.0
:664447209_0,0.0,23.508000000000006,0.0,0.0
:664447209_1,0.0,23.508000000000006,0.0,0.0
:664447209_10,0.0,11.664000000000001,0.0,0.0
:664447209_11,0.0,13.14,0.0,0.0
:664447209_12,0.0,23.508000000000006,0.0,0.0
:664447209_13,0.0,23.508000000000006,0.0,0.0
:664447209_14,0.0,11.664000000000001,0.0,0.0
:664447209_15,0.0,13.14,0.0,0.0
:664447209_16,0.0,13.14,0.0,0.0
:664447209_2,0.0,11.664000000000001,0.0,0.0
:664447209_3,0.0,13.14,0.0,0.0
:664447209_4,0.0,28.907999999999998,0.0,0.0
:664447209_5,0.0,28.907999999999998,0.0,0.0
:664447209_6,0.0,11.664000000000001,0.0,0.0
:664447209_7,0.0,13.14,0.0,0.0
:664447209_8,0.0,28.907999999999998,0.0,0.0
:664447209_9,0.0,28.907999999999998,0.0,0.0
:664447213_0,0.0,50.00400000000001,0.0,0.0
:664447213_1,0.0,50.00400000000001,0.0,0.0
:664447213_10,0.0,26.424,0.0,0.0
:664447213_11,0.0,50.00400000000001,0.0,0.0
:664447213_12,0.0,50.00400000000001,0.0,0.0
:664447213_13,0.0,11.664000000000001,0.0,0.0
:664447213_14,0.0,13.14,0.0,0.0
:664447213_15,0.0,23.831999999999997,0.0,0.0
:664447213_16,0.0,23.831999999999997,0.0,0.0
:664447213_17,0.0,39.995999999999995,0.0,0.0
:664447213_19,0.0,42.228,0.0,0.0
:664447213_2,0.0,23.112,0.0,0.0
:664447213_20,0.0,42.228,0.0,0.0
:664447213_21,0.0,50.00400000000001,0.0,0.0
:664447213_22,0.0,50.00400000000001,0.0,0.0
:664447213_23,0.0,23.112,0.0,0.0
:664447213_24,0.0,11.664000000000001,0.0,0.0
:664447213_25,0.0,13.14,0.0,0.0
:664447213_3,0.0,11.664000000000001,0.0,0.0
:664447213_4,0.0,13.14,0.0,0.0
:664447213_5,0.0,26.424,0.0,0.0
:664447213_6,0.0,50.00400000000001,0.0,0.0
:664447213_7,0.0,50.00400000000001,0.0,0.0
:664447213_8,0.0,11.664000000000001,0.0,0.0
:664447213_9,0.0,13.14,0.0,0.0
:664447268_0,0.0,23.976000000000003,0.0,0.0
:664447268_1,0.0,34.56,0.0,0.0
:664447268_10,0.0,30.276000000000003,0.0,0.0
:664447268_11,0.0,30.276000000000003,0.0,0.0
:664447268_12,0.0,70.02,0.0,0.0
:664447268_13,0.0,11.664000000000001,0.0,0.0
:664447268_14,0.0,13.14,0.0,0.0
:664447268_15,0.0,30.276000000000003,0.0,0.0
:664447268_16,0.0,30.276000000000003,0.0,0.0
:664447268_17,0.0,70.02,0.0,0.0
:664447268_18,0.0,11.664000000000001,0.0,0.0
:664447268_19,0.0,13.14,0.0,0.0
:664447268_2,0.0,34.56,0.0,0.0
:664447268_20,0.0,20.087999999999997,0.0,0.0
:664447268_21,0.0,20.087999999999997,0.0,0.0
:664447268_22,0.0,42.336000000000006,0.0,0.0
:664447268_23,0.0,42.336000000000006,0.0,0.0
:664447268_24,0.0,39.995999999999995,0.0,0.0
:664447268_25,0.0,13.14,0.0,0.0
:664447268_3,0.0,11.664000000000001,0.0,0.0
:664447268_4,0.0,13.14,0.0,0.0
:664447268_5,0.0,23.976000000000003,0.0,0.0
:664447268_6,0.0,34.56,0.0,0.0
:664447268_7,0.0,34.56,0.0,0.0
:664447268_8,0.0,11.664000000000001,0.0,0.0
:664447268_9,0.0,13.14,0.0,0.0
:664447287_0,0.0,11.664000000000001,0.0,0.0
:664447287_1,0.0,11.664000000000001,0.0,0.0
:664447298_0,0.0,11.664000000000001,0.0,0.0
:664447298_1,0.0,11.664000000000001,0.0,0.0
:664447301_0,0.0,11.664000000000001,0.0,0.0
:664447301_1,0.0,11.664000000000001,0.0,0.0
:664447302_0,0.0,11.664000000000001,0.0,0.0
:664447302_1,0.0,11.664000000000001,0.0,0.0
:664447431_0,0.0,11.664000000000001,0.0,0.0
:664447431_1,0.0,11.664000000000001,0.0,0.0
:664447433_0,0.0,28.836000000000006,0.0,0.0
:664447433_1,0.0,28.836000000000006,0.0,0.0
:664447433_10,0.0,11.664000000000001,0.0,0.0
:664447433_11,0.0,13.14,0.0,0.0
:664447433_12,0.0,28.836000000000006,0.0,0.0
:664447433_13,0.0,28.836000000000006,0.0,0.0
:664447433_14,0.0,11.664000000000001,0.0,0.0
:664447433_15,0.0,13.14,0.0,0.0
:664447433_16,0.0,13.14,0.0,0.0
:664447433_2,0.0,11.664000000000001,0.0,0.0
:664447433_3,0.0,13.14,0.0,0.0
:664447433_4,0.0,23.436000000000003,0.0,0.0
:664447433_5,0.0,23.436000000000003,0.0,0.0
:664447433_6,0.0,11.664000000000001,0.0,0.0
:664447433_7,0.0,13.14,0.0,0.0
:664447433_8,0.0,23.436000000000003,0.0,0.0
:664447433_9,0.0,23.436000000000003,0.0,0.0
:664447435_0,0.0,10.007999999999997,0.0,0.0
:664447435_1,0.0,10.007999999999997,0.0,0.0
:664454111_0,0.0,39.995999999999995,0.0,0.0
:664454111_1,0.0,39.995999999999995,0.0,0.0
:664454111_2,0.0,39.995999999999995,0.0,0.0
:664454111_4,0.0,19.764000000000006,0.0,0.0
:664454111_5,0.0,11.664000000000001,0.0,0.0
:664454111_6,0.0,13.14,0.0,0.0
:664454111_7,0.0,23.472,0.0,0.0
:664454111_8,0.0,11.664000000000001,0.0,0.0
:664454111_9,0.0,13.14,0.0,0.0
:664454117_0,0.0,39.995999999999995,0.0,0.0
:664454117_2,0.0,39.995999999999995,0.0,0.0
:664454126_0,0.0,39.995999999999995,0.0,0.0
:664454126_2,0.0,39.995999999999995,0.0,0.0
:664454132_0,0.0,11.664000000000001,0.0,0.0
:664454132_1,0.0,11.664000000000001,0.0,0.0
:664454182_0,0.0,23.220000000000002,0.0,0.0
:664454182_1,0.0,11.664000000000001,0.0,0.0
:664454182_2,0.0,13.14,0.0,0.0
:664454182_3,0.0,39.995999999999995,0.0,0.0
:664454182_5,0.0,26.315999999999995,0.0,0.0
:664454182_6,0.0,26.315999999999995,0.0,0.0
:664454182_7,0.0,23.220000000000002,0.0,0.0
:664454182_8,0.0,11.664000000000001,0.0,0.0
:664454182_9,0.0,13.14,0.0,0.0
:664471710_0,0.0,36.108,0.0,0.0
:664471710_1,0.0,36.108,0.0,0.0
:664471710_10,0.0,16.416,0.0,0.0
:664471710_11,0.0,39.995999999999995,0.0,0.0
:664471710_12,0.0,39.995999999999995,0.0,0.0
:664471710_13,0.0,38.736,0.0,0.0
:664471710_14,0.0,14.580000000000002,0.0,0.0
:664471710_15,0.0,16.416,0.0,0.0
:664471710_16,0.0,20.807999999999996,0.0,0.0
:664471710_17,0.0,39.995999999999995,0.0,0.0
:664471710_18,0.0,39.995999999999995,0.0,0.0
:664471710_19,0.0,11.664000000000001,0.0,0.0
:664471710_2,0.0,39.995999999999995,0.0,0.0
:664471710_20,0.0,13.14,0.0,0.0
:664471710_21,0.0,20.807999999999996,0.0,0.0
:664471710_22,0.0,39.995999999999995,0.0,0.0
:664471710_23,0.0,39.995999999999995,0.0,0.0
:664471710_24,0.0,11.664000000000001,0.0,0.0
:664471710_25,0.0,13.14,0.0,0.0
:664471710_4,0.0,26.603999999999992,0.0,0.0
:664471710_5,0.0,26.603999999999992,0.0,0.0
:664471710_6,0.0,39.995999999999995,0.0,0.0
:664471710_7,0.0,39.995999999999995,0.0,0.0
:664471710_8,0.0,38.736,0.0,0.0
:664471710_9,0.0,14.580000000000002,0.0,0.0
:664471713_0,0.0,59.976,0.0,0.0
:664471713_1,0.0,22.967999999999996,0.0,0.0
:664471713_2,0.0,23.472,0.0,0.0
:664471713_3,0.0,39.995999999999995,0.0,0.0
:664471714_0,0.0,24.084000000000003,0.0,0.0
:664471714_1,0.0,59.976,0.0,0.0
:664471714_2,0.0,39.995999999999995,0.0,0.0
:664471714_3,0.0,23.112,0.0,0.0
:664471745_0,0.0,11.664000000000001,0.0,0.0
:664471745_1,0.0,11.664000000000001,0.0,0.0
:664471748_0,0.0,38.916000000000004,0.0,0.0
:664471748_1,0.0,38.916000000000004,0.0,0.0
:664471748_10,0.0,27.684000000000005,0.0,0.0
:664471748_11,0.0,44.20799999999999,0.0,0.0
:664471748_12,0.0,44.20799999999999,0.0,0.0
:664471748_13,0.0,11.664000000000001,0.0,0.0
:664471748_14,0.0,13.14,0.0,0.0
:664471748_15,0.0,38.916000000000004,0.0,0.0
:664471748_16,0.0,38.916000000000004,0.0,0.0
:664471748_17,0.0,22.752000000000006,0.0,0.0
:664471748_18,0.0,11.664000000000001,0.0,0.0
:664471748_19,0.0,13.14,0.0,0.0
:664471748_2,0.0,22.752000000000006,0.0,0.0
:664471748_20,0.0,13.14,0.0,0.0
:664471748_3,0.0,11.664000000000001,0.0,0.0
:664471748_4,0.0,13.14,0.0,0.0
:664471748_5,0.0,27.684000000000005,0.0,0.0
:664471748_6,0.0,44.20799999999999,0.0,0.0
:664471748_7,0.0,44.20799999999999,0.0,0.0
:664471748_8,0.0,11.664000000000001,0.0,0.0
:664471748_9,0.0,13.14,0.0,0.0
:664471749_0,0.0,22.644000000000002,0.0,0.0
:664471749_1,0.0,22.644000000000002,0.0,0.0
:664471749_10,0.0,13.14,0.0,0.0
:664471749_11,0.0,59.976,0.0,0.0
:664471749_12,0.0,59.976,0.0,0.0
:664471749_13,0.0,27.684000000000005,0.0,0.0
:664471749_14,0.0,11.664000000000001,0.0,0.0
:664471749_15,0.0,13.14,0.0,0.0
:664471749_16,0.0,24.192000000000004,0.0,0.0
:664471749_17,0.0,59.976,0.0,0.0
:664471749_18,0.0,59.976,0.0,0.0
:664471749_19,0.0,11.664000000000001,0.0,0.0
:664471749_2,0.0,39.995999999999995,0.0,0.0
:664471749_20,0.0,13.14,0.0,0.0
:664471749_21,0.0,24.192000000000004,0.0,0.0
:664471749_22,0.0,59.976,0.0,0.0
:664471749_23,0.0,59.976,0.0,0.0
:664471749_24,0.0,11.664000000000001,0.0,0.0
:664471749_25,0.0,13.14,0.0,0.0
:664471749_4,0.0,26.351999999999997,0.0,0.0
:664471749_5,0.0,26.351999999999997,0.0,0.0
:664471749_6,0.0,59.976,0.0,0.0
:664471749_7,0.0,59.976,0.0,0.0
:664471749_8,0.0,27.684000000000005,0.0,0.0
:664471749_9,0.0,11.664000000000001,0.0,0.0
:664471750_0,0.0,100.00800000000002,0.0,0.0
:664471750_10,0.0,13.14,0.0,0.0
:664471750_3,0.0,22.247999999999998,0.0,0.0
:664471750_4,0.0,22.247999999999998,0.0,0.0
:664471750_5,0.0,24.587999999999997,0.0,0.0
:664471750_6,0.0,11.664000000000001,0.0,0.0
:664471750_7,0.0,13.14,0.0,0.0
:664471750_8,0.0,21.744,0.0,0.0
:664471750_9,0.0,11.664000000000001,0.0,0.0
:664472025_0,0.0,23.436000000000003,0.0,0.0
:664472025_1,0.0,23.436000000000003,0.0,0.0
:664472025_2,0.0,34.452000000000005,0.0,0.0
:664472025_3,0.0,39.995999999999995,0.0,0.0
:664472025_4,0.0,11.664000000000001,0.0,0.0
:664472025_5,0.0,13.14,0.0,0.0
:664472025_6,0.0,39.995999999999995,0.0,0.0
:664472025_7,0.0,11.664000000000001,0.0,0.0
:664472025_8,0.0,13.14,0.0,0.0
:664472034_0,0.0,11.664000000000001,0.0,0.0
:664472034_1,0.0,11.664000000000001,0.0,0.0
:664472035_0,0.0,79.99199999999999,0.0,0.0
:664472035_1,0.0,11.664000000000001,0.0,0.0
:664472035_2,0.0,13.14,0.0,0.0
:664472035_3,0.0,79.99199999999999,0.0,0.0
:664472035_4,0.0,11.664000000000001,0.0,0.0
:664472035_5,0.0,13.14,0.0,0.0
:664472035_6,0.0,13.14,0.0,0.0
:664472036_0,0.0,11.664000000000001,0.0,0.0
:664472036_1,0.0,11.664000000000001,0.0,0.0
:664472038_0,0.0,11.664000000000001,0.0,0.0
:664472038_1,0.0,11.664000000000001,0.0,0.0
:664472039_0,0.0,11.664000000000001,0.0,0.0
:664472039_1,0.0,11.664000000000001,0.0,0.0
:664472040_0,0.0,11.664000000000001,0.0,0.0
:664472040_1,0.0,13.14,0.0,0.0
:664472040_2,0.0,11.664000000000001,0.0,0.0
:664472040_3,0.0,13.14,0.0,0.0
:664472040_4,0.0,21.78,0.0,0.0
:664472040_5,0.0,21.78,0.0,0.0
:664472041_0,0.0,39.995999999999995,0.0,0.0
:664472041_1,0.0,22.392,0.0,0.0
:664472048_0,0.0,21.240000000000006,0.0,0.0
:664472048_1,0.0,11.664000000000001,0.0,0.0
:664472048_2,0.0,13.14,0.0,0.0
:664472048_3,0.0,39.995999999999995,0.0,0.0
:664472048_4,0.0,24.264000000000006,0.0,0.0
:664472048_5,0.0,24.264000000000006,0.0,0.0
:664472048_6,0.0,21.240000000000006,0.0,0.0
:664472048_7,0.0,11.664000000000001,0.0,0.0
:664472048_8,0.0,13.14,0.0,0.0
:664472050_0,0.0,11.664000000000001,0.0,0.0
:664472050_1,0.0,11.664000000000001,0.0,0.0
:664472662_0,0.0,24.804,0.0,0.0
:664472662_1,0.0,100.00800000000002,0.0,0.0
:664472699_0,0.0,23.688,0.0,0.0
:664472699_1,0.0,11.664000000000001,0.0,0.0
:664472699_2,0.0,13.14,0.0,0.0
:664472699_3,0.0,79.99199999999999,0.0,0.0
:664472699_4,0.0,22.176,0.0,0.0
:664472699_5,0.0,22.176,0.0,0.0
:664472699_6,0.0,23.688,0.0,0.0
:664472699_7,0.0,11.664000000000001,0.0,0.0
:664472699_8,0.0,13.14,0.0,0.0
:664472703_0,0.0,28.584000000000003,0.0,0.0
:664472703_1,0.0,28.584000000000003,0.0,0.0
:664472703_10,0.0,11.664000000000001,0.0,0.0
:664472703_11,0.0,13.14,0.0,0.0
:664472703_12,0.0,23.184,0.0,0.0
:664472703_13,0.0,23.184,0.0,0.0
:664472703_14,0.0,11.664000000000001,0.0,0.0
:664472703_15,0.0,13.14,0.0,0.0
:664472703_16,0.0,39.995999999999995,0.0,0.0
:664472703_17,0.0,39.995999999999995,0.0,0.0
:664472703_18,0.0,26.856,0.0,0.0
:664472703_19,0.0,26.856,0.0,0.0
:664472703_2,0.0,11.664000000000001,0.0,0.0
:664472703_20,0.0,11.664000000000001,0.0,0.0
:664472703_21,0.0,13.14,0.0,0.0
:664472703_22,0.0,26.856,0.0,0.0
:664472703_23,0.0,26.856,0.0,0.0
:664472703_3,0.0,13.14,0.0,0.0
:664472703_4,0.0,28.584000000000003,0.0,0.0
:664472703_5,0.0,28.584000000000003,0.0,0.0
:664472703_6,0.0,11.664000000000001,0.0,0.0
:664472703_7,0.0,13.14,0.0,0.0
:664472703_8,0.0,23.184,0.0,0.0
:664472703_9,0.0,23.184,0.0,0.0
:664472704_0,0.0,11.664000000000001,0.0,0.0
:664472704_1,0.0,11.664000000000001,0.0,0.0
:664472707_0,0.0,39.995999999999995,0.0,0.0
:664472707_1,0.0,23.615999999999996,0.0,0.0
:664472707_2,0.0,23.615999999999996,0.0,0.0
:664472707_3,0.0,21.455999999999996,0.0,0.0
:664472707_4,0.0,11.664000000000001,0.0,0.0
:664472707_5,0.0,13.14,0.0,0.0
:664472707_6,0.0,21.455999999999996,0.0,0.0
:664472707_7,0.0,11.664000000000001,0.0,0.0
:664472707_8,0.0,13.14,0.0,0.0
:664472731_0,0.0,11.664000000000001,0.0,0.22064143978288092
:664472731_1,0.0,11.664000000000001,0.0,0.0
:664472733_0,0.0,39.995999999999995,0.0,0.0
:664472733_1,0.0,38.41199999999999,0.0,0.0
:664472733_10,0.0,39.995999999999995,0.0,0.0
:664472733_11,0.0,39.995999999999995,0.0,0.0
:664472733_2,0.0,38.41199999999999,0.0,0.0
:664472733_3,0.0,21.563999999999997,0.0,0.0
:664472733_4,0.0,11.664000000000001,0.0,0.0
:664472733_5,0.0,13.14,0.0,0.0
:664472733_6,0.0,21.563999999999997,0.0,0.0
:664472733_7,0.0,11.664000000000001,0.0,0.0
:664472733_8,0.0,13.14,0.0,0.0
:664472733_9,0.0,36.86400000000001,0.0,0.0
:664472746_0,0.0,70.02,0.0,0.0
:664472746_2,0.0,20.843999999999998,0.0,0.0
:664472746_3,0.0,20.843999999999998,0.0,0.0
:664472746_4,0.0,26.315999999999995,0.0,0.0
:664472746_5,0.0,11.664000000000001,0.0,0.0
:664472746_6,0.0,13.14,0.0,0.0
:664472746_7,0.0,26.315999999999995,0.0,0.0
:664472746_8,0.0,11.664000000000001,0.0,0.0
:664472746_9,0.0,13.14,0.0,0.0
:664472751_0,0.0,22.860000000000003,0.0,0.0
:664472751_1,0.0,28.07999999999999,0.0,0.0
:664472751_2,0.0,28.07999999999999,0.0,0.0
:664472751_3,0.0,39.995999999999995,0.0,0.0
:664472751_4,0.0,11.664000000000001,0.0,0.0
:664472751_5,0.0,13.14,0.0,0.0
:664472751_6,0.0,39.995999999999995,0.0,0.0
:664472751_7,0.0,11.664000000000001,0.0,0.0
:664472751_8,0.0,13.14,0.0,0.0
:664472773_0,0.0,11.664000000000001,0.0,0.0
:664472773_1,0.0,11.664000000000001,0.0,0.0
:664472776_0,0.0,27.648000000000003,0.0,0.0
:664472776_1,0.0,11.664000000000001,0.0,0.0
:664472776_2,0.0,13.14,0.0,0.0
:664472776_3,0.0,21.672,0.0,0.0
:664472776_4,0.0,21.672,0.0,0.0
:664472776_5,0.0,39.995999999999995,0.0,0.0
:664472776_6,0.0,27.648000000000003,0.0,0.0
:664472776_7,0.0,11.664000000000001,0.0,0.0
:664472776_8,0.0,13.14,0.0,0.0
:664472799_0,0.0,22.644000000000002,0.0,0.0
:664472799_2,0.0,39.995999999999995,0.0,0.0
:664472799_3,0.0,60.012000000000015,0.0,0.0
:664472799_5,0.0,19.800000000000004,0.0,0.0
:665075976_0,0.0,11.664000000000001,0.0,0.0
:665075976_1,0.0,11.664000000000001,0.0,0.0
:665075981_0,0.0,11.664000000000001,0.0,0.0
:665075981_1,0.0,11.664000000000001,0.0,0.0
:665076035_0,0.0,24.768,0.0,0.0
:665076035_1,0.0,11.664000000000001,0.0,0.0
:665076035_2,0.0,13.14,0.0,0.0
:665076035_3,0.0,25.128000000000007,0.0,0.0
:665076035_4,0.0,25.128000000000007,0.0,0.0
:665076035_5,0.0,39.995999999999995,0.0,0.0
:665076035_6,0.0,24.768,0.0,0.0
:665076035_7,0.0,11.664000000000001,0.0,0.0
:665076035_8,0.0,13.14,0.0,0.0
:665076038_0,0.0,23.976000000000003,0.0,0.0
:665076038_1,0.0,10.007999999999997,0.0,0.0
:665076038_2,0.0,10.007999999999997,0.0,0.0
:665076038_3,0.0,24.696,0.0,0.0
:665076038_4,0.0,24.696,0.0,0.0
:665076038_5,0.0,39.995999999999995,0.0,0.0
:665076038_6,0.0,23.976000000000003,0.0,0.0
:665076038_7,0.0,10.007999999999997,0.0,0.0
:665076038_8,0.0,10.007999999999997,0.0,0.0
:665076045_0,0.0,11.664000000000001,0.0,0.0
:665076045_1,0.0,11.664000000000001,0.0,0.0
:665076051_0,0.0,11.664000000000001,0.0,0.0
:665076051_1,0.0,11.664000000000001,0.0,0.0
:665076056_0,0.0,11.664000000000001,0.0,0.0
:665076056_1,0.0,11.664000000000001,0.0,0.0
:6868769758_0,0.0,11.664000000000001,0.0,0.0
:6868769758_1,0.0,11.664000000000001,0.0,0.0
:6911448413_0,0.0,11.664000000000001,0.0,0.0
:6911448413_1,0.0,11.664000000000001,0.0,0.0
:6914278828_0,0.0,15.623999999999999,0.0,0.0
:7007141699_0,0.0,22.103999999999996,0.0,0.0
:7007141699_1,0.1,31.953390354927127,0.0,0.035512343879611
:7055897003_0,0.0,16.704000000000004,0.0,0.0
:7055897003_3,0.0,16.704000000000004,0.0,0.0
:763633672_0,0.0,23.291999999999998,0.0,0.0
:763633672_1,0.0,11.664000000000001,0.0,0.0
:763633672_2,0.0,13.14,0.0,0.0
:763633672_3,0.0,23.291999999999998,0.0,0.0
:763633672_4,0.0,11.664000000000001,0.0,0.0
:763633672_5,0.0,13.14,0.0,0.0
:763633672_6,0.0,23.688,0.0,0.0
:763633672_7,0.0,23.688,0.0,0.0
:763633672_8,0.0,39.995999999999995,0.0,0.0
:763633673_0,0.0,11.664000000000001,0.0,0.0
:763633673_1,0.0,11.664000000000001,0.0,0.0
:763633677_0,0.0,11.664000000000001,0.0,0.0
:763633677_1,0.0,11.664000000000001,0.0,0.0
:763633702_0,0.0,10.007999999999997,0.0,0.0
:763633702_1,0.0,10.007999999999997,0.0,0.0
:763633703_0,0.0,10.007999999999997,0.0,0.0
:763633703_1,0.0,10.007999999999997,0.0,0.0
:763633705_0,0.0,10.007999999999997,0.0,0.0
:763633705_1,0.0,10.007999999999997,0.0,0.0
:763633705_10,0.0,10.007999999999997,0.0,0.0
:763633705_11,0.0,10.007999999999997,0.0,0.0
:763633705_12,0.0,10.007999999999997,0.0,0.0
:763633705_13,0.0,10.007999999999997,0.0,0.0
:763633705_14,0.0,10.007999999999997,0.0,0.0
:763633705_15,0.0,10.007999999999997,0.0,0.0
:763633705_2,0.0,10.007999999999997,0.0,0.0
:763633705_3,0.0,10.007999999999997,0.0,0.0
:763633705_4,0.0,10.007999999999997,0.0,0.0
:763633705_5,0.0,10.007999999999997,0.0,0.0
:763633705_6,0.0,10.007999999999997,0.0,0.0
:763633705_7,0.0,10.007999999999997,0.0,0.0
:763633705_8,0.0,10.007999999999997,0.0,0.0
:763633705_9,0.0,10.007999999999997,0.0,0.0
:763633710_0,0.0,39.995999999999995,0.0,0.0
:763633710_1,0.0,21.563999999999997,0.0,0.0
:763633710_2,0.0,21.563999999999997,0.0,0.0
:763633710_3,0.0,21.168000000000003,0.0,0.0
:763633710_4,0.0,11.664000000000001,0.0,0.0
:763633710_5,0.0,13.14,0.0,0.0
:763633710_6,0.0,21.168000000000003,0.0,0.0
:763633710_7,0.0,11.664000000000001,0.0,0.0
:763633710_8,0.0,13.14,0.0,0.0
:8021472439_0,0.0,11.664000000000001,0.0,0.0
:8021472439_1,0.0,11.664000000000001,0.0,0.0
:8021472440_0,0.0,11.664000000000001,0.0,0.0
:8021472440_1,0.0,11.664000000000001,0.0,0.0
:8150123606_0,0.0,100.00800000000002,0.0,0.0
:8150123606_1,0.0,11.664000000000001,0.0,0.0
:8150123606_10,0.0,13.14,0.0,0.0
:8150123606_2,0.0,13.14,0.0,0.0
:8150123606_3,0.0,100.00800000000002,0.0,0.0
:8150123606_4,0.0,11.664000000000001,0.0,0.0
:8150123606_5,0.0,13.14,0.0,0.0
:8150123606_6,0.0,13.068000000000001,0.0,0.0
:8150123606_7,0.0,100.00800000000002,0.0,0.0
:8150123606_8,0.0,100.00800000000002,0.0,0.0
:8150123606_9,0.0,11.664000000000001,0.0,0.0
:8150123608_0,0.0,27.791999999999994,0.0,0.0
:8150123608_1,0.0,39.995999999999995,0.0,0.0
:9189335402_0,0.0,10.007999999999997,0.0,0.0
:9189335402_1,0.0,10.007999999999997,0.0,0.0
:9189335405_0,0.0,10.007999999999997,0.0,0.0
:9189335405_1,0.0,10.007999999999997,0.0,0.0
:9189335405_10,0.0,10.007999999999997,0.0,0.0
:9189335405_11,0.0,10.007999999999997,0.0,0.0
:9189335405_12,0.0,10.007999999999997,0.0,0.0
:9189335405_13,0.0,10.007999999999997,0.0,0.0
:9189335405_14,0.0,10.007999999999997,0.0,0.0
:9189335405_15,0.0,10.007999999999997,0.0,0.0
:9189335405_2,0.0,10.007999999999997,0.0,0.0
:9189335405_3,0.0,10.007999999999997,0.0,0.0
:9189335405_4,0.0,10.007999999999997,0.0,0.0
:9189335405_5,0.0,10.007999999999997,0.0,0.0
:9189335405_6,0.0,10.007999999999997,0.0,0.0
:9189335405_7,0.0,10.007999999999997,0.0,0.0
:9189335405_8,0.0,10.007999999999997,0.0,0.0
:9189335405_9,0.0,10.007999999999997,0.0,0.0
:9189335406_0,0.0,11.664000000000001,0.0,0.0
:9189335406_1,0.0,11.664000000000001,0.0,0.0
:9189340166_0,0.0,23.831999999999997,0.0,0.0
:9189340166_1,0.0,23.831999999999997,0.0,0.0
:9189340166_10,0.0,11.664000000000001,0.0,0.0
:9189340166_11,0.0,13.14,0.0,0.0
:9189340166_12,0.0,23.436000000000003,0.0,0.0
:9189340166_13,0.0,23.436000000000003,0.0,0.0
:9189340166_14,0.0,50.00400000000001,0.0,0.0
:9189340166_15,0.0,50.00400000000001,0.0,0.0
:9189340166_16,0.0,11.664000000000001,0.0,0.0
:9189340166_17,0.0,13.14,0.0,0.0
:9189340166_18,0.0,50.00400000000001,0.0,0.0
:9189340166_19,0.0,50.00400000000001,0.0,0.0
:9189340166_2,0.0,28.836000000000006,0.0,0.0
:9189340166_20,0.0,29.160000000000004,0.0,0.0
:9189340166_21,0.0,29.160000000000004,0.0,0.0
:9189340166_22,0.0,11.664000000000001,0.0,0.0
:9189340166_23,0.0,13.14,0.0,0.0
:9189340166_24,0.0,50.00400000000001,0.0,0.0
:9189340166_25,0.0,50.00400000000001,0.0,0.0
:9189340166_26,0.0,29.160000000000004,0.0,0.0
:9189340166_27,0.0,29.160000000000004,0.0,0.0
:9189340166_28,0.0,11.664000000000001,0.0,0.0
:9189340166_29,0.0,13.14,0.0,0.0
:9189340166_3,0.0,28.836000000000006,0.0,0.0
:9189340166_30,0.0,23.831999999999997,0.0,0.0
:9189340166_31,0.0,23.831999999999997,0.0,0.0
:9189340166_32,0.0,28.836000000000006,0.0,0.0
:9189340166_33,0.0,28.836000000000006,0.0,0.0
:9189340166_34,0.0,11.664000000000001,0.0,0.0
:9189340166_35,0.0,13.14,0.0,0.0
:9189340166_36,0.0,11.664000000000001,0.0,0.0
:9189340166_37,0.0,13.14,0.0,0.0
:9189340166_38,0.0,29.160000000000004,0.0,0.0
:9189340166_39,0.0,29.160000000000004,0.0,0.0
:9189340166_4,0.0,11.664000000000001,0.0,0.0
:9189340166_40,0.0,11.664000000000001,0.0,0.0
:9189340166_41,0.0,13.14,0.0,0.0
:9189340166_5,0.0,13.14,0.0,0.0
:9189340166_6,0.0,23.436000000000003,0.0,0.0
:9189340166_7,0.0,23.436000000000003,0.0,0.0
:9189340166_8,0.0,50.00400000000001,0.0,0.0
:9189340166_9,0.0,50.00400000000001,0.0,0.0
:9189340167_0,0.0,11.664000000000001,0.0,0.0
:9189340167_1,0.0,11.664000000000001,0.0,0.0
:9189340172_0,0.0,10.007999999999997,0.0,0.0
:9189340172_1,0.0,10.007999999999997,0.0,0.0
:9189340176_0,0.0,11.664000000000001,0.0,0.0
:9189340176_1,0.0,11.664000000000001,0.0,0.0
:9189340177_0,0.0,11.664000000000001,0.0,0.0
:9189340177_1,0.0,11.664000000000001,0.0,0.0
:9189340178_0,0.0,11.664000000000001,0.0,0.0
:9189340178_1,0.0,11.664000000000001,0.0,0.0
:9189345317_0,0.0,11.664000000000001,0.0,0.0
:9189345317_1,0.0,11.664000000000001,0.0,0.0
:9189345325_0,0.0,10.007999999999997,0.0,0.0
:9189345325_1,0.0,10.007999999999997,0.0,0.0
:9189345328_0,0.0,10.007999999999997,0.0,0.0
:9189345328_1,0.0,10.007999999999997,0.0,0.0
:9189345329_0,0.0,11.664000000000001,0.0,0.0
:9189345329_1,0.0,11.664000000000001,0.0,0.0
:9189345332_0,0.0,10.007999999999997,0.0,0.0
:9189345332_1,0.0,10.007999999999997,0.0,0.0
:9189383139_0,0.0,11.664000000000001,0.0,0.0
:9189383139_1,0.0,11.664000000000001,0.0,0.0
:9189383147_0,0.0,11.664000000000001,0.0,0.0
:9189383147_1,0.0,11.664000000000001,0.0,0.0
:9189383148_0,0.0,11.664000000000001,0.0,0.0
:9189383148_1,0.0,11.664000000000001,0.0,0.0
:9189383149_0,0.0,11.664000000000001,0.0,0.0
:9189383149_1,0.0,11.664000000000001,0.0,0.0
:9189383152_0,0.0,11.664000000000001,0.0,0.0
:9189383152_1,0.0,11.664000000000001,0.0,0.0
:9189383154_0,0.0,11.664000000000001,0.0,0.0
:9189383154_1,0.0,11.664000000000001,0.0,0.0
:9189383158_0,0.0,11.664000000000001,0.0,0.0
:9189383158_1,0.0,11.664000000000001,0.0,0.0
:9189383179_0,0.0,11.664000000000001,0.0,0.0
:9189383179_1,0.0,11.664000000000001,0.0,0.0
:9189383180_0,0.0,10.007999999999997,0.0,0.0
:9189383180_1,0.0,10.007999999999997,0.0,0.0
:9189383184_0,0.0,10.007999999999997,0.0,0.0
:9189383184_1,0.0,10.007999999999997,0.0,0.0
:9189384632_0,0.0,21.312000000000005,0.0,0.0
:9189384632_1,0.0,10.007999999999997,0.0,0.0
:9189384632_2,0.0,10.007999999999997,0.0,0.0
:9189384632_3,0.0,21.312000000000005,0.0,0.0
:9189384632_4,0.0,10.007999999999997,0.0,0.0
:9189384632_5,0.0,10.007999999999997,0.0,0.0
:9189384632_6,0.0,39.995999999999995,0.0,0.0
:9189384632_7,0.0,23.94,0.0,0.0
:9189384632_8,0.0,23.94,0.0,0.0
:9189384633_0,0.0,10.007999999999997,0.0,0.0
:9189384633_1,0.0,10.007999999999997,0.0,0.0
:9189545228_0,0.0,10.007999999999997,0.0,0.0
:9189545228_1,0.0,10.007999999999997,0.0,0.0
:9490412395_0,0.0,39.995999999999995,0.0,0.0
:9490412395_2,0.0,22.068000000000005,0.0,0.0
:9490412395_3,0.0,22.068000000000005,0.0,0.0
:9490412395_4,0.0,21.852,0.0,0.0
:9490412395_5,0.0,10.007999999999997,0.0,0.0
:9490412395_6,0.0,10.007999999999997,0.0,0.0
:9490412395_7,0.0,21.852,0.0,0.0
:9490412395_8,0.0,10.007999999999997,0.0,0.0
:9490412395_9,0.0,10.007999999999997,0.0,0.0
:9490412399_0,0.0,39.995999999999995,0.0,0.0
:9490412399_2,0.0,21.528,0.0,0.0
:9490412399_3,0.0,21.528,0.0,0.0
:9490412399_4,0.0,22.932000000000006,0.0,0.0
:9490412399_5,0.0,11.664000000000001,0.0,0.0
:9490412399_6,0.0,13.14,0.0,0.0
:9490412399_7,0.0,22.932000000000006,0.0,0.0
:9490412399_8,0.0,11.664000000000001,0.0,0.0
:9490412399_9,0.0,13.14,0.0,0.0
:9490412408_0,0.0,24.984000000000005,0.0,0.0
:9490412408_1,0.0,22.247999999999998,0.0,0.0
:9490412408_2,0.0,11.664000000000001,0.0,0.0
:9490412408_3,0.0,13.14,0.0,0.0
:9490412408_4,0.0,11.664000000000001,0.0,0.0
:9490412408_5,0.0,13.14,0.0,0.0
:9490412411_0,0.0,39.995999999999995,0.0,0.0
:9490412411_2,0.0,22.5,0.0,0.0
:9490412411_3,0.0,22.5,0.0,0.0
:9490412411_4,0.0,21.672,0.0,0.0
:9490412411_5,0.0,11.664000000000001,0.0,0.0
:9490412411_6,0.0,13.14,0.0,0.0
:9490412411_7,0.0,21.672,0.0,0.0
:9490412411_8,0.0,11.664000000000001,0.0,0.0
:9490412411_9,0.0,13.14,0.0,0.0
:9490449620_0,0.0,39.995999999999995,0.0,0.0
:9490449620_2,0.0,20.699999999999996,0.0,0.0
:9490449620_3,0.0,20.699999999999996,0.0,0.0
:9490449620_4,0.0,20.699999999999996,0.0,0.0
:9490449620_5,0.0,11.664000000000001,0.0,0.0
:9490449620_6,0.0,13.14,0.0,0.0
:9490449620_7,0.0,20.699999999999996,0.0,0.0
:9490449620_8,0.0,11.664000000000001,0.0,0.0
:9490449620_9,0.0,13.14,0.0,0.0
:9510709006_0,0.0,28.907999999999998,0.0,0.0
:9510709006_1,0.0,28.907999999999998,0.0,0.0
:9510709006_10,0.0,11.664000000000001,0.0,0.0
:9510709006_11,0.0,13.14,0.0,0.0
:9510709006_12,0.0,28.907999999999998,0.0,0.0
:9510709006_13,0.0,28.907999999999998,0.0,0.0
:9510709006_14,0.0,11.664000000000001,0.0,0.0
:9510709006_15,0.0,13.14,0.0,0.0
:9510709006_16,0.0,11.664000000000001,0.0,0.0
:9510709006_17,0.0,13.14,0.0,0.0
:9510709006_18,0.0,11.664000000000001,0.0,0.0
:9510709006_19,0.0,13.14,0.0,0.0
:9510709006_2,0.0,11.664000000000001,0.0,0.0
:9510709006_3,0.0,13.14,0.0,0.0
:9510709006_4,0.0,23.508000000000006,0.0,0.0
:9510709006_5,0.0,23.508000000000006,0.0,0.0
:9510709006_6,0.0,11.664000000000001,0.0,0.0
:9510709006_7,0.0,13.14,0.0,0.0
:9510709006_8,0.0,23.508000000000006,0.0,0.0
:9510709006_9,0.0,23.508000000000006,0.0,0.0
:9602497067_0,0.0,11.664000000000001,0.0,0.0
:9602497067_1,0.0,11.664000000000001,0.0,0.0
:9602497068_0,0.0,28.656,0.0,0.0
:9602497068_1,0.0,28.656,0.0,0.0
:9602497068_10,0.0,11.664000000000001,0.0,0.0
:9602497068_11,0.0,13.14,0.0,0.0
:9602497068_12,0.0,23.256,0.0,0.0
:9602497068_13,0.0,23.256,0.0,0.0
:9602497068_14,0.0,11.664000000000001,0.0,0.0
:9602497068_15,0.0,13.14,0.0,0.0
:9602497068_16,0.0,11.664000000000001,0.0,0.0
:9602497068_17,0.0,13.14,0.0,0.0
:9602497068_18,0.0,11.664000000000001,0.0,0.0
:9602497068_19,0.0,13.14,0.0,0.0
:9602497068_2,0.0,11.664000000000001,0.0,0.0
:9602497068_3,0.0,13.14,0.0,0.0
:9602497068_4,0.0,28.656,0.0,0.0
:9602497068_5,0.0,28.656,0.0,0.0
:9602497068_6,0.0,11.664000000000001,0.0,0.0
:9602497068_7,0.0,13.14,0.0,0.0
:9602497068_8,0.0,23.256,0.0,0.0
:9602497068_9,0.0,23.256,0.0,0.0
:9602497092_0,0.0,11.664000000000001,0.0,0.0
:9602497092_1,0.0,11.664000000000001,0.0,0.0
:9787435461_0,0.0,24.948000000000004,0.0,0.0
:9787435461_1,0.0,24.948000000000004,0.0,0.0
:9787435461_10,0.0,11.664000000000001,0.0,0.0
:9787435461_11,0.0,13.14,0.0,0.0
:9787435461_12,0.0,24.948000000000004,0.0,0.0
:9787435461_13,0.0,24.948000000000004,0.0,0.0
:9787435461_14,0.0,11.664000000000001,0.0,0.0
:9787435461_15,0.0,13.14,0.0,0.0
:9787435461_16,0.0,11.664000000000001,0.0,0.0
:9787435461_17,0.0,13.14,0.0,0.0
:9787435461_18,0.0,11.664000000000001,0.0,0.0
:9787435461_19,0.0,13.14,0.0,0.0
:9787435461_2,0.0,11.664000000000001,0.0,0.0
:9787435461_3,0.0,13.14,0.0,0.0
:9787435461_4,0.0,30.743999999999993,0.0,0.0
:9787435461_5,0.0,30.743999999999993,0.0,0.0
:9787435461_6,0.0,11.664000000000001,0.0,0.0
:9787435461_7,0.0,13.14,0.0,0.0
:9787435461_8,0.0,30.743999999999993,0.0,0.0
:9787435461_9,0.0,30.743999999999993,0.0,0.0
:9787435473_0,0.0,10.007999999999997,0.0,0.0
:9787435473_1,0.0,10.007999999999997,0.0,0.0
:9787435478_0,0.0,24.264000000000006,0.0,0.0
:9787435478_1,0.0,24.264000000000006,0.0,0.0
:9787435478_10,0.0,11.664000000000001,0.0,0.0
:9787435478_11,0.0,13.14,0.0,0.0
:9787435478_12,0.0,50.00400000000001,0.0,0.0
:9787435478_13,0.0,50.00400000000001,0.0,0.0
:9787435478_14,0.0,28.440000000000005,0.0,0.0
:9787435478_15,0.0,28.440000000000005,0.0,0.0
:9787435478_16,0.0,11.664000000000001,0.0,0.0
:9787435478_17,0.0,13.14,0.0,0.0
:9787435478_18,0.0,22.967999999999996,0.0,0.0
:9787435478_19,0.0,22.967999999999996,0.0,0.0
:9787435478_2,0.0,50.00400000000001,0.0,0.0
:9787435478_20,0.0,29.52,0.0,0.0
:9787435478_21,0.0,29.52,0.0,0.0
:9787435478_22,0.0,11.664000000000001,0.0,0.0
:9787435478_23,0.0,13.14,0.0,0.0
:9787435478_24,0.0,22.967999999999996,0.0,0.0
:9787435478_25,0.0,22.967999999999996,0.0,0.0
:9787435478_26,0.0,29.52,0.0,0.0
:9787435478_27,0.0,29.52,0.0,0.0
:9787435478_28,0.0,11.664000000000001,0.0,0.0
:9787435478_29,0.0,13.14,0.0,0.0
:9787435478_3,0.0,50.00400000000001,0.0,0.0
:9787435478_30,0.0,24.264000000000006,0.0,0.0
:9787435478_31,0.0,24.264000000000006,0.0,0.0
:9787435478_32,0.0,50.00400000000001,0.0,0.0
:9787435478_33,0.0,50.00400000000001,0.0,0.0
:9787435478_34,0.0,11.664000000000001,0.0,0.0
:9787435478_35,0.0,13.14,0.0,0.0
:9787435478_36,0.0,11.664000000000001,0.0,0.0
:9787435478_37,0.0,13.14,0.0,0.0
:9787435478_38,0.0,28.440000000000005,0.0,0.0
:9787435478_39,0.0,28.440000000000005,0.0,0.0
:9787435478_4,0.0,11.664000000000001,0.0,0.0
:9787435478_40,0.0,11.664000000000001,0.0,0.0
:9787435478_41,0.0,13.14,0.0,0.0
:9787435478_5,0.0,13.14,0.0,0.0
:9787435478_6,0.0,50.00400000000001,0.0,0.0
:9787435478_7,0.0,50.00400000000001,0.0,0.0
:9787435478_8,0.0,28.440000000000005,0.0,0.0
:9787435478_9,0.0,28.440000000000005,0.0,0.0
:9787514778_0,0.0,11.664000000000001,0.0,0.0
:9787514778_1,0.0,11.664000000000001,0.0,0.0
:9787514793_0,0.0,11.664000000000001,0.0,0.0
:9787514793_1,0.0,11.664000000000001,0.0,0.0
:9787514794_0,0.0,11.664000000000001,0.0,0.0
:9787514794_1,0.0,11.664000000000001,0.0,0.0
:9787514795_0,0.0,11.664000000000001,0.0,0.0
:9787514795_1,0.0,11.664000000000001,0.0,0.0
:9880442667_0,0.0,10.007999999999997,0.0,0.0
:9880442667_1,0.0,10.007999999999997,0.0,0.0
:9914104094_0,0.0,90.0,0.0,0.0
:9914104094_1,0.0,22.644000000000002,0.0,0.0
:9914104107_0,0.0,22.572,0.0,0.0
:9914104107_1,0.0,11.664000000000001,0.0,0.0
:9914104107_2,0.0,13.14,0.0,0.0
:9914104107_3,0.0,22.572,0.0,0.0
:9914104107_4,0.0,11.664000000000001,0.0,0.0
:9914104107_5,0.0,13.14,0.0,0.0
:9914104107_6,0.0,13.14,0.0,0.0
:9914114838_0,0.0,11.664000000000001,0.0,0.0
:9914114838_1,0.0,11.664000000000001,0.0,0.0
:cluster_10092213336_11078131361_11078131374_11941830907_#1more_0,0.0,100.00800000000002,0.0,0.0
:cluster_10092213336_11078131361_11078131374_11941830907_#1more_10,0.0,23.472,0.0,0.0
:cluster_10092213336_11078131361_11078131374_11941830907_#1more_11,0.0,36.86400000000001,0.0,0.0
:cluster_10092213336_11078131361_11078131374_11941830907_#1more_12,0.0,70.02,0.0,0.0
:cluster_10092213336_11078131361_11078131374_11941830907_#1more_14,0.0,31.5,0.0,0.0
:cluster_10092213336_11078131361_11078131374_11941830907_#1more_15,0.1,23.477197286680386,3182.140672151795,0.02197802197802198
:cluster_10092213336_11078131361_11078131374_11941830907_#1more_16,0.0,23.472,0.0,0.0
:cluster_10092213336_11078131361_11078131374_11941830907_#1more_2,0.0,23.148,0.0,0.0
:cluster_10092213336_11078131361_11078131374_11941830907_#1more_3,0.0,23.651999999999997,0.0,0.0
:cluster_10092213336_11078131361_11078131374_11941830907_#1more_4,0.0,36.89999999999999,0.0,0.0
:cluster_10092213336_11078131361_11078131374_11941830907_#1more_5,0.0,25.631999999999998,0.0,0.0
:cluster_10092213336_11078131361_11078131374_11941830907_#1more_6,0.0,21.276000000000003,0.0,0.0
:cluster_10092213336_11078131361_11078131374_11941830907_#1more_7,0.0,38.41199999999999,0.0,0.0
:cluster_10092213336_11078131361_11078131374_11941830907_#1more_8,0.0,100.00800000000002,0.0,0.0
:cluster_10092213337_10281986055_10302557855_2281953608_#1more_0,0.0,39.38400000000001,0.0,0.0
:cluster_10092213337_10281986055_10302557855_2281953608_#1more_1,0.0,60.012000000000015,0.0,0.0
:cluster_10092213337_10281986055_10302557855_2281953608_#1more_10,0.0,37.404,0.0,0.0
:cluster_10092213337_10281986055_10302557855_2281953608_#1more_11,0.0,60.012000000000015,0.0,0.0
:cluster_10092213337_10281986055_10302557855_2281953608_#1more_13,0.0,31.03199999999999,0.0,0.0
:cluster_10092213337_10281986055_10302557855_2281953608_#1more_14,0.0,23.400000000000002,0.0,0.0
:cluster_10092213337_10281986055_10302557855_2281953608_#1more_15,0.0,22.428,0.0,0.0
:cluster_10092213337_10281986055_10302557855_2281953608_#1more_16,0.0,23.400000000000002,0.0,0.0
:cluster_10092213337_10281986055_10302557855_2281953608_#1more_3,0.0,24.443999999999996,0.0,0.0
:cluster_10092213337_10281986055_10302557855_2281953608_#1more_4,0.0,22.428,0.0,0.0
:cluster_10092213337_10281986055_10302557855_2281953608_#1more_5,0.0,37.187999999999995,0.0,0.0
:cluster_10092213337_10281986055_10302557855_2281953608_#1more_6,0.0,50.00400000000001,0.0,0.0
:cluster_10092213337_10281986055_10302557855_2281953608_#1more_8,0.0,23.328000000000003,0.0,0.0
:cluster_10092213337_10281986055_10302557855_2281953608_#1more_9,0.0,22.896000000000004,0.0,0.0
:cluster_10279669953_663943485_0,0.0,39.995999999999995,0.0,0.0
:cluster_10279669953_663943485_2,0.0,23.328000000000003,0.0,0.0
:cluster_10279669953_663943485_3,0.0,27.43200000000001,0.0,0.0
:cluster_10279669953_663943485_4,0.0,30.887999999999998,0.0,0.0
:cluster_10279669953_663943485_5,0.0,39.995999999999995,0.0,0.0
:cluster_10279701138_664472033_0,0.0,39.995999999999995,0.0,0.0
:cluster_10279701138_664472033_2,0.0,26.82,0.0,0.0
:cluster_10279701138_664472033_3,0.0,100.00800000000002,0.0,0.0
:cluster_10279701138_664472033_5,0.0,26.532000000000004,0.0,0.0
:cluster_10279701138_664472033_6,0.0,32.832,0.0,0.0
:cluster_10279701138_664472033_7,0.0,36.36000000000001,0.0,0.0
:cluster_10279701138_664472033_8,0.0,26.82,0.0,0.0
:cluster_10279701138_664472033_9,0.0,26.532000000000004,0.0,0.0
:cluster_10279701141_664472702_0,0.0,39.995999999999995,0.0,0.0
:cluster_10279701141_664472702_10,0.0,36.57600000000001,0.0,0.0
:cluster_10279701141_664472702_11,0.0,21.672,0.0,0.0
:cluster_10279701141_664472702_12,0.0,28.07999999999999,0.0,0.0
:cluster_10279701141_664472702_13,0.0,28.044000000000004,0.0,0.0
:cluster_10279701141_664472702_2,0.0,21.672,0.0,0.0
:cluster_10279701141_664472702_3,0.0,28.07999999999999,0.0,0.0
:cluster_10279701141_664472702_4,0.0,41.651999999999994,0.0,0.0
:cluster_10279701141_664472702_5,0.0,100.00800000000002,0.0,0.0
:cluster_10279701141_664472702_7,0.0,28.044000000000004,0.0,0.0
:cluster_10279701141_664472702_8,0.0,34.56,0.0,0.0
:cluster_10279701141_664472702_9,0.0,59.976,0.0,0.0
:cluster_10279712290_10542380575_1187083513_302478894_0,0.0,28.728,0.0,0.0
:cluster_10279712290_10542380575_1187083513_302478894_1,0.0,70.02,0.0,0.0
:cluster_10279712290_10542380575_1187083513_302478894_10,0.0,100.00800000000002,0.0,0.0
:cluster_10279712290_10542380575_1187083513_302478894_11,0.0,33.012,0.0,0.0
:cluster_10279712290_10542380575_1187083513_302478894_12,0.0,22.284,0.0,0.0
:cluster_10279712290_10542380575_1187083513_302478894_2,0.0,43.848000000000006,0.0,0.0
:cluster_10279712290_10542380575_1187083513_302478894_3,0.0,17.28,0.0,0.0
:cluster_10279712290_10542380575_1187083513_302478894_4,0.0,36.39600000000001,0.0,0.0
:cluster_10279712290_10542380575_1187083513_302478894_5,0.0,70.02,0.0,0.0
:cluster_10279712290_10542380575_1187083513_302478894_7,0.0,38.556,0.0,0.0
:cluster_10279712290_10542380575_1187083513_302478894_8,0.0,25.091999999999995,0.0,0.0
:cluster_10279712290_10542380575_1187083513_302478894_9,0.0,33.48000000000001,0.0,0.0
:cluster_10279761592_11942000229_11942000233_663943274_0,0.0,33.37200000000001,0.0,0.0
:cluster_10279761592_11942000229_11942000233_663943274_1,0.0,39.995999999999995,0.0,0.0
:cluster_10279761592_11942000229_11942000233_663943274_10,0.0,22.788000000000004,0.0,0.0
:cluster_10279761592_11942000229_11942000233_663943274_11,0.0,15.515999999999995,0.0,0.0
:cluster_10279761592_11942000229_11942000233_663943274_12,0.0,23.400000000000002,0.0,0.0
:cluster_10279761592_11942000229_11942000233_663943274_13,0.0,18.972,0.0,0.0
:cluster_10279761592_11942000229_11942000233_663943274_14,0.0,24.948000000000004,0.0,0.0
:cluster_10279761592_11942000229_11942000233_663943274_15,0.0,18.864,0.0,0.0
:cluster_10279761592_11942000229_11942000233_663943274_2,0.0,23.400000000000002,0.0,0.0
:cluster_10279761592_11942000229_11942000233_663943274_3,0.0,18.972,0.0,0.0
:cluster_10279761592_11942000229_11942000233_663943274_4,0.0,34.344,0.0,0.0
:cluster_10279761592_11942000229_11942000233_663943274_5,0.0,100.00800000000002,0.0,0.0
:cluster_10279761592_11942000229_11942000233_663943274_6,0.0,24.948000000000004,0.0,0.0
:cluster_10279761592_11942000229_11942000233_663943274_7,0.0,18.864,0.0,0.0
:cluster_10279761592_11942000229_11942000233_663943274_8,0.0,34.704,0.0,0.0
:cluster_10279761592_11942000229_11942000233_663943274_9,0.0,39.995999999999995,0.0,0.0
:cluster_10279842289_663943533_0,0.0,39.995999999999995,0.0,0.0
:cluster_10279842289_663943533_1,0.0,23.508000000000006,0.0,0.0
:cluster_10279842289_663943533_2,0.0,32.00400000000001,0.0,0.0
:cluster_10279842289_663943533_3,0.0,100.00800000000002,0.0,0.0
:cluster_10279842289_663943533_4,0.0,20.412000000000003,0.0,0.0
:cluster_10279842289_663943533_5,0.0,23.508000000000006,0.0,0.0
:cluster_10279842289_663943533_6,0.0,20.412000000000003,0.0,0.0
:cluster_10281892352_12418196125_12418196126_302478906_0,0.0,39.995999999999995,0.0,0.0
:cluster_10281892352_12418196125_12418196126_302478906_1,0.0,39.995999999999995,0.0,0.0
:cluster_10281892352_12418196125_12418196126_302478906_10,0.0,39.995999999999995,0.0,0.0
:cluster_10281892352_12418196125_12418196126_302478906_12,0.0,20.988,0.0,0.0
:cluster_10281892352_12418196125_12418196126_302478906_13,0.0,25.92000000000001,0.0,0.0
:cluster_10281892352_12418196125_12418196126_302478906_14,0.0,20.988,0.0,0.0
:cluster_10281892352_12418196125_12418196126_302478906_5,0.0,25.92000000000001,0.0,0.0
:cluster_10281892352_12418196125_12418196126_302478906_6,0.0,34.668000000000006,0.0,0.0
:cluster_10281892352_12418196125_12418196126_302478906_7,0.0,59.976,0.0,0.0
:cluster_10281892352_12418196125_12418196126_302478906_8,0.0,36.971999999999994,0.0,0.0
:cluster_10281892353_11073953516_0,0.0,30.924,0.0,0.0
:cluster_10281892353_11073953516_1,0.0,39.995999999999995,0.0,0.0
:cluster_10281892353_11073953516_5,0.0,25.596,0.0,0.0
:cluster_10281892353_11073953516_6,0.0,39.995999999999995,0.0,0.0
:cluster_10281892353_11073953516_8,0.0,23.328000000000003,0.0,0.0
:cluster_10281892353_11073953516_9,0.0,25.848000000000006,0.0,0.0
:cluster_10281958922_663940594_0,0.0,37.332,0.0,0.0
:cluster_10281958922_663940594_1,0.0,50.00400000000001,0.0,0.0
:cluster_10281958922_663940594_10,0.0,28.404000000000003,0.0,0.0
:cluster_10281958922_663940594_11,0.0,24.732,0.0,0.0
:cluster_10281958922_663940594_3,0.0,28.404000000000003,0.0,0.0
:cluster_10281958922_663940594_4,0.0,38.196000000000005,0.0,0.0
:cluster_10281958922_663940594_5,0.0,39.995999999999995,0.0,0.0
:cluster_10281958922_663940594_6,0.0,23.220000000000002,0.0,0.0
:cluster_10281958922_663940594_7,0.0,80.028,0.0,0.0
:cluster_10281958922_663940594_9,0.0,24.732,0.0,0.0
:cluster_10281958925_10281958926_6508834064_6508834065_#1more_0,0.0,55.007999999999996,0.0,0.0
:cluster_10281958925_10281958926_6508834064_6508834065_#1more_1,0.0,60.012000000000015,0.0,0.0
:cluster_10281958925_10281958926_6508834064_6508834065_#1more_10,0.0,54.82799999999999,0.0,0.0
:cluster_10281958925_10281958926_6508834064_6508834065_#1more_11,0.0,79.99199999999999,0.0,0.0
:cluster_10281958925_10281958926_6508834064_6508834065_#1more_12,0.0,32.58,0.0,0.0
:cluster_10281958925_10281958926_6508834064_6508834065_#1more_13,0.0,30.348000000000006,0.0,0.0
:cluster_10281958925_10281958926_6508834064_6508834065_#1more_14,0.0,37.26,0.0,0.0
:cluster_10281958925_10281958926_6508834064_6508834065_#1more_15,0.0,28.440000000000005,0.0,0.0
:cluster_10281958925_10281958926_6508834064_6508834065_#1more_16,0.0,35.459999999999994,0.0,0.0
:cluster_10281958925_10281958926_6508834064_6508834065_#1more_17,0.0,28.907999999999998,0.0,0.0
:cluster_10281958925_10281958926_6508834064_6508834065_#1more_3,0.0,37.26,0.0,0.0
:cluster_10281958925_10281958926_6508834064_6508834065_#1more_4,0.0,28.440000000000005,0.0,0.0
:cluster_10281958925_10281958926_6508834064_6508834065_#1more_5,0.0,38.05200000000001,0.0,0.0
:cluster_10281958925_10281958926_6508834064_6508834065_#1more_6,0.0,60.012000000000015,0.0,0.0
:cluster_10281958925_10281958926_6508834064_6508834065_#1more_8,0.0,35.459999999999994,0.0,0.0
:cluster_10281958925_10281958926_6508834064_6508834065_#1more_9,0.0,28.907999999999998,0.0,0.0
:cluster_10281958932_663804338_0,0.0,60.012000000000015,0.0,0.0
:cluster_10281958932_663804338_10,0.0,23.184,0.0,0.0
:cluster_10281958932_663804338_11,0.0,29.231999999999992,0.0,0.0
:cluster_10281958932_663804338_2,0.0,25.307999999999996,0.0,0.0
:cluster_10281958932_663804338_3,0.0,38.26800000000001,0.0,0.0
:cluster_10281958932_663804338_4,0.0,60.012000000000015,0.0,0.0
:cluster_10281958932_663804338_6,0.0,29.231999999999992,0.0,0.0
:cluster_10281958932_663804338_7,0.0,38.772,0.0,0.0
:cluster_10281958932_663804338_8,0.0,39.995999999999995,0.0,0.0
:cluster_10281958942_302479285_0,0.0,100.00800000000002,0.0,0.0
:cluster_10281958942_302479285_10,0.0,25.235999999999997,0.0,0.0
:cluster_10281958942_302479285_12,0.0,25.128000000000007,0.0,0.0
:cluster_10281958942_302479285_13,0.0,26.639999999999993,0.0,0.0
:cluster_10281958942_302479285_2,0.0,25.128000000000007,0.0,0.0
:cluster_10281958942_302479285_3,0.0,35.42399999999999,0.0,0.0
:cluster_10281958942_302479285_4,0.0,100.00800000000002,0.0,0.0
:cluster_10281958942_302479285_7,0.0,26.639999999999993,0.0,0.0
:cluster_10281958942_302479285_8,0.0,36.216,0.0,0.0
:cluster_10281958942_302479285_9,0.0,70.02,0.0,0.0
:cluster_10281965682_663944134_0,0.0,31.356,0.0,0.0
:cluster_10281965682_663944134_1,0.0,39.995999999999995,0.0,0.0
:cluster_10281965682_663944134_2,0.0,19.404,0.0,0.0
:cluster_10281965682_663944134_3,0.0,30.996,0.0,0.0
:cluster_10281965682_663944134_4,0.0,39.995999999999995,0.0,0.0
:cluster_10281965682_663944134_5,0.0,24.228000000000005,0.0,0.0
:cluster_10281965682_663944134_6,0.0,100.00800000000002,0.0,0.0
:cluster_10281965682_663944134_7,0.0,23.148,0.0,0.0
:cluster_10281965682_663944134_8,0.0,19.404,0.0,0.0
:cluster_10281965682_663944134_9,0.0,23.148,0.0,0.0
:cluster_10281986033_10302557856_10302557859_638354058_0,0.0,28.24200000000001,0.0,0.0
:cluster_10281986033_10302557856_10302557859_638354058_11,0.0,18.467999999999996,0.0,0.0
:cluster_10281986033_10302557856_10302557859_638354058_12,0.0,22.680000000000003,0.0,0.0
:cluster_10281986033_10302557856_10302557859_638354058_2,0.0,39.995999999999995,0.0,0.0
:cluster_10281986033_10302557856_10302557859_638354058_4,0.0,21.960000000000004,0.0,0.0
:cluster_10281986033_10302557856_10302557859_638354058_5,0.0,39.995999999999995,0.0,0.0
:cluster_10281986033_10302557856_10302557859_638354058_7,0.0,27.396000000000008,0.0,0.0
:cluster_10281986033_10302557856_10302557859_638354058_8,0.0,21.528,0.0,0.0
:cluster_10281986033_10302557856_10302557859_638354058_9,0.0,42.822,0.0,0.0
:cluster_10281986038_2133726813_0,0.0,32.36400000000001,0.0,0.0
:cluster_10281986038_2133726813_1,0.0,60.012000000000015,0.0,0.0
:cluster_10281986038_2133726813_10,0.0,50.00400000000001,0.0,0.0
:cluster_10281986038_2133726813_11,0.0,24.912000000000003,0.0,0.0
:cluster_10281986038_2133726813_3,0.0,24.912000000000003,0.0,0.0
:cluster_10281986038_2133726813_4,0.0,50.00400000000001,0.0,0.0
:cluster_10281986038_2133726813_5,0.0,39.995999999999995,0.0,0.0
:cluster_10281986038_2133726813_7,0.0,19.656000000000002,0.0,0.0
:cluster_10281986038_2133726813_8,0.0,60.012000000000015,0.0,0.0
:cluster_10281986050_2281953588_0,0.0,36.86400000000001,0.0,0.0
:cluster_10281986050_2281953588_1,0.0,60.012000000000015,0.0,0.0
:cluster_10281986050_2281953588_10,0.0,22.247999999999998,0.0,0.0
:cluster_10281986050_2281953588_11,0.0,21.132,0.0,0.0
:cluster_10281986050_2281953588_3,0.0,21.132,0.0,0.0
:cluster_10281986050_2281953588_4,0.0,28.547999999999995,0.0,0.0
:cluster_10281986050_2281953588_5,0.0,39.995999999999995,0.0,0.0
:cluster_10281986050_2281953588_7,0.0,29.088,0.0,0.0
:cluster_10281986050_2281953588_8,0.0,60.012000000000015,0.0,0.0
:cluster_10302557860_11168561763_11168561765_2234997207_0,0.0,39.995999999999995,0.0,0.0
:cluster_10302557860_11168561763_11168561765_2234997207_10,0.0,25.199999999999996,0.0,0.0
:cluster_10302557860_11168561763_11168561765_2234997207_11,0.0,39.995999999999995,0.0,0.0
:cluster_10302557860_11168561763_11168561765_2234997207_13,0.0,24.732,0.0,0.0
:cluster_10302557860_11168561763_11168561765_2234997207_14,0.0,22.716,0.0,0.0
:cluster_10302557860_11168561763_11168561765_2234997207_15,0.0,24.732,0.0,0.0
:cluster_10302557860_11168561763_11168561765_2234997207_4,0.0,13.068000000000001,0.0,0.0
:cluster_10302557860_11168561763_11168561765_2234997207_5,0.0,22.716,0.0,0.0
:cluster_10302557860_11168561763_11168561765_2234997207_6,0.0,25.416,0.0,0.0
:cluster_10302557860_11168561763_11168561765_2234997207_7,0.0,14.328,0.0,0.0
:cluster_10302557860_11168561763_11168561765_2234997207_9,0.0,15.336000000000002,0.0,0.0
:cluster_10302573051_302476653_8508704854_9914104086_0,0.0,39.995999999999995,0.0,0.0
:cluster_10302573051_302476653_8508704854_9914104086_10,0.0,39.995999999999995,0.0,0.0
:cluster_10302573051_302476653_8508704854_9914104086_12,0.0,26.208000000000006,0.0,0.0
:cluster_10302573051_302476653_8508704854_9914104086_13,0.0,38.772,0.0,0.0
:cluster_10302573051_302476653_8508704854_9914104086_14,0.0,39.995999999999995,0.0,0.0
:cluster_10302573051_302476653_8508704854_9914104086_15,0.0,26.928000000000004,0.0,0.0
:cluster_10302573051_302476653_8508704854_9914104086_16,0.0,30.743999999999993,0.0,0.0
:cluster_10302573051_302476653_8508704854_9914104086_17,0.0,26.603999999999992,0.0,0.0
:cluster_10302573051_302476653_8508704854_9914104086_18,0.0,26.208000000000006,0.0,0.0
:cluster_10302573051_302476653_8508704854_9914104086_4,0.0,30.743999999999993,0.0,0.0
:cluster_10302573051_302476653_8508704854_9914104086_5,0.0,26.603999999999992,0.0,0.0
:cluster_10302573051_302476653_8508704854_9914104086_6,0.0,47.303999999999995,0.0,0.0
:cluster_10302573051_302476653_8508704854_9914104086_7,0.0,21.816,0.0,0.0
:cluster_10302573051_302476653_8508704854_9914104086_8,0.0,23.868,0.0,0.0
:cluster_10302573051_302476653_8508704854_9914104086_9,0.0,39.995999999999995,0.0,0.0
:cluster_10560867453_663943486_0,0.0,39.995999999999995,0.0,0.0
:cluster_10560867453_663943486_1,0.0,70.02,0.0,0.0
:cluster_10560867453_663943486_2,0.0,39.995999999999995,0.0,0.0
:cluster_10560867453_663943486_3,0.0,21.528,0.0,0.0
:cluster_10560867453_663943486_4,0.0,20.916,0.0,0.0
:cluster_10560867453_663943486_5,0.0,30.024,0.0,0.0
:cluster_10560867453_663943486_6,0.0,30.887999999999998,0.0,0.0
:cluster_10560867453_663943486_7,0.0,30.024,0.0,0.0
:cluster_10901636078_10901636079_0,0.0,25.631999999999998,0.0,0.0
:cluster_10901636078_10901636079_1,0.0,39.995999999999995,0.0,0.0
:cluster_10901636078_10901636079_2,0.0,39.52800000000001,0.0,0.0
:cluster_10901636078_10901636079_3,0.0,22.247999999999998,0.0,0.0
:cluster_10904517713_9914104109_0,0.0,100.00800000000002,0.0,0.0
:cluster_10904517713_9914104109_1,0.0,67.284,0.0,0.0
:cluster_10904517713_9914104109_2,0.0,23.472,0.0,0.0
:cluster_10904517713_9914104109_3,0.0,36.18000000000001,0.0,0.0
:cluster_10904517713_9914104109_4,0.0,39.995999999999995,0.0,0.0
:cluster_10904517713_9914104109_5,0.0,23.184,0.0,0.0
:cluster_10904517713_9914104109_6,0.0,67.284,0.0,0.0
:cluster_10904517713_9914104109_7,0.0,23.472,0.0,0.0
:cluster_10904517713_9914104109_8,0.0,23.184,0.0,0.0
:cluster_11158897098_664472732_0,0.0,39.995999999999995,0.0,0.0
:cluster_11158897098_664472732_10,0.0,22.536,0.0,0.0
:cluster_11158897098_664472732_11,0.0,27.9,0.0,0.0
:cluster_11158897098_664472732_2,0.0,22.536,0.0,0.0
:cluster_11158897098_664472732_3,0.0,39.60000000000001,0.0,0.0
:cluster_11158897098_664472732_4,0.0,100.00800000000002,0.0,0.0
:cluster_11158897098_664472732_6,0.0,27.9,0.0,0.0
:cluster_11158897098_664472732_7,0.0,35.964,0.0,0.0
:cluster_11158897098_664472732_8,0.0,39.995999999999995,0.0,0.0
:cluster_11158897098_664472732_9,0.0,25.884000000000007,0.0,0.0
:cluster_11158897100_11158897101_0,0.0,39.88799999999999,0.0,0.0
:cluster_11158897100_11158897101_1,0.0,39.995999999999995,0.0,0.0
:cluster_11158897100_11158897101_10,0.0,27.9,0.0,0.0
:cluster_11158897100_11158897101_3,0.0,28.187999999999995,0.0,0.0
:cluster_11158897100_11158897101_4,0.0,100.00800000000002,0.0,0.0
:cluster_11158897100_11158897101_6,0.0,20.304,0.0,0.0
:cluster_11158897100_11158897101_7,0.0,27.9,0.0,0.0
:cluster_11158897100_11158897101_8,0.0,28.187999999999995,0.0,0.0
:cluster_11158897100_11158897101_9,0.0,20.304,0.0,0.0
:cluster_1174757464_2141601016_0,0.0,70.02,0.0,0.0
:cluster_1174757464_2141601016_1,0.0,21.960000000000004,0.0,0.0
:cluster_1174757464_2141601016_2,0.0,39.995999999999995,0.0,0.0
:cluster_1174757464_2141601016_3,0.0,14.544,0.0,0.0
:cluster_1174757464_2141601016_4,0.0,39.995999999999995,0.0,0.0
:cluster_1174757464_2141601016_6,0.0,21.960000000000004,0.0,0.0
:cluster_11944729366_664471711_0,0.0,39.995999999999995,0.0,0.0
:cluster_11944729366_664471711_10,0.0,27.720000000000006,0.0,0.0
:cluster_11944729366_664471711_2,0.0,16.776000000000003,0.0,0.0
:cluster_11944729366_664471711_3,0.0,31.247999999999998,0.0,0.0
:cluster_11944729366_664471711_4,0.0,81.612,0.0,0.0
:cluster_11944729366_664471711_5,0.0,100.00800000000002,0.0,0.0
:cluster_11944729366_664471711_7,0.0,27.720000000000006,0.0,0.0
:cluster_11944729366_664471711_8,0.0,16.776000000000003,0.0,0.0
:cluster_11944729366_664471711_9,0.0,31.247999999999998,0.0,0.0
:cluster_1219107950_9914104093_0,0.0,30.059999999999995,0.0,0.0
:cluster_1219107950_9914104093_1,0.0,100.00800000000002,0.0,0.0
:cluster_1219107950_9914104093_2,0.0,20.304,0.0,0.0
:cluster_1219107950_9914104093_3,0.0,39.995999999999995,0.0,0.0
:cluster_1219107950_9914104093_4,0.0,21.384000000000004,0.0,0.0
:cluster_1219107950_9914104093_5,0.0,20.699999999999996,0.0,0.0
:cluster_1219107950_9914104093_6,0.0,20.304,0.0,0.0
:cluster_1219107950_9914104093_7,0.0,21.384000000000004,0.0,0.0
:cluster_1219107950_9914104093_8,0.0,20.699999999999996,0.0,0.0
:cluster_12315835736_664447222_0,0.0,79.99199999999999,0.0,0.0
:cluster_12315835736_664447222_1,0.0,33.40800000000001,0.0,0.0
:cluster_12315835736_664447222_2,0.0,24.912000000000003,0.0,0.0
:cluster_12315835736_664447222_3,0.0,25.38,0.0,0.0
:cluster_12315835736_664447222_4,0.0,39.995999999999995,0.0,0.0
:cluster_12315835736_664447222_5,0.0,22.644000000000002,0.0,0.0
:cluster_12315835736_664447222_6,0.0,33.40800000000001,0.0,0.0
:cluster_12315835736_664447222_7,0.0,24.912000000000003,0.0,0.0
:cluster_12315835736_664447222_8,0.0,22.644000000000002,0.0,0.0
:cluster_13977163696_13977163697_664447214_0,0.0,35.568,0.0,0.0
:cluster_13977163696_13977163697_664447214_1,0.0,34.812000000000005,0.0,0.0
:cluster_13977163696_13977163697_664447214_2,0.0,100.00800000000002,0.0,0.0
:cluster_13977163696_13977163697_664447214_3,0.0,20.124,0.0,0.0
:cluster_2281800874_9490412416_9510709011_9510709012_0,0.0,39.995999999999995,0.0,0.0
:cluster_2281800874_9490412416_9510709011_9510709012_1,0.0,39.995999999999995,0.0,0.0
:cluster_2281800874_9490412416_9510709011_9510709012_10,0.0,39.995999999999995,0.0,0.0
:cluster_2281800874_9490412416_9510709011_9510709012_11,0.0,39.995999999999995,0.0,0.0
:cluster_2281800874_9490412416_9510709011_9510709012_13,0.0,29.124000000000002,0.0,0.0
:cluster_2281800874_9490412416_9510709011_9510709012_14,0.0,25.631999999999998,0.0,0.0
:cluster_2281800874_9490412416_9510709011_9510709012_15,0.0,32.256000000000014,0.0,0.0
:cluster_2281800874_9490412416_9510709011_9510709012_16,0.0,39.995999999999995,0.0,0.0
:cluster_2281800874_9490412416_9510709011_9510709012_18,0.0,36.252,0.0,0.0
:cluster_2281800874_9490412416_9510709011_9510709012_19,0.0,22.428,0.0,0.0
:cluster_2281800874_9490412416_9510709011_9510709012_3,0.0,21.888,0.0,0.0
:cluster_2281800874_9490412416_9510709011_9510709012_4,0.0,23.148,0.0,0.0
:cluster_2281800874_9490412416_9510709011_9510709012_5,0.0,37.476,0.0,0.0
:cluster_2281800874_9490412416_9510709011_9510709012_6,0.0,39.995999999999995,0.0,0.0
:cluster_2281800874_9490412416_9510709011_9510709012_8,0.0,32.040000000000006,0.0,0.0
:cluster_2281800874_9490412416_9510709011_9510709012_9,0.0,23.904,0.0,0.0
:cluster_2283710617_663943279_0,0.0,39.995999999999995,0.0,0.0
:cluster_2283710617_663943279_1,0.0,39.995999999999995,0.0,0.0
:cluster_2283710617_663943279_2,0.0,28.764000000000003,0.0,0.0
:cluster_2283710617_663943279_3,0.0,39.995999999999995,0.0,0.0
:cluster_2283710617_663943279_4,0.0,39.995999999999995,0.0,0.0
:cluster_2283710617_663943279_5,0.0,29.124000000000002,0.0,0.0
:cluster_2283710617_663943279_6,0.0,28.764000000000003,0.0,0.0
:cluster_2283710617_663943279_7,0.0,39.995999999999995,0.0,0.0
:cluster_2283710617_663943279_8,0.1,28.86806033530716,2446.6271074244523,0.028499050031665613
:cluster_5424222009_664446539_0,0.0,100.00800000000002,0.0,0.0
:cluster_5424222009_664446539_1,0.0,23.904,0.0,0.0
:cluster_5424222009_664446539_2,0.0,30.996,0.0,0.0
:cluster_5424222009_664446539_3,0.0,100.00800000000002,0.0,0.0
:cluster_5424222009_664446539_4,0.0,20.052,0.0,0.0
:cluster_5424222009_664446539_5,0.0,23.904,0.0,0.0
:cluster_5424222009_664446539_6,0.0,20.052,0.0,0.0
:cluster_663842376_663944135_0,0.0,100.00800000000002,0.0,0.0
:cluster_663842376_663944135_1,0.0,24.372000000000003,0.0,0.0
:cluster_663842376_663944135_2,0.0,25.631999999999998,0.0,0.0
:cluster_663842376_663944135_3,0.0,35.711999999999996,0.0,0.0
:cluster_663842376_663944135_4,0.0,100.00800000000002,0.0,0.0
:cluster_663842376_663944135_5,0.0,25.56,0.0,0.0
:cluster_663842376_663944135_6,0.0,24.372000000000003,0.0,0.0
:cluster_663842376_663944135_7,0.0,25.631999999999998,0.0,0.0
:cluster_663842376_663944135_8,0.0,25.56,0.0,0.0
